{
    "library": "المكتبة",
    "libPlaylists": "مكتبة قوائم التشغيل",
    "libAlbums": "البومات المكتبة",
    "libArtists": "فنانين المكتبة",
    "items": "عناصر",
    "networkError1": "خطأ في الشبكة!",
    "retry": "حاول مجددا!",
    "home": "الرئيسية",
    "playlists": "قوائم التشغيل",
    "albums": "البومات",
    "artists": "فنانين",
    "settings": "إعدادات",
    "libSongs": "مكتبة الأغاني",
    "communityplaylists": "قوائم تشغيل الاخرين",
    "singles": "منفردة",
    "recentlyPlayed": "استمعت مؤخرا",
    "songs": "أغاني",
    "favorites": "المفضلة",
    "cachedOrOffline": "متاح بدون انترنت",
    "downloads": "التنزيلات",
    "emptyPlaylist": "قائمة فارغة!",
    "featuredplaylists": "قوائم مقترحة",
    "noOfflineSong": "لا يوجد أغاني بدون إنترنت!",
    "enableBottomNavDes": "التبديل إلى أزرار شريط التنقل",
    "homeContentCount": "عدد محتوى القائمة الرئيسية",
    "playlistCreatednsongAddedAlert": "تم إنشاء قائمة التشغيل وإضافة الأغنية!",
    "songAlreadyOfflineAlert": "الأغنية غير متصلة بالإنترنت بالفعل في ذاكرة التخزين المؤقت",
    "sleepTimer": "مؤقت النوم",
    "upNext": "التالي",
    "plain": "عادي",
    "addMultipleSongs": "إضافة الأغاني إلى قائمة التشغيل",
    "renamePlaylist": "إعادة تسمية قائمة التشغيل",
    "videos": "فيديو",
    "enqueueAll": "إدراج الكل",
    "removePlaylist": "إزالة قائمة التشغيل",
    "CreateNewPlaylist": "إنشاء قائمة تشغيل جديدة",
    "createnAdd": "إنشاء وإضافة",
    "noBookmarks": "لا الإشارات المرجعية!",
    "startRadio": "تشغيل الراديو",
    "playNext": "تشغيل التالي",
    "noLibPlaylist": "ليس لديك أي قائمة تشغيل!",
    "enqueueSong": "قم بإدراج هذه الأغنية",
    "themeMode": "وضع السمة",
    "systemDefault": "الافتراضي للنظام",
    "setDiscoverContent": "تعيين اكتشاف المحتوى",
    "discover": "اكتشف",
    "equalizerDes": "فتح المعادل الخاص بالنظام",
    "basedOnLast": "بناء على تفاعلاتك الأخيرة",
    "notaSongVideo": "ليست أغنية /فيديو موسيقي!",
    "linkPipedDes": "رابط مع Piped للقوائم التشغيل",
    "selectAuthIns": "اختر نسخة المصادقة",
    "password": "كلمة المرور",
    "rename": "إعادة تسمية",
    "removeMultiple": "إزالة أغاني متعددة",
    "restoreLastPlaybackSession": "استعادة جلسة التشغيل الأخيرة",
    "clearImgCacheAlert": "تم مسح ذاكرة التخزين المؤقت للصور بنجاح",
    "dynamic": "ديناميكي",
    "results": "النتائج",
    "albumBookmarkRemoveAlert": "تمت إزالة الإشارة المرجعية للألبوم!",
    "reArrangePlaylist": "إعادة ترتيب قوائم التشغيل",
    "cancel": "إلغاء",
    "create": "إنشاء",
    "close": "إغلاق",
    "disableTransitionAnimationDes": "قم بتمكين هذا الخيار لتعطيل الرسوم المتحركة الانتقالية بين الصفحات",
    "openIn": "فتح في",
    "removeFromLib": "إزالة من مكتبة الأغاني",
    "add5Minutes": "إضافة 5 دقائق",
    "cancelTimer": "إلغاء الموقت",
    "deleteDownloadData": "إزالة من التنزيلات",
    "minutes": "دقائق",
    "endOfThisSong": "نهاية هذه الأغنية",
    "dark": "مظلم",
    "light": "مضيء",
    "language": "اللغة",
    "languageDes": "ضبط لغة التطبيق",
    "quickpicks": "اختيارات سريعة",
    "homeContentCountDes": "حدد عدد محتوى الشاشة الرئيسية الأولي (تقريبًا). عدد أقل تحميل أسرع",
    "cacheSongsDes": "سيؤدي تخزين الأغاني مؤقتًا أثناء التشغيل للتشغيل في المستقبل/دون الاتصال بالإنترنت إلى استهلاك مساحة إضافية على جهازك",
    "skipSilence": "تخطي الصمت",
    "skipSilenceDes": "سيتم تخطي الصمت أثناء تشغيل الموسيقى",
    "streamingQuality": "جودة البث",
    "high": "عالي",
    "backgroundPlay": "تشغيل الموسيقى الخلفية",
    "cacheHomeScreenData": "تخزين بيانات محتوى الشاشة الرئيسية مؤقتًا",
    "cacheHomeScreenDataDes": "تمكين التخزين المؤقت لبيانات محتوى الشاشة الرئيسية، سيتم تحميل الشاشة الرئيسية على الفور إذا تم تمكين هذا الخيار",
    "downloadingFormatDes": "حدد تنزيل تنسيق الملف. سوف توفر \"Opus\" أعلى جودة",
    "exportDowloadedFiles": "تصدير الملفات التي تم تنزيلها",
    "exportedFileLocation": "موقع تصدير الملف الذي تم تنزيله",
    "exporting": "جار التصدير...",
    "scanning": "جارٍ المسح...",
    "downFilesFound": "تم العثور على الملفات التي تم تنزيلها",
    "exportMsg": "تم تصدير الملفات بنجاح",
    "equalizer": "المعادل",
    "clearImgCache": "مسح ذاكرة التخزين المؤقت للصور",
    "clearImgCacheDes": "انقر هنا لمسح الصور المصغرة/الصور المخزنة مؤقتًا. (غير مستحسن إلا إذا كنت ترغب في تحديث بيانات الصور المخزنة مؤقتًا)",
    "disabled": "معطل",
    "ignoreBatOpt": "تجاهل تحسين البطارية",
    "enabled": "ممكّن",
    "github": "🎵 مُهدى لشخص مميز 🌟",
"githubDes": "تطبيق RhyThm وُلد من لحظة مشاعر. لو لم تكن قد غضبت، ربما لم يكن هذا الإبداع ليرى النور.\n\nأحيانًا، تؤدي المشاعر غير المتوقعة إلى أشياء جميلة. 💫\n\nشكرًا لكونك الإلهام الصامت وراء هذا. ❤️\n\nإذا أعجبك هذا المشروع، فلا تنسَ أن تعطيه ⭐ على GitHub.",
    "by": "من قبل",
    "searchDes": "الأغاني، قائمة التشغيل، الألبوم، أو الفنان",
    "searchRes": "نتائج البحث",
    "for1": "لأجل",
    "viewAll": "رؤية الكل",
    "nomatch": "لايوجد مطابق",
    "subscribers": "متابعون",
    "synced": "مزامنة",
    "deleteDownloadedDataAlert": "تمت الإزالة من التنزيلات بنجاح!",
    "cancelTimerAlert": "تم إلغاء مؤقت النوم",
    "sleepTimeSetAlert": "تم ضبط مؤقت نوم",
    "songRemovedfromQueueCurrSong": "لا يمكنك إزالة الأغنية التي يتم تشغيلها حاليًا",
    "songRemovedAlert": "تمت الإزالة من",
    "pipedplstSyncAlert": "تمت مزامنة قائمة التشغيل المنقولة!",
    "playlistRenameAlert": "تمت إعادة التسمية بنجاح!",
    "playlistRemovedAlert": "تمت إزالة قائمة التشغيل!",
    "playlistBookmarkAddAlert": "تم وضع إشارة مرجعية لقائمة التشغيل!",
    "playlistBookmarkRemoveAlert": "تمت إزالة الإشارة المرجعية لقائمة التشغيل!",
    "albumBookmarkAddAlert": "تم وضع إشارة مرجعية للألبوم!",
    "lyricsNotAvailable": "كلمات غير متوفرة!",
    "newVersionAvailable": "إصدار جديد متاح!",
    "dontShowInfoAgain": "لا تظهر هذه المعلومات مرة أخرى",
    "notaValidLink": "الرابط ليس صالحا!",
    "operationFailed": "فشلت العملية",
    "Piped": "منقولة",
    "link": "ربط",
    "unLink": "الغاء الربط",
    "hintApiUrl": "عنوان URL لطلب النقل",
    "customIns": "نسخة مخصصة",
    "linkAlert": "تم ربطه بنجاح!",
    "unlinkAlert": "تم إلغاء الربط بنجاح!",
    "stopMusicOnTaskClear": "ايقاف الموسيقى عند مسح تطبيقات التي تعمل بالخلفية",
    "goToAlbum": "انتقل إلى الألبوم",
    "downloadLocation": "موقع التحميل",
    "low": "منخفض",
    "downloadingFormat": "صيغة تحميل الملفات",
    "ignoreBatOptDes": "إذا كنت تواجه مشكلات في الإشعارات أو توقف التشغيل عن طريق تحسين النظام، فيرجى تمكين هذا الخيار",
    "status": "الحالة",
    "radioNotAvailable": "الراديو غير متوفر لهذا الفنان!",
    "songRemovedfromQueue": "تمت إزالتها من قائمة الانتظار!",
    "artistBookmarkRemoveAlert": "تمت إزالة الإشارة المرجعية للفنان!",
    "dismiss": "اهمال",
    "goToDownloadPage": "انقر هنا للذهاب إلى صفحة التحميل",
    "local": "محلي",
    "addToPlaylist": "إضافة إلى قائمة التشغيل",
    "cacheSongs": "أغاني ذاكرة التخزين المؤقت",
    "disableTransitionAnimation": "إيقاف الرسوم المتحركة الانتقالية",
    "exportDowloadedFilesDes": "انقر هنا لتصدير الملف الذي تم تنزيله من دليل التطبيق إلى مكان خارجي",
    "export": "تصدير",
    "backgroundPlayDes": "تمكين/تعطيل تشغيل الموسيقى في الخلفية (يمكن الوصول إلى التطبيق من واجهة النظام عندما يكون التطبيق قيد التشغيل في الخلفية)",
    "search": "بحث",
    "about": "عن",
    "songAddedToPlaylistAlert": "تمت إضافة الأغنية إلى قائمة التشغيل!",
    "songAlreadyExists": "الأغنية موجودة بالفعل!",
    "topmusicvideos": "اشهر مقاطع الفيديو الموسيقية",
    "restoreLastPlaybackSessionDes": "استعادة جلسة التشغيل الأخيرة تلقائيًا عند بدء التطبيق",
    "enableBottomNav": "شريط التنقل السفلي",
    "songEnqueueAlert": "أغنية في قائمة الانتظار!",
    "artistBookmarkAddAlert": "تم وضع إشارة مرجعية للفنان!",
    "syncedLyricsNotAvailable": "كلمات متزامنة غير متوفرة!",
    "artistDesNotAvailable": "الوصف غير متوفر!",
    "selectAuthInsMsg": "الرجاء تحديد نسخة المصادقة!",
    "allFieldsReqMsg": "جميع الحقول مطلوبة",
    "username": "اسم المستخدم",
    "playlistBlacklistAlert": "قائمة التشغيل في القائمة السوداء!",
    "blacklistPlstResetAlert": "تمت إعادة الضبط بنجاح!",
    "resetblacklistedplaylist": "إعادة تعيين قوائم التشغيل المدرجة في القائمة السوداء",
    "resetblacklistedplaylistDes": "إعادة تعيين كافة قوائم التشغيل المدرجة في القائمة السوداء",
    "backupSettingsAndPlaylists": "إعدادات النسخ الاحتياطي وقوائم التشغيل",
    "restoreSettingsAndPlaylists": "استعادة الإعدادات وقوائم التشغيل",
    "restoreSettingsAndPlaylistsDes": "استعادة كافة الإعدادات، وبيانات تسجيل الدخول وقوائم التشغيل من ملف النسخ الاحتياطي. سيتم استبدال جميع البيانات الحالية",
    "errorOccuredAlert": "لقد حدث خطأ ما!",
    "playlistCreatedAlert": "تم إنشاء قائمة التشغيل!",
    "shareSong": "مشاركة هذه الأغنية",
    "trending": "الأكثر رواجا",
    "reset": "إعادة ضبط",
    "viewArtist": "عرض الفنان",
    "removeFromPlaylist": "إزالة من قائمة التشغيل",
    "removeFromQueue": "إزالة من قائمة الانتظار",
    "streamingQualityDes": "جودة بث الموسيقى",
    "customInsSelectMsg": "الرجاء تحديد نسخة مخصصة",
    "stopMusicOnTaskClearDes": "سيتوقف تشغيل الموسيقى عندما يتم اغلاق التطبيق عن طريق مدير المهام",
    "backupSettingsAndPlaylistsDes": "حفظ جميع الإعدادات، وقوائم التشغيل، وبيانات تسجيل الدخول في ملف نسخة احتياطية",
    "backupMsg": "تم حفظ النسخة الاحتياطية بنجاح!",
    "backFilesFound": "تم العثور على قواعد البيانات",
    "restoreMsg": "تمت الاستعادة بنجاح!\n سيتم تطبيق التغييرات عند إعادة التشغيل",
    "restoring": "جار استعادة...",
    "restore": "استعادة",
    "closeApp": "إغلاق التطبيق",
    "standard": "الافتراضي",
    "gesture": "إيماءة",
    "audioCodec": "ترميز الصوت",
    "autoDownFavSongDes": "تحميل الأغاني المفضلة تلقائيًا عند إضافتها إلى قائمة الاغاني المفضلة",
    "loudnessNormalization": "معايرة شدة الصوت",
    "playerUi": "واجهة مشغل الاغاني",
    "songNotPlayable": "الأغنية غير قابلة للتشغيل بسبب قيود النظام!",
    "loudnessDb": "شدة الصوت بالديسيبل",
    "restoreAppData": "استعادة بيانات التطبيق",
    "queueShufflingDeniedMsg": "لا يمكن خلط قائمة الانتظار عند تفعيل وضع التبديل",
    "includeDownloadedFiles": "تضمين ملفات الأغاني المحملة",
    "backupInProgress": "جاري إنشاء النسخة الاحتياطية...",
    "queuerearrangingDeniedMsg": "لا يمكن إعادة ترتيب قائمة الانتظار عند تفعيل وضع التبديل",
    "content": "المحتوى",
    "downloadError3": "فشل التحميل بسبب خطأ في الشبكة! يرجى المحاولة مرة أخرى",
    "personalisation": "تخصيص",
    "playerUiDes": "اختر واجهة للمشغل",
    "music&Playback": "الموسيقى والتشغيل",
    "appInfo": "معلومات التطبيق",
    "networkError": "خطأ في الشبكة! يرجى التأكد من الاتصال بالإنترنت.",
    "download": "تحميل",
    "downloadError2": "الأغنية المطلوبة غير قابلة للتحميل بسبب قيود النظام. يمكنك المحاولة مرة أخرى",
    "letsStrart": "لنبدأ..",
    "processFiles": "جاري معالجة الملفات...",
    "backupAppData": "نسخ احتياطي لبيانات التطبيق",
    "backup": "نسخة احتياطية",
    "playnextMsg": "ألتالي",
    "shuffleQueue": "خلط قائمة الانتظار",
    "queueLoop": "تكرار قائمة الانتظار",
    "queueLoopNotDisMsg1": "لا يمكن ايقاف وضع تكرار قائمة الانتظار عند تفعيل وضع التبديل.",
    "queueLoopNotDisMsg2": "لا يمكن تفعيل وضع تكرار قائمة الانتظار في وضع الراديو.",
    "loudnessNormalizationDes": "تعيين نفس مستوى شدة الصوت لجميع الأغاني (تجريبي) (لن يعمل على الأغاني التي تم تحميلها في النسخ السابقة (< v1.10.0))",
    "enableSlidableAction": "تمكين الإجراءات القابلة للسحب",
    "enableSlidableActionDes": "تمكين الإجراءات القابلة للسحب على لوحة الأغنية",
    "bitrate": "معدّل البتات",
    "androidBackupWarning": "غير مجرب: عند تحديد خانة الاختيار بعد تنزيل أكثر من 60 ملفًا، قد تستهلك العملية كمية كبيرة من الذاكرة وقد تؤدي إلى تعطل الهاتف أو التطبيق. المتابعة على مسؤوليتك الخاصة.",
    "songInfo": "معلومات الأغنية",
    "id": "رقم",
    "title": "عنوان",
    "restartApp": "إعادة تشغيل التطبيق",
    "autoDownFavSong": "تنزيل الأغاني المفضلة تلقائيًا",
    "duration": "مدة",
    "urlSearchDes": "تم العثور على رابط، انقر عليه لفتح/تشغيل المحتوى المرتبط"
}
