{
    "playlistCreatednsongAddedAlert": "Pleylist yaradıldı və mahnı əlavə edildi!",
    "dismiss": "Ləğv et",
    "goToDownloadPage": "Yükləmə səhifəsinə keçmək üçün bura kliklə",
    "songEnqueueAlert": "Mahnı növbəyə qoyuldu!",
    "renamePlaylist": "Səsləndirmə Siyahısın Təkrar Adlandır",
    "songAddedToPlaylistAlert": "Mahnı pleylistə əlavə edildi!",
    "unlinkAlert": "Bağlantı uğurla kəsildi!",
    "playlistCreatedAlert": "Pleylist yaradıldı!",
    "reset": "Sıfırla",
    "unLink": "Bağlantını kəs",
    "trending": "Trenddə Olan",
    "searchRes": "Axtarış nəticələri",
    "cacheSongsDes": "Gələcək/oflayn səsləndirmə üçün səslənərkən mahnıları toplamaq cihazınızda əlavə yer tutacaq",
    "password": "Parol",
    "noLibPlaylist": "Sizin heç bir kitabxana pleylistiniz yoxdur!",
    "setDiscoverContent": "Kəşf edilən məzmunu təyin et",
    "networkError1": "Vay şəbəkə xətası!",
    "songRemovedfromQueue": "Növbədən silindi!",
    "libSongs": "Kitabxana Mahnıları",
    "github": "🎵 Xüsusi birinə həsr olunub 🌟",
"githubDes": "RhyThm tətbiqi bir duyğu anından doğdu. Əgər sən inciməsəydin, bu yaradılış bəlkə də heç vaxt mövcud olmazdı.\n\nBəzən gözlənilməz hisslər ən gözəl şeylərə səbəb olur. 💫\n\nBu layihənin arxasında səssiz ilham olduğun üçün təşəkkürlər. ❤️\n\nBu layihəni bəyənirsinizsə, GitHub-da ⭐ verməyi unutmayın.",
    "communityplaylists": "Cəmiyyət Səsləndirmə Siyahıları",
    "playlistRemovedAlert": "Pleylist silindi!",
    "libAlbums": "Kitabxana Albomları",
    "albumBookmarkRemoveAlert": "Albom əlfəcini silindi!",
    "notaSongVideo": "Mahnı/Musiqi-Videosu Deyil!",
    "ignoreBatOptDes": "Bildiriş problemləri görürsünüzsə və ya sistem optimallaşdırılmasına görə səsləndirmə dayandırılıbsa, xahiş olunur ,bu seçimi aktivləşdirin",
    "for1": "Bunun üçün:",
    "low": "Aşağı",
    "link": "Bağlantı yarat",
    "selectAuthIns": "Təsdiqləyici Server Seç",
    "languageDes": "Tətbiq dili təyin et",
    "stopMusicOnTaskClear": "Tapşırıq silinəndə musiqini dayandır",
    "enqueueAll": "Hamısın növbələşdir",
    "customInsSelectMsg": "Zəhmət olmasa, Fərdi Server Seç",
    "skipSilence": "Səssizliyi Keç",
    "create": "Yarat",
    "equalizer": "Tarazlayıcı",
    "enqueueSong": "Bu mahnını növbəyə qoy",
    "noBookmarks": "Əlfəcinlər yoxdur!",
    "playlists": "Səsləndirmə Siyahıları",
    "videos": "Videolar",
    "enabled": "Aktivləşib",
    "allFieldsReqMsg": "Bütün tələb olunan sahələr",
    "artistBookmarkAddAlert": "Sənətkar əlfəcinləndi!",
    "rename": "Təkrar adlandır",
    "viewAll": "Hamısına bax",
    "github": "GitHub",
    "newVersionAvailable": "Yeni versiya əlçatandır!",
    "items": "elementlər",
    "subscribers": "abunəçilər",
    "startRadio": "📻 Radionu işə sal",
    "discover": "Kəşf et",
    "cacheSongs": "Mahnıları Topla",
    "downloads": "Yükləmələr",
    "removeFromLib": "Kitabxana Mahnılarından Sil",
    "songAlreadyExists": "Mahnı artıq var!",
    "libArtists": "Kitabxana Sənətkarları",
    "downloadingFormat": "Yükləmə Fayl Formatı",
    "username": "İstifadəçi adı",
    "light": "İşıqlı",
    "resetblacklistedplaylist": "Qara siyahıya salınan pleylistləri sıfırla",
    "dynamic": "Dinamik",
    "selectAuthInsMsg": "Zəhmət olmasa, Təsdiqləyici Serveri Seçin!",
    "equalizerDes": "sistem tarazlayıcısın aç",
    "removePlaylist": "Səsləndirmə siyahısın sil",
    "customIns": "Fərdi Server",
    "Piped": "Piped",
    "addToPlaylist": "Səsləndirmə siyahısına əlavə et",
    "stopMusicOnTaskClearDes": "Tətbiq tapşırıq idarəedicidən sürüşdürüldükdə musiqi səslənməsi dayandırılacaq",
    "cachedOrOffline": "Toplanan/Oflayn",
    "retry": "Təkrar cəhd et!",
    "artists": "Sənətkarlar",
    "playlistBookmarkAddAlert": "Pleylist əlfəcinləndi!",
    "albums": "Albomlar",
    "radioNotAvailable": "Radio bu sənətkar üçün əlçatan deyil!",
    "recentlyPlayed": "Yenicə Oynadılıb",
    "viewArtist": "Sənətkara Bax",
    "createnAdd": "Yarat və əlavə et",
    "topmusicvideos": "Qabaqcıl Musiqi Videoları",
    "about": "Haqqında",
    "playlistBookmarkRemoveAlert": "Pleylist əlfəcini silindi!",
    "systemDefault": "Sistem standartı",
    "local": "Yerli",
    "ignoreBatOpt": "Batareya optimallaşdırılmasına məhəl qoyma",
    "singles": "Yeganələr",
    "linkAlert": "Uğurla əlaqə quruldu!",
    "status": "Vəziyyət",
    "themeMode": "Mövzu Rejimi",
    "streamingQualityDes": "Musiqi axın keyfiyyəti",
    "nomatch": "Sorğu üçün uyğunluq tapılmadı",
    "notaValidLink": "İşlək bağlantı deyil!",
    "emptyPlaylist": "Boş səsləndirmə siyahısı!",
    "favorites": "Sevimlilər",
    "dark": "Qaranlıq",
    "home": "Ev",
    "cancel": "Ləğv et",
    "by": "Proqramçı:",
    "streamingQuality": "Yayımlanma keyfiyyəti",
    "linkPipedDes": "Pleylistlər Üçün Pipedlə Əlaqə",
    "libPlaylists": "Kitabxana Səsləndirmə Siyahıları",
    "disabled": "Qeyri-aktivdir",
    "CreateNewPlaylist": "Yeni səsləndirmə siyahısı yarat",
    "blacklistPlstResetAlert": "Uğurla sıfırlandı!",
    "language": "Dil",
    "search": "Axtarış",
    "songAlreadyOfflineAlert": "Mahnı artıq yaddaşda oflayndır",
    "skipSilenceDes": "Musiqi səslənərkən səssizlik keçiləcək",
    "playNext": "Növbətini səsləndir",
    "errorOccuredAlert": "Xəta baş verdi!",
    "songs": "Mahnılar",
    "high": "Yüksək",
    "searchDes": "Mahnılar, Pleylist, Albom və ya Sənətkar",
    "results": "Nəticələr",
    "playlistBlacklistAlert": "Pleylist qara siyahıya salındı!",
    "artistDesNotAvailable": "Təsvir mövcud deyil!",
    "resetblacklistedplaylistDes": "Pipedin qara siyahıya salınan pleylistlərinin hamısın sıfırla",
    "downloadLocation": "Yükləmə Məkanı",
    "songRemovedfromQueueCurrSong": "Hazırda səslənən mahnını silə bilməzsiniz",
    "settings": "Tənzimləmələr",
    "basedOnLast": "Son qarşılıqlı əlaqə əsasında",
    "hintApiUrl": "Piped Serveri Üçün API URL",
    "playlistRenameAlert": "Ad uğurla dəyişdirildi!",
    "downloadingFormatDes": "Yükləmə fayl formatın seç. \"Opus\" ən yaxşı keyfiyyəti təmin edəcək",
    "albumBookmarkAddAlert": "Albom əlfəcinləndi!",
    "removeFromPlaylist": "Səsləndirmə siyahısından sil",
    "lyricsNotAvailable": "Lirika mövcud deyil!",
    "dontShowInfoAgain": "Bu məlumatı təkrar göstərmə",
    "noOfflineSong": "Oflayn mahnılar yoxdur!",
    "featuredplaylists": "Göstərilən Səsləndirmə Siyahıları",
    "quickpicks": "Sürətli Seçimlər",
    "artistBookmarkRemoveAlert": "Sənətkar əlfəcini silindi!",
    "operationFailed": "Əməliyyat uğursuz oldu",
    "goToAlbum": "Alboma keç",
    "removeFromQueue": "Növbədən sil",
    "shareSong": "Bu mahnını paylaş",
    "songRemovedAlert": "-dən² silindi",
    "add5Minutes": "5 dəqiqə əlavə edin",
    "cancelTimer": "Taymeri ləğv edin",
    "endOfThisSong": "Bu mahnının sonunda",
    "sleepTimeSetAlert": "Yuxu taymeriniz qurulub",
    "library": "Kitabxana",
    "minutes": "dəqiqə",
    "sleepTimer": "Yuxu taymeri",
    "cancelTimerAlert": "Yuxu taymeri ləğv edildi"
}
