{
    "playlistCreatednsongAddedAlert": "Създаден плейлист и добавена песен!",
    "dismiss": "Отхвърли",
    "goToDownloadPage": "Натисни тук за да отидете на страницата за изтегляне",
    "songEnqueueAlert": "Песента е в опашката!",
    "renamePlaylist": "Преименувай плейлист",
    "songAddedToPlaylistAlert": "Песента е добавена към плейлист!",
    "unlinkAlert": "Връзката е прекратена успешно!",
    "playlistCreatedAlert": "Създаден плейлист!",
    "reset": "Нулирай",
    "unLink": "Прекрати връзката",
    "trending": "Набиращи популярност",
    "searchRes": "Резултати от търсенето",
    "cacheSongsDes": "Кеширане на песни по време на изпълнение за бъдещо/офлайн възпроизвеждане, това ще отнеме допълнително място на вашето устройство",
    "password": "Парола",
    "noLibPlaylist": "Нямате плейлист в библиотеката!",
    "setDiscoverContent": "Задай съдържание за откриване",
    "networkError1": "Ами сега, грешка в мрежата!",
    "songRemovedfromQueue": "Премахнато от опашката!",
    "libSongs": "Библиотека Песни",
    "github": "🎵 Посветено на специален човек 🌟",
"githubDes": "Приложението RhyThm се роди от един емоционален момент. Ако не беше се ядосал, може би това творение никога нямаше да съществува.\n\nПонякога най-неочакваните емоции водят до най-красивите неща. 💫\n\nБлагодаря ти, че беше тихото вдъхновение зад всичко това. ❤️\n\nАко ви харесва този проект, не забравяйте да дарите ⭐ в GitHub.",
    "communityplaylists": "Плейлисти на Общността",
    "playlistRemovedAlert": "Плейлистът е премахнат!",
    "libAlbums": "Библиотека Албуми",
    "albumBookmarkRemoveAlert": "Отметката за албума е премахната!",
    "notaSongVideo": "Не е Песен/Музикален видеоклип!",
    "ignoreBatOptDes": "Ако имате проблем с известието или възпроизвеждането е спряно от системна оптимизация моля, активирайте тази опция",
    "for1": "за",
    "low": "Ниско",
    "link": "Връзка",
    "selectAuthIns": "Избери инстанция за удостоверяване",
    "languageDes": "Задай език на приложението",
    "stopMusicOnTaskClear": "Спри музиката при изчистване на задачата",
    "enqueueAll": "Добави всички към опашката",
    "customInsSelectMsg": "Моля, изберете потребителска инстанция",
    "skipSilence": "Пропусни тишината",
    "create": "Създай",
    "equalizer": "Еквалайзер",
    "enqueueSong": "Добави към опашката",
    "noBookmarks": "Няма отметки!",
    "playlists": "Плейлисти",
    "videos": "Видеоклипове",
    "enabled": "Активирано",
    "allFieldsReqMsg": "Всички полета са задължителни",
    "artistBookmarkAddAlert": "Изпълнителят е маркиран!",
    "removeFromCache": "Премахване от кеша",
    "rename": "Преименувай",
    "viewAll": "Виж всички",
    "github": "GitHub",
    "newVersionAvailable": "Налична е нова версия!",
    "items": "елементи",
    "subscribers": "абонати",
    "startRadio": "Стартирай радиото",
    "discover": "Открийте",
    "cacheSongs": "Кеш на песни",
    "songAlreadyExists": "Песента вече съществува!",
    "libArtists": "Библиотека Изпълнители",
    "username": "Потребителско име",
    "light": "Светла",
    "resetblacklistedplaylist": "Нулирай плейлисти в черен списък",
    "dynamic": "Динамична",
    "selectAuthInsMsg": "Моля, изберете инстанция за удостоверяване!",
    "equalizerDes": "Отваряне на системния еквалайзер",
    "removePlaylist": "Премахни плейлист",
    "customIns": "Персонализирана инстанция",
    "Piped": "Piped",
    "addToPlaylist": "Добави към плейлист",
    "stopMusicOnTaskClearDes": "Възпроизвеждането на музика ще спре, когато приложението се плъзне от диспечера на задачи",
    "cachedOrOffline": "Кеширано/Офлайн",
    "retry": "Опитайте отново!",
    "artists": "Изпълнители",
    "playlistBookmarkAddAlert": "Плейлистът е маркиран!",
    "albums": "Албуми",
    "radioNotAvailable": "Радиото не е достъпно за този изпълнител!",
    "recentlyPlayed": "Последно изпълнявани",
    "viewArtist": "Преглед на изпълнител",
    "createnAdd": "Създай и добави",
    "topmusicvideos": "Водещи музикални видеоклипове",
    "about": "Относно",
    "playlistBookmarkRemoveAlert": "Отметката за плейлиста е премахната!",
    "systemDefault": "Система по подразбиране",
    "local": "Локално",
    "ignoreBatOpt": "Игнорирай оптимизация на батерията",
    "singles": "Сингли",
    "linkAlert": "Свързан успешно!",
    "status": "Статус",
    "themeMode": "Режим на тема",
    "streamingQualityDes": "Качество на музикалния поток",
    "nomatch": "Няма намерени съвпадения за",
    "notaValidLink": "Невалидна връзка!",
    "emptyPlaylist": "Празен плейлист!",
    "favorites": "Любими",
    "dark": "Тъмна",
    "home": "Начало",
    "cancel": "Отказ",
    "by": "от",
    "streamingQuality": "Качество на потока",
    "linkPipedDes": "Връзка с Piped за плейлисти",
    "libPlaylists": "Библиотека Плейлисти",
    "disabled": "Деактивирано",
    "CreateNewPlaylist": "Създай нов плейлист",
    "blacklistPlstResetAlert": "Нулирането е успешно!",
    "language": "Език",
    "search": "Търсене",
    "skipSilenceDes": "Тишината ще бъде пропусната при възпроизвеждане на музика",
    "playNext": "Изпълни като следваща",
    "errorOccuredAlert": "Възникна някаква грешка!",
    "songs": "Песни",
    "high": "Високо",
    "searchDes": "Песни, Плейлист, Албум или Изпълнител",
    "results": "Резултати",
    "playlistBlacklistAlert": "Плейлиста е в черен списък!",
    "artistDesNotAvailable": "Описанието не е налично!",
    "resetblacklistedplaylistDes": "Нулирай всички piped плейлисти в черен списък",
    "songRemovedfromQueueCurrSong": "Не можете да премахнете изпълняваната в момента песен",
    "settings": "Настройки",
    "basedOnLast": "Въз основа на последното взаимодействие",
    "hintApiUrl": "API URL към Piped инстанция",
    "playlistRenameAlert": "Преименувано успешно!",
    "albumBookmarkAddAlert": "Албумът е маркиран!",
    "removeFromPlaylist": "Премахни от плейлист",
    "lyricsNotAvailable": "Текстовете не са налични!",
    "dontShowInfoAgain": "Не показвай тази информация отново",
    "noOfflineSong": "Няма офлайн песни!",
    "featuredplaylists": "Представени Плейлисти",
    "quickpicks": "Бърз избор",
    "artistBookmarkRemoveAlert": "Отметката за изпълнител е премахната!",
    "operationFailed": "Операцията се провали",
    "goToAlbum": "Отиди на албум",
    "removeFromQueue": "Премахни от опашката",
    "shareSong": "Сподели тази песен",
    "songRemovedAlert": "Премахнато от",
    "downloads": "Изтеглени",
    "removeFromLib": "Премахни песни от библиотеката",
    "downloadingFormat": "Файлов формат при изтегляне",
    "songAlreadyOfflineAlert": "Песента вече е офлайн в кеша",
    "downloadLocation": "Местоположение за изтегляне",
    "downloadingFormatDes": "Избери файлов формат при изтегляне. \"Opus\" ще осигури най-доброто качество",
    "minutes": "минути",
    "endOfThisSong": "Край на тази песен",
    "enableBottomNav": "Долна навигационна лента",
    "enableBottomNavDes": "Превключи към долна навигационна лента",
    "synced": "Синхронизирано",
    "plain": "Обикновен",
    "cancelTimerAlert": "Таймерът за заспиване е отменен",
    "syncedLyricsNotAvailable": "Синхронизираните текстове не са налични!",
    "sleepTimer": "Таймер за заспиване",
    "library": "Библиотека",
    "add5Minutes": "Добави 5 минути",
    "homeContentCount": "Брой начално съдържание",
    "cancelTimer": "Отмени таймера",
    "homeContentCountDes": "Избери броя на първоначално съдържание на началния екран(приблизително). По-малко резултати по-бързо зареждане",
    "sleepTimeSetAlert": "Вашият таймер за заспиване е зададен",
    "deleteDownloadedDataAlert": "Успешно премахване от изтеглени!",
    "clearImgCache": "Изчисти кеша на изображения",
    "backgroundPlay": "Изпълни музика във фонов режим",
    "backgroundPlayDes": "Активирай/Деактивирай изпълнение на музика във фонов режим (Приложението може да бъде достъпно от системната област, когато приложението работи във фонов режим)",
    "reArrangePlaylist": "Пренареди плейлист",
    "removeMultiple": "Премахни няколко песни",
    "addMultipleSongs": "Добави песни към плейлист",
    "upNext": "Следва",
    "deleteDownloadData": "Премахни от изтеглени",
    "restoreLastPlaybackSession": "Възстанови последната сесия на възпроизвеждане",
    "restoreLastPlaybackSessionDes": "Автоматично възстанови последната сесия на възпроизвеждане при стартиране на приложението",
    "cacheHomeScreenData": "Кеш на данни за съдържание на началния екран",
    "cacheHomeScreenDataDes": "Активирай кеширане на данни за съдържание на началния екран, Началният екран ще се зареди незабавно, ако тази опция е разрешена",
    "exportDowloadedFiles": "Изнеси изтеглени файлове",
    "exportedFileLocation": "Местоположение за изнасяне на изтегления файл",
    "export": "Изнеси",
    "exporting": "Изнасяне...",
    "scanning": "Сканиране...",
    "downFilesFound": "намерени изтеглени файлове",
    "close": "Затвори",
    "exportMsg": "Файловете са изнесени успешно",
    "exportDowloadedFilesDes": "Натисни тук, за да изнесете изтегления файл от директорията на приложението във външна директория",
    "clearImgCacheAlert": "Кешът на изображения е изчистен успешно",
    "disableTransitionAnimation": "Деактивирай анимация на прехода",
    "disableTransitionAnimationDes": "Активирай тази опция, за да деактивирате анимация на прехода към раздели",
    "clearImgCacheDes": "Натисни тук, за да изчистите кеширани миниатюри/изображения. (Не се препоръчва, освен ако не искате да обновите данните от кеширани изображения)",
    "pipedplstSyncAlert": "Piped плейлист е синхронизиран!",
    "openIn": "Отвори в",
    "backupSettingsAndPlaylistsDes": "Запазва всички настройки, плейлисти и данни за вход в архивен файл",
    "restoreSettingsAndPlaylistsDes": "Възстановява всички настройки, данни за вход и плейлисти от архивен файл. Презаписва всички текущи данни",
    "backFilesFound": "открита бази данни",
    "restoreMsg": "Успешно възстановено!\nПромените се прилагат при рестартиране",
    "restore": "Възстановяване",
    "closeApp": "Затвори приложението",
    "restoring": "Възстановява се...",
    "backupSettingsAndPlaylists": "Архивиране на настройки и плейлисти",
    "restoreSettingsAndPlaylists": "Възстанови настройки и плейлисти",
    "backupMsg": "Архивирането е успешно запазено!",
    "backupAppData": "Архивирай данни от приложението",
    "backup": "Архивиране",
    "includeDownloadedFiles": "Включи изтеглени файлове с песни",
    "backupInProgress": "Извършва се архивиране...",
    "restoreAppData": "Възстанови данни от приложението",
    "letsStrart": "Да започваме..",
    "processFiles": "Файловете се обработват...",
    "restartApp": "Рестартирай приложението",
    "songInfo": "Информация за песен",
    "id": "Идентификация",
    "bitrate": "Скорост на предаване",
    "title": "Заглавие",
    "duration": "Продължителност",
    "audioCodec": "Аудио кодек",
    "loudnessDb": "Сила на звука dB",
    "songNotPlayable": "Песента не може да се изпълни поради ограничение на сървъра!",
    "music&Playback": "Музика и Възпроизвеждане",
    "queueShufflingDeniedMsg": "Опашката не може да бъде разбъркана, когато режимът на разбъркване е активиран",
    "queuerearrangingDeniedMsg": "Опашката не може да бъде пренаредена, когато режимът на разбъркване е активиран",
    "urlSearchDes": "Открит URL адрес натиснете върху него, за да отворите/изпълните свързано съдържание",
    "androidBackupWarning": "Не е тествано: Маркирането на квадратчето за отметка след изтегляне на повече от 60 файла, процесът може да изразходва голямо количество памет и може да доведе до срив на телефона или приложението. Продължете на свой собствен риск.",
    "appInfo": "Информация за приложението",
    "download": "Изтегляне",
    "downloadError2": "Заявената песен не може да бъде изтеглена поради ограничение на сървъра. Можете да опитате отново",
    "downloadError3": "Неуспешно изтегляне поради грешка в мрежата/потока! Моля, опитайте отново",
    "personalisation": "Персонализиране",
    "loudnessNormalization": "Нормализиране силата на звука",
    "networkError": "Мрежова грешка! Проверете вашата мрежова връзка.",
    "content": "Съдържание",
    "loudnessNormalizationDes": "Задава едно и също ниво на силата на звука за всички песни (Експериментално) (Няма да работи с песни, изтеглени на предишна версия (< v1.10.0))",
    "playerUi": "Интерфейс на плейър",
    "standard": "Стандартен",
    "gesture": "Жестове",
    "playerUiDes": "Избери потребителски интерфейс на плейъра",
    "enableSlidableAction": "Активирай плъзгащи действия",
    "enableSlidableActionDes": "Активирай плъзгащи действия върху плочка на песен",
    "queueLoop": "Повтори опашката",
    "playnextMsg": "Следваща",
    "shuffleQueue": "Разбъркай опашката",
    "queueLoopNotDisMsg1": "Режимът повторение на опашката не може да бъде деактивиран, когато режимът на разбъркване е активиран.",
    "queueLoopNotDisMsg2": "Режимът повторение на опашката не може да бъде активиран в радио режим.",
    "autoDownFavSong": "Автоматично изтегляне на любими песни",
    "autoDownFavSongDes": "Автоматично изтегляне на любими песни, когато бъдат добавени към любими",
    "resetToDefaultMsg": "Нулирането на настройките по подразбиране завърши, Моля, рестартирайте приложението",
    "resetToDefaultDes": "Нулиране на настройките на приложението по подразбиране (изисква се рестартиране)",
    "misc": "Разни",
    "resetToDefault": "Възстанови настройките по подразбиране",
    "autoOpenPlayer": "Автоматично отваряне на екрана на плейъра",
    "autoOpenPlayerDes": "Активиране/деактивиране на автоматичното отваряне на плейъра на цял екран при избор на песен за изпълнение",
    "album": "Албум",
    "playingfromAlbum": "ИЗПЪЛНЕНИЕ ОТ АЛБУМ",
    "playingfromPlaylist": "ИЗПЪЛНЕНИЕ ОТ ПЛЕЙЛИСТ",
    "playingfromSelection": "ИЗПЪЛНЕНИЕ ОТ ИЗБОР",
    "playingfromArtist": "ИЗПЪЛНЕНИЕ ОТ ИЗПЪЛНИТЕЛ",
    "randomSelection": "Случаен избор",
    "randomRadio": "Случайно радио",
    "selectSongs": "Избери песни",
    "reArrangeSongs": "Пренареди песните",
    "selectAll": "Избери всички",
    "exportPlaylist": "Изнасяне на Плейлист",
    "importPlaylistDesc": "Изберете предварително изнесен JSON файл с плейлист, който да внесете",
    "invalidPlaylistFile": "Невалидна файлова структура на плейлиста",
    "fileNotFound": "Файлът не е намерен",
    "exportErrorPermission": "Разрешението е отказано при изнасяне",
    "importingPlaylist": "Внасяне на плейлист...",
    "exportErrorStorage": "Няма достатъчно място за съхранение",
    "exportingPlaylist": "Изнасяне на плейлист...",
    "playlistExportedMsg": "Плейлистът е изнесен успешно в",
    "exportError": "Грешка при изнасянето на плейлист",
    "exportErrorFormat": "Грешка при форматиране на данните от плейлиста",
    "importPlaylist": "Внасяне на Плейлист",
    "selectFile": "Изберете файл",
    "playlistImportedMsg": "Плейлистът е внесен успешно",
    "importError": "Грешка при внасянето на плейлист",
    "importErrorFileAccess": "Неуспешен достъп до избрания файл",
    "importErrorFormat": "Невалиден файлов формат",
    "importErrorDatabase": "Грешка при запазване в базата данни",
    "importLargeFileNote": "Забележка: Внасянето на големи плейлисти може да отнеме повече време"
}
