{
    "songs": "গানগুলো",
    "home": "হোম",
    "playlists": "প্লেলিস্ট",
    "albums": "অ্যালবাম",
    "singles": "সিঙ্গেল সমূহ",
    "library": "লাইব্রেরি",
    "artists": "শিল্পী",
    "settings": "সেটিংস",
    "downloads": "ডাউনলোড সমূহ",
    "album": "অ্যালবাম",
    "favorites": "পছন্দ সমূহ",
    "add5Minutes": "৫ মিনিট যোগ করুন",
    "upNext": "পরবর্তী",
    "items": "জিনিসগুলো",
    "shareSong": "এই গানটি শেয়ার করুন",
    "cancel": "বাতিল",
    "noOfflineSong": "কোনো অফলাইন গান নেই!",
    "playingfromAlbum": "অ্যালবাম হতে বাজানো হচ্ছে",
    "playingfromPlaylist": "প্লেলিস্ট হতে বাজানো হচ্ছে",
    "reArrangeSongs": "গানগুলি পুনরায় সাজান",
    "selectSongs": "গান নির্বাচন করুন",
    "selectAll": "সব নির্বাচন করুন",
    "playNext": "পরবর্তী চালান",
    "addToPlaylist": "প্লেলিস্টে যোগ করুন",
    "noLibPlaylist": "তোমার কোন লিব প্লেলিস্ট নেই!",
    "playingfromSelection": "নির্বাচন থেকে চালানো হচ্ছে",
    "playingfromArtist": "শিল্পীর থেকে চালানো হচ্ছে",
    "randomSelection": "যে কোনো নির্বাচন",
    "randomRadio": "যে কোনো রেডিও",
    "sleepTimer": "ঘুমানোর টাইমার",
    "cancelTimer": "টাইমার বাতিল করো",
    "misc": "বিবিধ",
    "autoDownFavSongDes": "পছন্দের তালিকায় যোগ করা হলে অটোমেটিক্যালি প্রিয় গান ডাউনলোড করুন",
    "content": "কন্টেন্ট",
    "personalisation": "ব্যক্তিগতকরণ",
    "light": "আলো",
    "language": "ভাষা",
    "gesture": "জেসচার",
    "languageDes": "অ্যাপের ভাষা নির্ধারণ করুন",
    "setDiscoverContent": "আবিষ্কারের বিষয়বস্তু নির্ধারণ করুন",
    "quickpicks": "দ্রুত পছন্দ",
    "discover": "আবিষ্কার",
    "basedOnLast": "শেষ ইন্টারঅ্যাকশনের উপর",
    "autoOpenPlayer": "অটো প্লেয়ার স্ক্রিন খুলুন",
    "enableBottomNav": "নিচের নেভিগেশন বার",
    "skipSilenceDes": "মিউজিক প্লেব্যাকে নীরবতা বাদ দেওয়া হবে",
    "loudnessNormalizationDes": "সকল গানের জন্য একই মাত্রার জোর সেট করে (পরীক্ষামূলক) (পূর্ববর্তী সংস্করণে ডাউনলোড করা গানগুলিতে কাজ করবে না (< v১.১০.০))",
    "disableTransitionAnimationDes": "ট্যাব ট্রানজিশন অ্যানিমেশন অক্ষম করতে এই বিকল্পটি সক্ষম করুন",
    "low": "কম",
    "downloadingFormatDes": "ডাউনলোডিং ফাইল ফরম্যাট নির্বাচন করুন। \"Opus\" সেরা মানের প্রদান করবে",
    "exportDowloadedFiles": "ডাউনলোড করা ফাইল রপ্তানি করুন",
    "ignoreBatOpt": "ব্যাটারি অপ্টিমাইজেশন উপেক্ষা করুন",
    "status": "অবস্থা",
    "urlSearchDes": "ইউআরএল সনাক্ত করেছে যে সংশ্লিষ্ট কন্টেন্ট খুলতে/চালাতে এটিতে ক্লিক করুন",
    "viewAll": "সবগুলো দেখুন",
    "nomatch": "কোনো মিল পাওয়া যায়নি -",
    "synced": "সিঙ্ক করা হয়েছে",
    "plain": "সরল",
    "cancelTimerAlert": "ঘুমানোর টাইমার বাতিল করা হয়েছে",
    "sleepTimeSetAlert": "তোমার ঘুমের টাইমার সেট করা আছে",
    "radioNotAvailable": "এই শিল্পীর জন্য রেডিও পাওয়া যাচ্ছে না!",
    "songEnqueueAlert": "গানটি সারিবদ্ধ!",
    "pipedplstSyncAlert": "পাইপড প্লেলিস্ট সিঙ্ক হয়েছে!",
    "notaValidLink": "বৈধ লিঙ্ক নয়!",
    "goToDownloadPage": "ডাউনলোড পৃষ্ঠায় যেতে এখানে ক্লিক করুন",
    "link": "লিংক",
    "selectAuthIns": "প্রমাণীকরণের দৃষ্টান্ত নির্বাচন করুন",
    "username": "আপনার নাম",
    "linkAlert": "সফলভাবে লিঙ্ক করা হয়েছে!",
    "reset": "রিসেট",
    "resetblacklistedplaylist": "কালো তালিকাভুক্ত প্লেলিস্টগুলি পুনরায় সেট",
    "resetblacklistedplaylistDes": "সমস্ত পাইপড কালো তালিকাভুক্ত প্লেলিস্ট রিসেট করুন",
    "blacklistPlstResetAlert": "সফলভাবে রিসেট করা হয়েছে!",
    "stopMusicOnTaskClear": "টাস্ক ক্লিয়ারে সঙ্গীত বন্ধ করুন",
    "backupInProgress": "ব্যাকআপ নেওয়া হচ্ছে..।",
    "restoreAppData": "অ্যাপ ডেটা রিস্টোর করুন",
    "backupMsg": "ব্যাকআপ সফলভাবে সংরক্ষিত হয়েছে!",
    "backFilesFound": "ডাটাবেস পাওয়া গেছে",
    "restoring": "রিস্টোর করা হচ্ছে..।",
    "closeApp": "অ্যাপ বন্ধ করুন",
    "restartApp": "অ্যাপ রিস্টার্ট করুন",
    "skipSilence": "নীরবতা এড়িয়ে যান",
    "libPlaylists": "লাইব্রেরি প্লেলিস্ট",
    "backgroundPlay": "ব্যাকগ্রাউন্ড সংগীত বাজা",
    "reArrangePlaylist": "প্লেলিস্ট পুনরায় সাজান",
    "restoreLastPlaybackSession": "শেষ প্লেব্যাক সেশন পুনরুদ্ধার করুন",
    "topmusicvideos": "সেরা সঙ্গীত ভিডিও",
    "about": "সম্পর্কে",
    "openIn": "খুলুন",
    "themeMode": "থিম মোড",
    "homeContentCount": "হোম কন্টেন্টের সংখ্যা",
    "cacheSongsDes": "ভবিষ্যতের/অফলাইন প্লেব্যাকের জন্য বাজানোর সময় গান ক্যাশ করলে, এটি আপনার ডিভাইসে অতিরিক্ত জায়গা নেবে",
    "streamingQualityDes": "সঙ্গীতের চালানোর কোয়ালিটি",
    "streamingQuality": "স্ট্রিমিং কোয়ালিটি",
    "disableTransitionAnimation": "ট্রানজিশন অ্যানিমেশন অক্ষম করুন",
    "ignoreBatOptDes": "যদি আপনি বিজ্ঞপ্তি সংক্রান্ত সমস্যার সম্মুখীন হন অথবা সিস্টেম অপ্টিমাইজেশনের কারণে প্লেব্যাক বন্ধ হয়ে যায়, তাহলে অনুগ্রহ করে এই বিকল্পটি সক্ষম করুন",
    "searchDes": "গান, প্লেলিস্ট, অ্যালবাম অথবা শিল্পী",
    "for1": "জন্য",
    "searchRes": "অনুসন্ধানের ফলাফল",
    "videos": "ভিডিও",
    "songRemovedAlert": "সরানো হয়েছে",
    "by": "দ্বারা",
    "restoreMsg": "সফলভাবে রিস্টোর করা হয়েছে!\nরিস্টার্ট করার সময় পরিবর্তনগুলি প্রয়োগ করা হয়",
    "songAlreadyOfflineAlert": "গানটি ইতিমধ্যেই ক্যাশে অফলাইনে আছে",
    "loudnessNormalization": "শব্দের স্বাভাবিকীকরণ",
    "playlistRemovedAlert": "প্লেলিস্ট সরানো হয়েছে!",
    "trending": "চলতি জনপ্রিয়",
    "subscribers": "গ্রাহকরা",
    "songRemovedfromQueueCurrSong": "বর্তমানে চলমান গানটি আপনি সরাতে পারবেন না",
    "playlistCreatednsongAddedAlert": "প্লেলিস্ট তৈরি এবং গান যোগ করা হয়েছে!",
    "errorOccuredAlert": "কিছু ত্রুটি ঘটেছে!",
    "communityplaylists": "সম্প্রদায়ের প্লেলিস্ট",
    "playlistBookmarkRemoveAlert": "প্লেলিস্ট বুকমার্ক সরানো হয়েছে!",
    "removeFromPlaylist": "প্লেলিস্ট থেকে সরান",
    "addMultipleSongs": "প্লেলিস্টে গান যোগ করুন",
    "homeContentCountDes": "প্রাথমিক হোমস্ক্রিন-কন্টেন্টের সংখ্যা (প্রায়) নির্বাচন করুন। কম ফলাফল দ্রুত লোড হচ্ছে",
    "backupSettingsAndPlaylistsDes": "একটি ব্যাকআপ ফাইলে সমস্ত সেটিংস, প্লেলিস্ট এবং লগইন ডেটা সংরক্ষণ করে",
    "export": "রপ্তানি",
    "exporting": "রপ্তানি করা হচ্ছে..।",
    "songInfo": "গানের তথ্য",
    "backup": "ব্যাকআপ",
    "letsStrart": "শুরু করা যাক.।",
    "queuerearrangingDeniedMsg": "শাফেল মোড চালু থাকলে সারি পুনর্বিন্যাস করা যাবে না",
    "songNotPlayable": "সার্ভারের সীমাবদ্ধতার কারণে গানটি চালানো যাচ্ছে না!",
    "download": "ডাউনলোড",
    "networkError": "নেটওয়ার্ক ত্রুটি! আপনার নেটওয়ার্ক সংযোগ পরীক্ষা করুন।",
    "appInfo": "অ্যাপ তথ্য",
    "music&Playback": "সঙ্গীত ও প্লেব্যাক",
    "playerUiDes": "প্লেয়ার ইউজার ইন্টারফেস নির্বাচন করুন",
    "standard": "মানক",
    "playerUi": "প্লেয়ার ইউআই",
    "autoDownFavSong": "পছন্দের গান অটো ডাউনলোড করুন",
    "exportPlaylist": "প্লেলিস্ট রপ্তানি করুন",
    "exportingPlaylist": "প্লেলিস্ট রপ্তানি করা হচ্ছে..।",
    "exportError": "প্লেলিস্ট রপ্তানি করার সময় ত্রুটি",
    "exportErrorPermission": "রপ্তানি করার সময় অনুমতি অস্বীকার করা হয়েছে",
    "exportErrorStorage": "পর্যাপ্ত স্টোরেজ স্পেস নেই",
    "exportErrorFormat": "প্লেলিস্ট ডেটা ফর্ম্যাট করার সময় ত্রুটি",
    "importPlaylist": "প্লেলিস্ট আমদানি করুন",
    "importingPlaylist": "প্লেলিস্ট আমদানি করা হচ্ছে..।",
    "selectFile": "ফাইল নির্বাচন করুন",
    "playlistImportedMsg": "প্লেলিস্ট সফলভাবে আমদানি করা হয়েছে",
    "importError": "প্লেলিস্ট আমদানিতে ত্রুটি",
    "importErrorFileAccess": "নির্বাচিত ফাইলটি অ্যাক্সেস করা যায়নি",
    "invalidPlaylistFile": "অবৈধ প্লেলিস্ট ফাইল গঠন",
    "importErrorDatabase": "ডাটাবেসে সংরক্ষণে ত্রুটি",
    "fileNotFound": "ফাইলটি পাওয়া যায়নি",
    "dark": "অন্ধকার",
    "downloadLocation": "ডাউনলোডের অবস্থান",
    "high": "উচ্চ",
    "removeFromLib": "লাইব্রেরির গান থেকে সরান",
    "deleteDownloadData": "ডাউনলোড থেকে সরান",
    "minutes": "মিনিট",
    "enabled": "সক্ষম করা হয়েছে",
    "songRemovedfromQueue": "সারি থেকে সরানো হয়েছে!",
    "songAlreadyExists": "গানটি ইতিমধ্যেই আছে!",
    "bitrate": "বিটরেট",
    "systemDefault": "সিস্টেম ডিফল্ট",
    "enqueueAll": "সবগুলো সারিবদ্ধ",
    "recentlyPlayed": "সম্প্রতি চালানো",
    "close": "বন্ধ",
    "duration": "সময়কাল",
    "unlinkAlert": "সফলভাবে লিঙ্কমুক্ত করা হয়েছে!",
    "create": "তৈরি করুন",
    "removePlaylist": "প্লেলিস্ট সরান",
    "networkError1": "ওহো নেটওয়ার্ক ত্রুটি!",
    "title": "শিরোনাম",
    "enableBottomNavDes": "নিচের নেভিগেশন বারে স্যুইচ করুন",
    "playlistRenameAlert": "সফলভাবে নাম পরিবর্তন করা হয়েছে!",
    "playlistBookmarkAddAlert": "প্লেলিস্ট বুকমার্ক করা হয়েছে!",
    "renamePlaylist": "প্লেলিস্টের নাম পরিবর্তন",
    "noBookmarks": "কোন বুকমার্ক নেই!",
    "lyricsNotAvailable": "লিরিক্স পাওয়া যাচ্ছে না!",
    "restore": "রিস্টোর",
    "audioCodec": "অডিও কোডেক",
    "github": "গিটহাব",
    "backupAppData": "অ্যাপ ডেটা ব্যাকআপ করুন",
    "rename": "পুনঃনামকরণ",
    "queueShufflingDeniedMsg": "শাফেল মোড চালু থাকলে সারি বদলানো যাবে না",
    "dynamic": "পরিবর্তনশীল",
    "exportMsg": "ফাইলগুলি সফলভাবে রপ্তানি করা হয়েছে",
    "clearImgCacheAlert": "ছবির ক্যাশে সফলভাবে সাফ করা হয়েছে",
    "scanning": "স্ক্যান করা হচ্ছে..।",
    "githubDes": "গিটহাব সোর্স কোড দেখুন \nযদি আপনি এই প্রকল্পটি পছন্দ করেন, তাহলে ⭐ দিতে ভুলবেন না",
    "resetToDefaultDes": "অ্যাপ সেটিংস ডিফল্টে রিসেট করুন (পুনরায় চালু করতে হবে)",
    "id": "আইডি",
    "resetToDefaultMsg": "সেটিংস ডিফল্টে রিসেট করা সম্পন্ন হয়েছে, অনুগ্রহ করে অ্যাপটি পুনরায় চালু করুন",
    "loudnessDb": "জোরে",
    "songAddedToPlaylistAlert": "গানটি প্লেলিস্টে যোগ করা হয়েছে!",
    "newVersionAvailable": "নতুন সংস্করণ উপলব্ধ!",
    "operationFailed": "অপারেশন ব্যর্থ হয়েছে",
    "unLink": "লিঙ্কমুক্ত",
    "hintApiUrl": "পাইপড ইনস্ট্যান্সের API URL",
    "Piped": "পাইপড",
    "albumBookmarkAddAlert": "অ্যালবাম বুকমার্ক করা হয়েছে!",
    "linkPipedDes": "প্লেলিস্টের জন্য পাইপডের সাথে লিঙ্ক করুন",
    "password": "পাসওয়ার্ড",
    "clearImgCache": "ছবির ক্যাশে সাফ করুন",
    "playlistCreatedAlert": "প্লেলিস্ট তৈরি হয়েছে!",
    "cachedOrOffline": "ক্যাশে/অফলাইন",
    "emptyPlaylist": "খালি প্লেলিস্ট!",
    "search": "অনুসন্ধান",
    "playlistBlacklistAlert": "প্লেলিস্ট কালো তালিকাভুক্ত!",
    "downFilesFound": "ডাউনলোড করা ফাইল পাওয়া গেছে",
    "featuredplaylists": "বৈশিষ্ট্যযুক্ত প্লেলিস্ট",
    "endOfThisSong": "এই গানের শেষ",
    "equalizerDes": "সিস্টেম ইকুয়ালাইজার খুলুন",
    "equalizer": "ইকুয়ালাইজার",
    "restoreSettingsAndPlaylistsDes": "ব্যাকআপ ফাইল থেকে সমস্ত সেটিংস, লগইন ডেটা এবং প্লেলিস্ট রিস্টোর করে। সমস্ত বর্তমান ডেটা ওভাররাইট করে",
    "libAlbums": "লাইব্রেরি অ্যালবাম",
    "libArtists": "লাইব্রেরি শিল্পী",
    "retry": "আবার চেষ্টা করুন!",
    "CreateNewPlaylist": "নতুন প্লেলিস্ট তৈরি করুন",
    "libSongs": "লাইব্রেরির গানগুলো",
    "removeMultiple": "একাধিক গান সরান",
    "enqueueSong": "এই গানটি সারিবদ্ধ করুন",
    "goToAlbum": "অ্যালবামে যান",
    "viewArtist": "শিল্পী দেখুন",
    "createnAdd": "তৈরি এবং যোগ করুন",
    "startRadio": "রেডিও শুরু করুন",
    "removeFromQueue": "সারি থেকে সরান",
    "resetToDefault": "ডিফল্ট সেটিংস পুনরুদ্ধার করুন",
    "results": "ফলাফল",
    "cacheSongs": "ক্যাশে গান",
    "exportedFileLocation": "ডাউনলোড করা ফাইল এক্সপোর্টের অবস্থান",
    "clearImgCacheDes": "ক্যাশেড থাম্বনেইল/ছবি মুছে ফেলার জন্য এখানে ক্লিক করুন। (ক্যাশেড ছবির ডেটা রিফ্রেশ না করা পর্যন্ত সুপারিশ করা হয় না)",
    "disabled": "অক্ষম করা হয়েছে",
    "shuffleQueue": "সারি মেশান",
    "queueLoop": "সারিবদ্ধ লুপ",
    "queueLoopNotDisMsg1": "শাফেল মোড সক্রিয় থাকলে কিউ লুপ মোড অক্ষম করা যাবে না।",
    "playnextMsg": "আসছে",
    "queueLoopNotDisMsg2": "রেডিও মোডে কিউ লুপ মোড চালু করা যাবে না।",
    "enableSlidableAction": "স্লাইডযোগ্য ক্রিয়াগুলি সক্ষম করুন",
    "downloadingFormat": "ফাইল ফর্ম্যাট ডাউনলোড করা হচ্ছে",
    "deleteDownloadedDataAlert": "ডাউনলোড থেকে সফলভাবে সরানো হয়েছে!",
    "artistBookmarkAddAlert": "শিল্পী বুকমার্ক করা হয়েছে!",
    "albumBookmarkRemoveAlert": "অ্যালবাম বুকমার্ক সরানো হয়েছে!",
    "syncedLyricsNotAvailable": "সিঙ্ক করা লিরিক্স পাওয়া যাচ্ছে না!",
    "artistBookmarkRemoveAlert": "শিল্পীর বুকমার্ক সরানো হয়েছে!",
    "artistDesNotAvailable": "বর্ণনা পাওয়া যাচ্ছে না!",
    "notaSongVideo": "গান/সঙ্গীত-ভিডিও নয়!",
    "customIns": "কাস্টম ইনস্ট্যান্স",
    "selectAuthInsMsg": "অনুগ্রহ করে প্রমাণীকরণের উদাহরণ নির্বাচন করুন!",
    "customInsSelectMsg": "কাস্টম ইনস্ট্যান্স নির্বাচন করুন",
    "allFieldsReqMsg": "সকল ক্ষেত্র প্রয়োজন",
    "processFiles": "ফাইলগুলি প্রক্রিয়া করা হচ্ছে..।",
    "exportDowloadedFilesDes": "inApp dir থেকে বাহ্যিক dir-এ ডাউনলোড করা ফাইল রপ্তানি করতে এখানে ক্লিক করুন",
    "enableSlidableActionDes": "গানের টাইলে স্লাইডযোগ্য অ্যাকশন সক্ষম করুন",
    "downloadError2": "সার্ভারের সীমাবদ্ধতার কারণে অনুরোধ করা গানটি ডাউনলোড করা যাচ্ছে না। আপনি আবার চেষ্টা করতে পারেন",
    "restoreLastPlaybackSessionDes": "অ্যাপ শুরু হওয়ার সাথে সাথে শেষ প্লেব্যাক সেশনটি অটোমেটিক্যালি পুনরুদ্ধার করুন",
    "cacheHomeScreenData": "হোম স্ক্রিনের কন্টেন্ট ডেটা ক্যাশে করুন",
    "backgroundPlayDes": "ব্যাকগ্রাউন্ডে সঙ্গীত বাজানো সক্ষম/অক্ষম করুন (অ্যাপটি ব্যাকগ্রাউন্ডে চলাকালীন সিস্টেম ট্রে থেকে অ্যাক্সেস করা যেতে পারে)",
    "downloadError3": "নেটওয়ার্ক/স্ট্রিম ত্রুটির কারণে ডাউনলোড করা যায়নি! অনুগ্রহ করে আবার চেষ্টা করুন",
    "autoOpenPlayerDes": "বাজানোর জন্য গান নির্বাচনের সময় প্লেয়ারের পূর্ণ স্ক্রিন স্বয়ংক্রিয়ভাবে খোলা সক্ষম/অক্ষম করুন",
    "cacheHomeScreenDataDes": "হোম স্ক্রিন কন্টেন্ট ডেটা ক্যাশিং সক্ষম করুন, এই বিকল্পটি সক্ষম থাকলে হোম স্ক্রিন তাৎক্ষণিকভাবে লোড হবে",
    "dismiss": "খারিজ করুন",
    "local": "স্থানীয়",
    "dontShowInfoAgain": "এই তথ্য আর দেখাবেন না",
    "androidBackupWarning": "পরীক্ষিত নয়: ৬০টির বেশি ফাইল ডাউনলোড করার পরে চেকবক্সটি নির্বাচন করলে, প্রক্রিয়াটি প্রচুর পরিমাণে মেমরি খরচ করতে পারে এবং ফোন বা অ্যাপটি ক্র্যাশ করতে পারে। আপনার নিজের ঝুঁকিতে এগিয়ে যান।",
    "stopMusicOnTaskClearDes": "টাস্ক ম্যানেজার থেকে অ্যাপটি সোয়াইপ করলে মিউজিক প্লেব্যাক বন্ধ হয়ে যাবে",
    "includeDownloadedFiles": "ডাউনলোড করা গানের ফাইল অন্তর্ভুক্ত করুন",
    "importLargeFileNote": "দ্রষ্টব্য: বড় প্লেলিস্টগুলি আমদানি করতে বেশি সময় লাগতে পারে",
    "importErrorFormat": "অবৈধ ফাইল ফর্ম্যাট",
    "playlistExportedMsg": "প্লেলিস্ট সফলভাবে রপ্তানি করা হয়েছে",
    "importPlaylistDesc": "আমদানি করার জন্য পূর্বে রপ্তানি করা একটি প্লেলিস্ট JSON ফাইল নির্বাচন করুন"
}
