{
    "libPlaylists": "Col · lecció de llistes de reproducció",
    "libArtists": "Biblioteca d'Artistes",
    "communityplaylists": "Llistes de reproducció de la comunitat",
    "featuredplaylists": "Llistes de Reproducció Destacades",
    "recentlyPlayed": "Reproduït Fa Poc",
    "favorites": "Preferits",
    "downloads": "Baixades",
    "removeMultiple": "Esborrar diverses cançons",
    "cancel": "Cancel·lar",
    "create": "Crear",
    "playNext": "Següent",
    "addToPlaylist": "Afegir a la llista de reproducció",
    "removeFromPlaylist": "Esborrar de la llista de reproducció",
    "removeFromLib": "Esborrar del catàleg de cançons",
    "deleteDownloadData": "Esborrar de les baixades",
    "deleteDownloadedDataAlert": "Esborrada de les baixades!",
    "downloadingFormatDes": "Tria el format de les baixades. \"Opus\" té la millor qualitat",
    "exportDowloadedFilesDes": "Prem aqui per exportar els arxius baixats de la carpeta de l'aplicació a una carpeta externa",
    "downloadLocation": "Ubicació de les baixades",
    "exportDowloadedFiles": "Exporta arxius baixats",
    "downloadingFormat": "Format de les baixades",
    "home": "Inici",
    "songs": "Cançons",
    "playlists": "Llistes de reproducció",
    "albums": "Àlbums",
    "artists": "Artistes",
    "settings": "Configuració",
    "libAlbums": "Biblioteca d'Àlbums",
    "singles": "Senzills",
    "library": "Col·lecció",
    "libSongs": "Col·lecció de cançons",
    "items": "elements",
    "retry": "Reintenta!",
    "noOfflineSong": "No hi ha cançons sense connexió!",
    "networkError1": "Ui, error de xarxa!",
    "cachedOrOffline": "A la memòria cau/Fora de línia",
    "emptyPlaylist": "Llista de reproducció buida!",
    "enqueueAll": "Posar tots en cua",
    "renamePlaylist": "Reanomenar la llista de reproducció",
    "removePlaylist": "Esborrar la llista de reproducció",
    "CreateNewPlaylist": "Crear una nova llista de reproducció",
    "reArrangePlaylist": "Reorganizar la llista de reproducció",
    "addMultipleSongs": "Afegir cançons a la llista de reproducció",
    "rename": "Reanomenar",
    "createnAdd": "Crear i afegir",
    "noBookmarks": "Cap preferit!",
    "startRadio": "Engegar la ràdio",
    "noLibPlaylist": "No tens cap col·lecció de llistes de reproducció!",
    "enqueueSong": "Afegir a la cua",
    "goToAlbum": "Ves a l'àlbum",
    "viewArtist": "Veure l'artista",
    "openIn": "Obrir a",
    "shareSong": "Compartir aquesta cançó",
    "removeFromQueue": "Esborrar de la cua",
    "upNext": "Tot seguit",
    "sleepTimer": "Temporitzador",
    "add5Minutes": "Afegir 5 minuts",
    "cancelTimer": "Cancel·lar temporitzador",
    "exportedFileLocation": "Ubicació dels arxius baixats",
    "downFilesFound": "s'han trobat arxius baixats",
    "minutes": "minuts",
    "endOfThisSong": "Fi d'aquesta cançó",
    "themeMode": "Mode Tema",
    "dynamic": "Dinàmic",
    "systemDefault": "Predeterminat del sistema",
    "dark": "Fosc",
    "light": "Clar",
    "language": "Idioma",
    "languageDes": "Configurar l'idioma de l'aplicació",
    "setDiscoverContent": "Descobrir contingut",
    "quickpicks": "Tria ràpida",
    "trending": "Tendència",
    "topmusicvideos": "Millors Vídeos Musicals",
    "enableBottomNav": "Barra de navegació a baix",
    "enableBottomNavDes": "Canviar la barra de navegació a baix",
    "cacheSongs": "Cançons a la memòria cau",
    "cacheSongsDes": "Desa les cançons a la memòria cau per reproduïr més endavant/fora de línia, farà servir espai addicional al dispositiu",
    "skipSilence": "Saltar silenci",
    "skipSilenceDes": "Saltarà el silenci a la reproducció de música",
    "streamingQuality": "Qualitat de la transmissió",
    "disableTransitionAnimation": "Deshabilita l'animació de transició",
    "high": "Alt",
    "low": "Baix",
    "backgroundPlay": "Reproduïr música en segon pla",
    "backgroundPlayDes": "Activa/Desactiva la reproducció de música en segon pla (Es pot obrir l'aplicació des de la safata del sistema quan està executant-se en segon pla)",
    "cacheHomeScreenData": "Desa el contingut de la pantalla inicial a la memòria cau",
    "export": "Exportar",
    "exporting": "Exportant...",
    "scanning": "Escanejant...",
    "close": "Tancar",
    "equalizerDes": "Obrir l'equalitzador del sistema",
    "clearImgCache": "Esborrar les imatges de la memòria cau",
    "clearImgCacheAlert": "Memòria cau d'imatges esborrada correctament",
    "ignoreBatOpt": "Ignorar optimització de bateria",
    "status": "Estat",
    "enabled": "Activat",
    "github": "🎵 Dedicat a algú especial 🌟",
"githubDes": "L'aplicació RhyThm va néixer d'un moment ple d'emoció. Si no t'haguessis enfadat, potser aquesta creació mai no hauria existit.\n\nDe vegades, les emocions més inesperades creen les coses més boniques. 💫\n\nGràcies per ser la inspiració silenciosa darrere de tot això. ❤️\n\nSi t'agrada aquest projecte, no oblidis donar-li una ⭐ a GitHub.",
    "by": "per",
    "searchDes": "Cançons,Llista de reproducció,Àlbum o Artista",
    "searchRes": "Resultats de la cerca",
    "videos": "Vídeos",
    "viewAll": "Veure tot",
    "nomatch": "No hi han coincidències per",
    "subscribers": "subscriptors",
    "for1": "per a",
    "synced": "Sincronitzat",
    "newVersionAvailable": "Nova versió disponible!",
    "dontShowInfoAgain": "No mostrar més aquesta informació",
    "dismiss": "Descartar",
    "notaSongVideo": "No és cap cançó/vídeo musical!",
    "notaValidLink": "Enllaç invàlid!",
    "local": "Local",
    "unLink": "Desenllaçar",
    "link": "Enllaçar",
    "hintApiUrl": "API URL a la instància Piped",
    "stopMusicOnTaskClear": "Aturar la música quan s'elimina de la llista de tasques",
    "stopMusicOnTaskClearDes": "La reproducció s'aturarà quan s'elimini la App de la llista de tasques",
    "discover": "Descobrir",
    "homeContentCount": "Recompte de contingut a l'inici",
    "streamingQualityDes": "Qualitat de la transmissió de la música",
    "restoreLastPlaybackSessionDes": "Restaurar automàticament la darrera sessió de reproducció en iniciar la App",
    "homeContentCountDes": "Selecciona el nombre de continguts a la pàgina d'inici (aprox.). Menys resultats carrega més ràpid",
    "basedOnLast": "Basat en la darrera interacció",
    "restoreLastPlaybackSession": "Restaura la darrera sessió de reproducció",
    "disableTransitionAnimationDes": "Activa aquesta opció per deshabilitar l'animació de canvi de pestanya",
    "cacheHomeScreenDataDes": "Activa desar a la memòria cau el contingut de la pantalla inicial, carregarà instantàniament en activar aquesta opció",
    "exportMsg": "Arxius exportats correctament",
    "clearImgCacheDes": "Prem aquí per esborrar les miniatures/imatges de la memòria cau. (No recomanat a no ser que vulguis refrescar les imatges de la memòria cau)",
    "equalizer": "Equalitzador",
    "ignoreBatOptDes": "Si trobes problemes o s'atura la reproducció per optimització del sistema, si us plau habilita aquesta opció",
    "disabled": "Desactivat",
    "github": "GitHub",
    "search": "Cercar",
    "results": "Resultats",
    "playlistRemovedAlert": "Llista de reproducció esborrada!",
    "errorOccuredAlert": "Hi ha hagut un error!",
    "pipedplstSyncAlert": "Llista de reproducció de Piped sincronitzada!",
    "lyricsNotAvailable": "Lletres no disponibles!",
    "plain": "Pla",
    "about": "Quant a",
    "cancelTimerAlert": "S'ha cancel·lat el temporitzador per dormir",
    "radioNotAvailable": "Ràdio no disponible per aquest artista!",
    "sleepTimeSetAlert": "S'ha activat el temporitzador per dormir",
    "songRemovedfromQueue": "Esborrada de la cua!",
    "songRemovedfromQueueCurrSong": "No pots esborrar la cançó que s'està reproduïnt",
    "songAddedToPlaylistAlert": "Cançó afegida a la llista de reproducció!",
    "songAlreadyExists": "Aquesta cançó ja existeix!",
    "songAlreadyOfflineAlert": "Aquesta canço ja és a la memòria cau fora de línia",
    "songEnqueueAlert": "Cançó afegida a la cua!",
    "songRemovedAlert": "Esborrada de",
    "playlistBookmarkRemoveAlert": "Llista de reproducció preferida desmarcada!",
    "playlistCreatedAlert": "Llista de reproducció creada!",
    "playlistCreatednsongAddedAlert": "Llista de reproducció creada i canço afegida!",
    "playlistBookmarkAddAlert": "Llista de reproducció marcada com preferida!",
    "playlistRenameAlert": "Reanomenat correctament!",
    "artistBookmarkRemoveAlert": "Artista favorit desmarcat!",
    "artistBookmarkAddAlert": "Artista marcat preferit!",
    "syncedLyricsNotAvailable": "Lletres sincronitzades no disponibles!",
    "artistDesNotAvailable": "Descripció no disponible!",
    "Piped": "Piped",
    "operationFailed": "Ha fallat l'operació",
    "goToDownloadPage": "Prem aquí per anar a la pàgina de baixada",
    "selectAuthInsMsg": "Si us plau tria la instància d'autenticació!",
    "customIns": "Instància personalitzada",
    "allFieldsReqMsg": "Tots els camps són obligatoris",
    "linkPipedDes": "Enllaç de llistes de reproducció de Piped",
    "selectAuthIns": "Tria instància Auth",
    "password": "Contrasenya",
    "reset": "Restablir",
    "username": "Usuari",
    "linkAlert": "Enllaçat correctament!",
    "blacklistPlstResetAlert": "Restablert correctament!",
    "unlinkAlert": "Desenllaçat correctament!",
    "playlistBlacklistAlert": "Llista de reproducció afegida a la llista negra!",
    "customInsSelectMsg": "Si us plau tria una instància personalitzada",
    "resetblacklistedplaylist": "Restablir les llistes de reproducció de la llista negra",
    "resetblacklistedplaylistDes": "Restablir totes les llistes de reproducció a la llista negra de Piped",
    "albumBookmarkRemoveAlert": "Àlbum preferit desmarcat!",
    "albumBookmarkAddAlert": "Àlbum preferit marcat!",
    "backupSettingsAndPlaylists": "Configurar còpia de seguretat i llistes de reproducció",
    "backupSettingsAndPlaylistsDes": "Desa tota la configuració, llistes de reproducció i credencials de sessió en un arxiu de còpia de seguretat",
    "restoreSettingsAndPlaylists": "Restaura configuració i llistes de reproducció",
    "restoreSettingsAndPlaylistsDes": "Restaura tota la configuració, credencials de sessió i llistes de reproducció des d'un arxiu de còpia de seguretat. Sobre-escriu les dades actuals",
    "backFilesFound": "bases de dades trobades",
    "restoreMsg": "Restaurada correctament!\nEls canvis s'aplicaran en reiniciar",
    "restoring": "S'està restaurant...",
    "backupMsg": "Còpia de seguretat desada correctament!",
    "restore": "Restaurar",
    "closeApp": "Tancar l'aplicació",
    "music&Playback": "Música i reproducció",
    "id": "Identificador",
    "bitrate": "Taxa de bits",
    "letsStrart": "Comencem...",
    "includeDownloadedFiles": "Inclou els fitxers de cançons descarregades",
    "backupInProgress": "Còpia de seguretat en curs...",
    "songInfo": "Informació de la cançó",
    "title": "Títol",
    "appInfo": "Informació de l'aplicació",
    "loudnessNormalization": "Normalització de la sonoritat",
    "audioCodec": "Còdec d'àudio",
    "backup": "Còpia de seguretat",
    "backupAppData": "Còpia de seguretat de les dades de l'aplicació",
    "queueLoopNotDisMsg2": "El mode reproducció en bucle no es pot activar en mode ràdio.",
    "autoDownFavSong": "Descarregar automàticament les cançons favorites",
    "autoDownFavSongDes": "Descarrega automàticament les cançons preferides quan s'afegeixin als preferits",
    "downloadError3": "Ha fallat la descàrrega a causa d'un error de xarxa/transmissió! Torneu-ho a provar",
    "restartApp": "Reinicia l'aplicació",
    "processFiles": "Processant fitxers...",
    "restoreAppData": "Restaura les dades de l'aplicació",
    "queueShufflingDeniedMsg": "La cua no es pot barrejar quan el mode aleatori està activat",
    "queuerearrangingDeniedMsg": "La cua no es pot reordenar quan el mode aleatori està activat",
    "networkError": "Error de xarxa! Comproveu la vostra connexió de xarxa.",
    "downloadError2": "La cançó sol·licitada no es pot descarregar a causa de la restricció del servidor. Podeu tornar-ho a intentar",
    "songNotPlayable": "La cançó no es pot reproduir a causa de la restricció del servidor!",
    "download": "Descarregar",
    "content": "Contingut",
    "personalisation": "Personalització",
    "playerUi": "Interfície d'usuari del reproductor",
    "playerUiDes": "Selecciona la interfície d'usuari del reproductor",
    "standard": "Estàndard",
    "gesture": "Gest",
    "androidBackupWarning": "No provat: Seleccionant la casella de selecció després de descarregar més de 60 fitxers, el procés pot consumir una gran quantitat de memòria i pot causar que el telèfon o l'aplicació es bloquegin. Procedeix sota el teu propi risc.",
    "duration": "Durada",
    "playnextMsg": "A continuació",
    "shuffleQueue": "Barreja la cua de reproducció",
    "queueLoop": "llista de reproducció en bucle",
    "queueLoopNotDisMsg1": "El mode llista de reproducció en bucle no es pot desactivar quan el mode aleatori està activat.",
    "enableSlidableAction": "Habilita les accions lliscables",
    "enableSlidableActionDes": "Habilita les accions lliscants a la fitxa de la cançó",
    "loudnessDb": "SonoritatDb",
    "urlSearchDes": "URL detectada. Fes clic sobre ella per a obrir/reproduir el contingut associat",
    "loudnessNormalizationDes": "Estableix la mateixa longitud de soroll per a totes les cançons (Experimental) (no funcionarà en les cançons descarregades en la versió anterior(< v1.10.0))",
    "misc": "Miscel·lània",
    "resetToDefault": "Restablir la configuració inicial",
    "resetToDefaultDes": "Restablir la configuració inicial de l'aplicació (requereix reiniciar)",
    "resetToDefaultMsg": "S'ha restablert la configuració per defecte, Si us plau reinicieu l'aplicació",
    "album": "Àlbum",
    "playingfromPlaylist": "REPRODUÏNT LA LLISTA DE REPRODUCCIÓ",
    "playingfromAlbum": "REPRODUINT L'ALBUM",
    "playingfromSelection": "REPRODUINT LA SELECCIÓ",
    "playingfromArtist": "REPRODUINT L'ARTISTA",
    "randomSelection": "Selecció aleatòria",
    "randomRadio": "Ràdio Aleatòria",
    "autoOpenPlayer": "Obre automàticament la pantalla del reproductor",
    "autoOpenPlayerDes": "Activa/desactiva l'obertura automàtica a pantalla completa del reproductor en seleccionar la cançó a reproduir",
    "selectSongs": "Selecciona les cançons",
    "selectAll": "Selecciona-ho tot",
    "reArrangeSongs": "Reorganitzar les cançons",
    "importError": "Error en importar la llista de reproducció",
    "invalidPlaylistFile": "L'estructura del fitxer de la llista de reproducció no és vàlida",
    "exportPlaylist": "Exporta la llista de reproducció",
    "exportingPlaylist": "Exportant la llista de reproducció...",
    "playlistExportedMsg": "S'ha exportat amb èxit la llista de reproducció a",
    "exportError": "Error en exportar la llista de reproducció",
    "exportErrorPermission": "S'ha denegat el permís durant l'exportació",
    "exportErrorStorage": "No hi ha prou espai d'emmagatzematge",
    "exportErrorFormat": "Error en la formatació de dades de la llista de reproducció",
    "importPlaylist": "Importa una llista de reproducció",
    "importingPlaylist": "Important la llista...",
    "importPlaylistDesc": "Importa una llista exportada en un fitxer JSON",
    "selectFile": "Escull el fitxer",
    "playlistImportedMsg": "Llista de reproducció importada amb èxit",
    "importErrorFileAccess": "No s'ha pogut accedir al fitxer escollit",
    "importErrorFormat": "El format del fitxer no és vàlid",
    "importErrorDatabase": "Error en desar a la base de dades",
    "fileNotFound": "No s'ha trobat el fitxer",
    "importLargeFileNote": "Nota: La importació de llistes de reproducció grosses pot trigar més estona"
}
