{
    "home": "Domů",
    "playlistCreatednsongAddedAlert": "Playlist vytvořen a skladba přidána!",
    "dismiss": "Odmítnout",
    "goToDownloadPage": "Kliknutím sem přejdete na stránku ke stažení",
    "songEnqueueAlert": "Skladba zařazena!",
    "renamePlaylist": "Přejmenovat playlist",
    "songAddedToPlaylistAlert": "Skladba přidána do playlistu!",
    "unlinkAlert": "Úspěšně odpojeno!",
    "playlistCreatedAlert": "Playlist vytvořen!",
    "reset": "Resetovat",
    "unLink": "Odstranit odkaz",
    "trending": "Trendy",
    "searchRes": "Výsledky vyhledávání",
    "cacheSongsDes": "Ukládání skladeb do mezipaměti během přehrávání pro budoucí/offline přehrávání zabere v zařízení další místo",
    "password": "Heslo",
    "noLibPlaylist": "Nemáte žádný playlist v knihovně!",
    "setDiscoverContent": "Nastav si domovskou stránku",
    "networkError1": "Ups chyba sítě!",
    "songRemovedfromQueue": "Odstraněno z fronty!",
    "libSongs": "Knihovna skladeb",
    "github": "🎵 Věnováno někomu výjimečnému 🌟",
"githubDes": "Aplikace RhyThm vznikla z emotivního okamžiku. Kdybys se tehdy nenaštval/a, možná by toto dílo nikdy nevzniklo.\n\nNěkdy ty nejneočekávanější emoce vedou k těm nejkrásnějším věcem. 💫\n\nDěkuji, že jsi byl/a tichou inspirací za tím vším. ❤️\n\nPokud se vám tento projekt líbí, nezapomeňte dát ⭐ na GitHubu.",
    "communityplaylists": "Komunitní playlisty",
    "playlistRemovedAlert": "Playlist odstraněn!",
    "libAlbums": "Knihovna alb",
    "albumBookmarkRemoveAlert": "Album odstraněno ze záložek!",
    "notaSongVideo": "Není to skladba/hudební video!",
    "ignoreBatOptDes": "Pokud se potýkáte s problémy s oznámeními nebo se přehrávání zastavilo kvůli optimalizaci systému, povolte tuto možnost",
    "for1": "pro",
    "low": "Nízká 🪨",
    "link": "Odkaz",
    "selectAuthIns": "Vyberte Instanci ověření",
    "languageDes": "Nastavení jazyka aplikace",
    "stopMusicOnTaskClear": "Zastavení hudby při vymazání správce úloh",
    "enqueueAll": "Zařadit vše do fronty",
    "customInsSelectMsg": "Prosím, vyberte možnost Vlastní instance",
    "skipSilence": "Přeskočit ticho",
    "create": "Vytvořit",
    "equalizer": "Ekvalizér",
    "enqueueSong": "Zařadit tuto skladbu do fronty",
    "noBookmarks": "Žádné záložky!",
    "playlists": "Playlisty",
    "videos": "Videa",
    "enabled": "Povoleno",
    "allFieldsReqMsg": "Všechna pole jsou povinná",
    "artistBookmarkAddAlert": "Interpret přidán do záložek!",
    "removeFromCache": "Odstranit z mezipaměti",
    "rename": "Přejmenovat",
    "viewAll": "Zobrazit vše",
    "github": "GitHub",
    "newVersionAvailable": "K dispozici je nová verze!",
    "items": "položky",
    "subscribers": "odběratelé",
    "startRadio": "Spustit rádio",
    "discover": "Doporučené skladby",
    "cacheSongs": "Skladby mezipaměti",
    "songAlreadyExists": "Skladba už existuje!",
    "libArtists": "Knihovna interpretů",
    "username": "Uživatelské jméno",
    "light": "Světlý",
    "resetblacklistedplaylist": "Resetovat playlisty na černé listině",
    "dynamic": "Dynamický",
    "selectAuthInsMsg": "Prosím, vyberte instanci ověřování!",
    "equalizerDes": "Otevřete systémový ekvalizér",
    "removePlaylist": "Odstranit playlist",
    "customIns": "Vlastní instance",
    "Piped": "Piped",
    "addToPlaylist": "Přidat do playlistu",
    "stopMusicOnTaskClearDes": "Přehrávání hudby se zastaví, když se přejede prstem po aplikaci ze správce úloh",
    "cachedOrOffline": "Uloženo do mezipaměti / Dostupné Offline",
    "retry": "Zkuste to znovu!",
    "artists": "Interpreti",
    "playlistBookmarkAddAlert": "Playlist přidán do záložek!",
    "albums": "Alba",
    "radioNotAvailable": "Rádio pro tohoto interpreta není k dispozici!",
    "recentlyPlayed": "Nedávno přehrané",
    "viewArtist": "Zobrazit interpreta",
    "createnAdd": "Vytvořit a přidat",
    "topmusicvideos": "Topovky",
    "about": "O aplikaci",
    "playlistBookmarkRemoveAlert": "Playlist odstraněn ze záložek!",
    "systemDefault": "Výchozí nastavení systému",
    "local": "Místní",
    "ignoreBatOpt": "Ignorovat optimalizaci baterie",
    "singles": "Singly",
    "linkAlert": "Úspěšně propojeno!",
    "status": "Stav",
    "themeMode": "Vzhled",
    "streamingQualityDes": "Kvalita hudebního streamu",
    "nomatch": "Nebyla nalezena shoda pro",
    "notaValidLink": "Neplatný odkaz!",
    "emptyPlaylist": "Prázdný playlist!",
    "favorites": "Oblíbené",
    "dark": "Tmavý",
    "cancel": "Zrušit",
    "by": "od",
    "streamingQuality": "Kvalita streamu",
    "linkPipedDes": "Odkaz s Piped pro playlisty",
    "libPlaylists": "Knihovna playlistů",
    "disabled": "Zakázáno",
    "CreateNewPlaylist": "Vytvořit nový playlist",
    "blacklistPlstResetAlert": "Resetování proběhlo úspěšně!",
    "language": "Jazyk",
    "search": "Hledat",
    "skipSilenceDes": "Při přehrávání hudby se přeskočí ticho",
    "playNext": "Přehrát jako další",
    "errorOccuredAlert": "Došlo k nějaké chybě!",
    "songs": "Skladby",
    "high": "Vysoká 🔥",
    "searchDes": "Skladby, playlisty, alba, interprety",
    "results": "Výsledky",
    "playlistBlacklistAlert": "Playlist na černé listině!",
    "artistDesNotAvailable": "Popis není k dispozici!",
    "resetblacklistedplaylistDes": "Resetování všech playlistů zařazených na černou listinu",
    "songRemovedfromQueueCurrSong": "Aktuálně přehrávanou skladbu nelze odebrat",
    "settings": "Nastavení",
    "basedOnLast": "Podle poslední akce",
    "hintApiUrl": "Adresa URL rozhraní API na instanci Piped",
    "playlistRenameAlert": "Úspěšně přejmenováno!",
    "albumBookmarkAddAlert": "Album přidáno do záložek!",
    "removeFromPlaylist": "Odstranit z playlistu",
    "lyricsNotAvailable": "Text není k dispozici!",
    "dontShowInfoAgain": "Tuto informaci již nezobrazujte",
    "noOfflineSong": "Žádné skladby offline!",
    "featuredplaylists": "Doporučené playlisty",
    "quickpicks": "Rychlý výběr",
    "artistBookmarkRemoveAlert": "Interpret odstraněn ze záložek!",
    "operationFailed": "Operace selhala",
    "goToAlbum": "Přejít do alba",
    "removeFromQueue": "Odstranit z fronty",
    "shareSong": "Sdílet tuto skladbu",
    "songRemovedAlert": "Odstraněno z",
    "downloads": "Stažené",
    "removeFromLib": "Odebrat z knihovny skladeb",
    "downloadingFormat": "Formát stahovaného souboru",
    "songAlreadyOfflineAlert": "Skladba je již offline v mezipaměti",
    "downloadLocation": "Umístění stažených písniček",
    "downloadingFormatDes": "Vyberte formát stahovaného souboru. \"Opus\" poskytne nejlepší kvalitu",
    "sleepTimer": "Časovač spánku",
    "minutes": "minut",
    "synced": "Synchronizovaný",
    "library": "Knihovna",
    "backgroundPlayDes": "Zapni/Vypni přehrávání hudby na pozadí (Hudba se potom dá ovládat v horní liště a na zamčené obrazovce)",
    "add5Minutes": "Ještě 5 minut",
    "cancelTimer": "Zruš časovač",
    "enableBottomNav": "Dolní navigační lišta",
    "homeContentCountDes": "Vyber si počet zobrazených položek na domovské obrazovce. Menší počet = Rychlejší načítání",
    "enableBottomNavDes": "Přejdí na dolní lištu",
    "plain": "Prostý",
    "cancelTimerAlert": "Časovač spánku byl zrušen",
    "sleepTimeSetAlert": "Váš časovač spánku byl spuštěn",
    "syncedLyricsNotAvailable": "Synchronizovaný text není k dispozici!",
    "clearImgCache": "Vyčisti cache obrázků",
    "clearImgCacheDes": "Klikni sem aby si vyčistil cache obrázků (Není doporučeno ale může se hodit při obnově zachovaného data z obrázků)",
    "pipedplstSyncAlert": "Piped playlist synchronizován!",
    "upNext": "Další skladba",
    "endOfThisSong": "Konec skladby",
    "homeContentCount": "Počet položek v domovské stránce",
    "backgroundPlay": "Přehrávání na pozadí",
    "openIn": "Otevřít v",
    "deleteDownloadData": "Odstranit ze stažených",
    "restoreLastPlaybackSession": "Obnovit poslední relaci přehrávání",
    "restoreLastPlaybackSessionDes": "Automaticky obnoví poslední relaci přehrávání při spuštění aplikace",
    "cacheHomeScreenData": "Data obsahu domovské obrazovky v mezipaměti",
    "downFilesFound": "stažené soubory nalezeny",
    "close": "Zavřít",
    "exportMsg": "Soubory byly úspěšně exportovány",
    "clearImgCacheAlert": "Vymazání mezipaměti obrázků proběhlo úspěšně",
    "removeMultiple": "Odstranit více skladeb",
    "reArrangePlaylist": "Přeskupit playlist",
    "addMultipleSongs": "Přidat skladby do playlistu",
    "backupSettingsAndPlaylistsDes": "Uloží všechna nastavení, playlisty a přihlašovací údaje do záložního souboru",
    "restoreSettingsAndPlaylists": "Obnovit nastavení a playlisty",
    "restoreSettingsAndPlaylistsDes": "Obnoví všechna nastavení, přihlašovací údaje a playlisty ze záložního souboru. Přepíše všechna aktuální data",
    "backupMsg": "Záloha úspěšně uložena!",
    "backFilesFound": "databáze nalezené",
    "restoreMsg": "Úspěšně obnoveno!\nZměny se aplikují po restartu",
    "restore": "Obnovit",
    "restoring": "Obnovování...",
    "backupSettingsAndPlaylists": "Zálohovat nastavení a playlisty",
    "closeApp": "Zavřít aplikaci",
    "disableTransitionAnimation": "Vypnout přechodovou animaci",
    "disableTransitionAnimationDes": "Zapnutím této možnosti zakážete přechodovou animaci mezi kartami",
    "cacheHomeScreenDataDes": "Zapněte ukládání dat obsahu domovské obrazovky do mezipaměti. Pokud je tato možnost povolena, domovská obrazovka se načte okamžitě",
    "exportDowloadedFiles": "Exportovat stažené soubory",
    "exportDowloadedFilesDes": "Klikněte zde pro export staženého souboru z adresáře aplikace do externího adresáře",
    "exportedFileLocation": "Umístění exportu staženého souboru",
    "export": "Exportovat",
    "exporting": "Exportování...",
    "scanning": "Skenování...",
    "deleteDownloadedDataAlert": "Úspěšně odstraněno ze stažených!",
    "songInfo": "Informace skladby",
    "id": "ID",
    "title": "Název",
    "duration": "Délka",
    "audioCodec": "Audio kodek",
    "bitrate": "Bitrate",
    "loudnessDb": "Hlasitost (Db)",
    "backupAppData": "Zálohovat data aplikace",
    "backup": "Zálohovat",
    "letsStrart": "Začínáme...",
    "processFiles": "Zpracování souborů...",
    "includeDownloadedFiles": "Zahrnout stažené skladby",
    "backupInProgress": "Probíhá zálohování...",
    "restoreAppData": "Obnovit data aplikace",
    "restartApp": "Restartovat aplikaci",
    "songNotPlayable": "Skladbu nelze přehrát z důvodu omezení serveru!",
    "appInfo": "Informace o aplikaci",
    "download": "Stáhnout",
    "networkError": "Chyba sítě! Zkontrolujte připojení k internetu.",
    "downloadError2": "Požadovanou skladbu nelze stáhnout z důvodu omezení serveru. Můžete to zkusit znovu",
    "downloadError3": "Stažení se nezdařilo kvůli chybě sítě/streamu! Zkuste to prosím znovu",
    "music&Playback": "Hudba a přehrávání",
    "content": "Obsah",
    "personalisation": "Přizpůsobení",
    "loudnessNormalization": "Normalizace hlasitosti",
    "queueShufflingDeniedMsg": "Frontu nelze zamíchat, když je povolen režim náhodného výběru",
    "queuerearrangingDeniedMsg": "Frontu nelze měnit, když je povolen režim promíchání",
    "loudnessNormalizationDes": "Nastaví stejnou úroveň hlasitosti pro všechny skladby (Experimentální) (Nebude fungovat u skladeb stažených v předchozí verzi(< v1.10.0))",
    "urlSearchDes": "Zjištěná URL Kliknutím na ni otevřete/přehrajete související obsah",
    "androidBackupWarning": "Netestováno: Zaškrtnutím políčka po stažení více než 60 souborů může proces spotřebovat velké množství paměti a může způsobit pád telefonu nebo aplikace. Pokračujte na vlastní nebezpečí.",
    "playerUi": "Rozhraní přehrávače",
    "standard": "Standard",
    "gesture": "Gesta",
    "playerUiDes": "Vybrat uživatelské rozhraní přehrávače",
    "playnextMsg": "Následuje",
    "shuffleQueue": "Promíchat",
    "queueLoop": "Opakovat",
    "queueLoopNotDisMsg1": "Režim opakování nelze vypnout, pokud je povoleno promíchání.",
    "queueLoopNotDisMsg2": "Opakování nelze povolit v režimu rádia.",
    "enableSlidableAction": "Povolit akce gesty",
    "enableSlidableActionDes": "Povolit akce gesty na dlaždici skladby",
    "autoDownFavSong": "Automaticky stáhnout oblíbené skladby",
    "autoDownFavSongDes": "Automaticky stáhne oblíbené skladby po přidání do oblíbených položek",
    "misc": "Různé",
    "resetToDefault": "Obnovit výchozí nastavení",
    "resetToDefaultDes": "Obnovit výchozí nastavení aplikace (nutný restart)",
    "resetToDefaultMsg": "Obnovení výchozího nastavení bylo dokončeno, restartujte aplikaci",
    "album": "Album",
    "playingfromAlbum": "Přehrávání z albumu",
    "playingfromPlaylist": "Přehrávání z playlistu",
    "playingfromSelection": "Přehrávání z výběru",
    "playingfromArtist": "Přehrávání od umělce",
    "randomSelection": "Náhodný výběr",
    "randomRadio": "Náhodné rádio",
    "autoOpenPlayer": "Automaticky otevřít obrazovku přehrávače",
    "autoOpenPlayerDes": "Povolí/zakáže automatické otevření přehrávače na celou obrazovku při výběru skladby pro přehrávání",
    "selectSongs": "Vybrat skladby",
    "selectAll": "Vybrat všechno",
    "reArrangeSongs": "Přeskupit skladby",
    "exportingPlaylist": "Exportování playlistu...",
    "playlistExportedMsg": "Playlist úspěšně exportován do",
    "exportError": "Chyba při exportování playlistu",
    "exportErrorPermission": "Oprávnění odepřeno při exportování",
    "exportErrorFormat": "Chyba formátování dat playlistu",
    "importPlaylist": "Importovat playlist",
    "importPlaylistDesc": "Výběr dříve exportovaného souboru JSON s playlistem k importu",
    "selectFile": "Vybrat soubor",
    "playlistImportedMsg": "Playlist úspěšně importován",
    "importError": "Chyba při importování playlistu",
    "importErrorFormat": "Nesprávný formát souboru",
    "invalidPlaylistFile": "Nesprávná struktura souboru playlistu",
    "importErrorDatabase": "Chyba při ukládání do databáze",
    "fileNotFound": "Soubor nebyl nalezen",
    "importLargeFileNote": "Poznámka: Import velkých playlistů může trvat déle",
    "importingPlaylist": "Importování playlistu...",
    "exportPlaylist": "Exportovat playlist",
    "exportErrorStorage": "Nedostatek úložného místa",
    "importErrorFileAccess": "Nepodařilo se získat přístup k vybranému souboru"
}
