{
    "home": "Start",
    "songs": "Lieder",
    "playlists": "Wiedergabelisten",
    "albums": "Alben",
    "settings": "Einstellungen",
    "libSongs": "Lieder in der Bibliothek",
    "libPlaylists": "Wiedergabelisten in der Bibliothek",
    "libAlbums": "Alben in der Bibliothek",
    "libArtists": "Künstler in der Bibliothek",
    "items": "Artikel",
    "networkError1": "Ups, Netzwerkfehler!",
    "retry": "Wiederholen!",
    "noOfflineSong": "Keine Lieder Offline!",
    "favorites": "Favoriten",
    "cachedOrOffline": "Zwischengespeichert/Offline",
    "emptyPlaylist": "Leere Wiedergabeliste!",
    "enqueueAll": "Alle einreihen",
    "renamePlaylist": "Wiedergabeliste umbenennen",
    "removePlaylist": "Wiedergabeliste entfernen",
    "CreateNewPlaylist": "Neue Wiedergabeliste erstellen",
    "cancel": "Abbrechen",
    "create": "Erstellen",
    "createnAdd": "Erstellen & hinzufügen",
    "noBookmarks": "Keine Lesezeichen!",
    "startRadio": "Radio starten",
    "enqueueSong": "Dieses Lied einreihen",
    "goToAlbum": "Zum Album",
    "viewArtist": "Künstler anzeigen",
    "shareSong": "Dieses Lied teilen",
    "removeFromQueue": "Aus der Warteschlange entfernen",
    "removeFromCache": "Aus dem Zwischenspeicher entfernen",
    "dynamic": "Dynamisch",
    "themeMode": "Farbmodus",
    "quickPics": "Schnellauswahl",
    "discover": "Entdecken",
    "systemDefault": "Systemvorgabe",
    "dark": "Dunkel",
    "light": "Hell",
    "trending": "Trend",
    "topMusicVid": "Top-Musikvideos",
    "skipSilence": "Stille überspringen",
    "basedOnLast": "Basierend auf der letzten Interaktion",
    "cacheSongs": "Zwischenspeichern von Liedern",
    "cacheSongsDes": "Zwischenspeichern von Liedern während der Wiedergabe für die zukünftige/offline-Wiedergabe. Nimmt zusätzlichen Speicherplatz auf deinem Gerät in Anspruch",
    "streamingQuality": "Streaming-Qualität",
    "streamingQualityDes": "Qualität des Musikstreams",
    "high": "hoch",
    "low": "niedrig",
    "equalizer": "Equalizer",
    "equalizerDes": "Öffne den System-Equalizer",
    "ignoreBatOpt": "Akku-Optimierung ignorieren",
    "status": "Status",
    "enabled": "Aktiviert",
    "disabled": "Deaktiviert",
    "ignoreBatOptDes": "Wenn du Probleme mit Benachrichtigungen hast oder die Wiedergabe durch die Systemoptimierung gestoppt wird, aktiviere bitte diese Option",
    "github": "🎵 Gewidmet einer besonderen Person 🌟",
"githubDes": "Die RhyThm-App entstand in einem emotionalen Moment. Wenn du damals nicht wütend gewesen wärst, hätte es diese Kreation vielleicht nie gegeben.\n\nManchmal führen die unerwartetsten Gefühle zu den schönsten Dingen. 💫\n\nDanke, dass du die stille Inspiration hinter all dem warst. ❤️\n\nWenn dir dieses Projekt gefällt, vergiss nicht, auf GitHub einen ⭐ zu geben.",
    "by": "von",
    "videos": "Videos",
    "search": "Suche",
    "searchDes": "Lieder, Wiedergabeliste, Album oder Künstler",
    "searchRes": "Suchergebnisse",
    "for1": "für",
    "viewAll": "Alle anzeigen",
    "about": "Über",
    "radioNotAvailable": "Radio für diesen Künstler nicht verfügbar!",
    "songRemovedfromQueue": "Aus der Warteschlange entfernt!",
    "songRemovedfromQueueCurrSong": "Du kannst das aktuell gespielte Lied nicht entfernen",
    "songAddedToPlaylistAlert": "Lied zur Wiedergabeliste hinzugefügt!",
    "songAlreadyExists": "Das Lied existiert bereits!",
    "songEnqueueAlert": "Lied in der Warteschlange!",
    "songRemovedAlert": "Entfernt von",
    "errorOccuredAlert": "Es ist ein Fehler aufgetreten!",
    "playlistCreatednsongAddedAlert": "Wiedergabeliste erstellt & Lied hinzugefügt!",
    "playlistRenameAlert": "Erfolgreich umbenannt!",
    "playlistRemovedAlert": "Wiedergabeliste entfernt!",
    "playlistBookmarkAddAlert": "Wiedergabeliste als Lesezeichen markiert!",
    "playlistBookmarkRemoveAlert": "Wiedergabeliste-Lesezeichen entfernt!",
    "selectAuthIns": "Autorisierungsinstanz auswählen",
    "reset": "Zurücksetzen",
    "artists": "Künstler",
    "recentlyPlayed": "Kürzlich abgespielt",
    "playNext": "Als Nächstes spielen",
    "addToPlaylist": "Zur Wiedergabeliste hinzufügen",
    "noLibPlaylist": "Du hast keine Wiedergabeliste in der Bibliothek!",
    "skipSilenceDes": "Stille wird bei der Musikwiedergabe übersprungen",
    "results": "Ergebnisse",
    "nomatch": "Keine Übereinstimmung gefunden für",
    "subscribers": "Abonnenten",
    "playlistCreatedAlert": "Wiedergabeliste erstellt!",
    "albumBookmarkAddAlert": "Album als Lesezeichen markiert!",
    "albumBookmarkRemoveAlert": "Album-Lesezeichen entfernt!",
    "artistDesNotAvailable": "Beschreibung nicht verfügbar!",
    "dontShowInfoAgain": "Diese Information nicht mehr anzeigen",
    "artistBookmarkAddAlert": "Künstler als Lesezeichen markiert!",
    "artistBookmarkRemoveAlert": "Künstler-Lesezeichen entfernt!",
    "newVersionAvailable": "Neue Version verfügbar!",
    "lyricsNotAvailable": "Liedtext nicht verfügbar!",
    "dismiss": "Ablehnen",
    "notaSongVideo": "Kein Lied/Musik-Video!",
    "unLink": "Aufheben der Verknüpfung",
    "notaValidLink": "Kein gültiger Link!",
    "link": "Verknüpfung",
    "operationFailed": "Operation fehlgeschlagen",
    "local": "Lokal",
    "goToDownloadPage": "Klicken Sie hier, um zur Download-Seite zu gelangen",
    "linkPipedDes": "Mit Piped verknüpfen",
    "username": "Benutzername",
    "password": "Passwort",
    "linkAlert": "Erfolgreich verbunden!",
    "unlinkAlert": "Verknüpfung erfolgreich getrennt!",
    "playlistBlacklistAlert": "Wiedergabeliste auf die schwarze Liste gesetzt!",
    "blacklistPlstResetAlert": "Erfolgreich zurückgesetzt!",
    "resetblacklistedplaylistDes": "Setzen Sie alle Piped Wiedergabelisten auf der schwarzen Liste zurück",
    "resetblacklistedplaylist": "Auf die schwarze Liste gesetzte Wiedergabelisten zurücksetzen",
    "setDiscoverContent": "„Inhalte entdecken“",
    "stopMusicOnTaskClear": "Musik stoppen, wenn Task gestoppt wird",
    "stopMusicOnTaskClearDes": "Die Musikwiedergabe wird gestoppt, wenn die App aus dem Task-Manager weggewischt wird",
    "communityplaylists": "Community Wiedergabelisten",
    "languageDes": "Sprache ändern",
    "language": "Sprache",
    "removeFromPlaylist": "Aus Wiedergabeliste entfernen",
    "customInsSelectMsg": "Bitte wählen Sie „Benutzerdefinierte Instanz“ aus",
    "allFieldsReqMsg": "Alle Felder benötigt",
    "rename": "Umbenennen",
    "downloads": "Downloads",
    "removeFromLib": "Lied aus der Bibliothek entfernen",
    "downloadingFormat": "Download-Format",
    "selectAuthInsMsg": "Bitte wähle Authentifizierungsinstanz!",
    "customIns": "Benutzerdefinierte Instanz",
    "Piped": "Piped",
    "topmusicvideos": "Top Musikvideos",
    "singles": "Singles",
    "songAlreadyOfflineAlert": "Das Lied ist bereits offline gespeichert",
    "downloadLocation": "Downloadpfad",
    "hintApiUrl": "API-URL zur Piped-Instanz",
    "downloadingFormatDes": "Wähle das Dateiformat für Downloads aus. „Opus“ bietet die beste Qualität",
    "featuredplaylists": "Vorgestellte Playlists",
    "quickpicks": "Schnellauswahl",
    "sleepTimer": "Sleep-Timer",
    "minutes": "Minuten",
    "library": "Bibliothek",
    "synced": "Synchron",
    "cancelTimerAlert": "Sleep-Timer abgebrochen",
    "add5Minutes": "5 Minuten hinzufügen",
    "enableBottomNav": "Untere Navigationsleiste",
    "cancelTimer": "Timer abbrechen",
    "endOfThisSong": "Ende dieses Liedes",
    "reArrangePlaylist": "Wiedergabeliste neu anordnen",
    "exporting": "Exportiert...",
    "scanning": "Scanne...",
    "close": "Schließen",
    "downFilesFound": "heruntergeladene Dateien gefunden",
    "exportMsg": "Dateien erfolgreich exportiert",
    "clearImgCacheAlert": "Bildspeicher erfolgreich gelöscht",
    "homeContentCount": "Startseiteninhalt",
    "enableBottomNavDes": "Wechsle zur unteren Navigationsleiste",
    "syncedLyricsNotAvailable": "Synchronisierte Texte nicht verfügbar!",
    "homeContentCountDes": "Wähle die Anzahl der initialen Startseiteninhalte (ungefähr). Niedrigere Werte laden schneller",
    "pipedplstSyncAlert": "Piped Playlist synchronisiert!",
    "clearImgCache": "Lösche Bildspeicher",
    "clearImgCacheDes": "Klicke hier, um die gespeicherten Miniaturansichten/Bilder zu löschen. (Nicht empfohlen, es sei denn, eine Aktualisierung der gespeicherten Bilder ist erwünscht)",
    "removeMultiple": "Mehrere Lieder entfernen",
    "addMultipleSongs": "Lieder zu Wiedergabeliste hinzufügen",
    "upNext": "Als Nächstes",
    "deleteDownloadData": "Aus Downloads entfernen",
    "restoreLastPlaybackSession": "Letzte Sitzung wiederherstellen",
    "restoreLastPlaybackSessionDes": "Stellt automatisch beim Starten der App die letzte Wiedergabe wieder her",
    "backgroundPlay": "Hintergrundwiedergabe",
    "backgroundPlayDes": "Musikwiedergabe im Hintergrund aktivieren/deaktivieren (auf die App kann über die Taskleiste zugegriffen werden, wenn die App im Hintergrund ausgeführt wird)",
    "plain": "Einfach",
    "cacheHomeScreenDataDes": "Aktivieren das Zwischenspeichern des Inhalts des Startbildschirms. Der Startbildschirm wird sofort geladen, wenn diese Option aktiviert ist",
    "cacheHomeScreenData": "Inhalt des Startbildschirms zwischenspeichern",
    "disableTransitionAnimation": "Übergangsanimationen Ausschalten",
    "disableTransitionAnimationDes": "Aktiviere dies, um Tabübergangsanimationen abzuschalten",
    "exportDowloadedFiles": "Exportiere heruntergeladene Dateien",
    "exportDowloadedFilesDes": "Klicke hier, um die heruntergeladenen Dateien vom inApp Verzeichnis zu einem externen Verzeichnis zu exportieren",
    "exportedFileLocation": "Exportverzeichnis",
    "export": "Exportieren",
    "deleteDownloadedDataAlert": "Erfolgreich aus Downloads entfernt!",
    "sleepTimeSetAlert": "Dein Sleep-Timer ist gesetzt",
    "openIn": "Öffnen in",
    "restoring": "Wiederherstellen...",
    "restore": "Wiederherstellen",
    "closeApp": "App schließen",
    "backupSettingsAndPlaylistsDes": "Sichert alle Einstellungen, Wiedergabelisten und Login-Daten in einer Sicherungsdatei",
    "backupSettingsAndPlaylists": "Sichere Einstellungen und Wiedergabelisten",
    "restoreSettingsAndPlaylists": "Wiederherstellen",
    "restoreSettingsAndPlaylistsDes": "Stellt alle Einstellungen, Login-Daten und Wiedergabelisten mit einer Sicherungsdatei wieder her. Überschreibt alle jetzigen Daten",
    "backupMsg": "Sicherung erfolgreich gespeichert!",
    "backFilesFound": "Datenbanken gefunden",
    "restoreMsg": "Erfolgreich wiederhergestellt!\nÄnderungen werden beim Neustart in Kraft treten",
    "backupAppData": "App-Daten sichern",
    "backup": "Sicherung",
    "letsStrart": "Lass uns anfangen...",
    "processFiles": "Verarbeitet Dateien...",
    "includeDownloadedFiles": "Heruntergeladene Musikdateien einbeziehen",
    "backupInProgress": "Sicherung läuft...",
    "restoreAppData": "App-Daten wiederherstellen",
    "restartApp": "App neustarten",
    "songInfo": "Liedinfo",
    "id": "ID",
    "loudnessDb": "Lautstärke Db",
    "bitrate": "Bitrate",
    "title": "Titel",
    "duration": "Dauer",
    "audioCodec": "Audio Codec",
    "appInfo": "App Infos",
    "download": "Herunterladen",
    "loudnessNormalization": "Lautstärkenormalisierung",
    "loudnessNormalizationDes": "Stellt für alle Titel die gleiche Lautstärke ein (experimentell) (Funktioniert nicht bei Titeln, die mit einer früheren Version (< v1.10.0) heruntergeladen wurden)",
    "queueShufflingDeniedMsg": "Warteschlange kann nicht gemischt werden, wenn der Shuffle-Modus aktiviert ist",
    "queuerearrangingDeniedMsg": "Die Warteschlange kann nicht neu geordnet werden, wenn der Shuffle-Modus aktiviert ist",
    "songNotPlayable": "Song ist aufgrund von Servereinschränkungen nicht abspielbar!",
    "networkError": "Netzwerkfehler! Überprüfe deine Internetverbindung.",
    "downloadError2": "Der angeforderte Titel kann aufgrund von Serverbeschränkungen nicht heruntergeladen werden. Du kannst es erneut versuchen",
    "downloadError3": "Herunterladen fehlgeschlagen aufgrund eines Netzwerk-/Streamfehlers! Versuche es erneut",
    "personalisation": "Personalisierung",
    "urlSearchDes": "URL erkannt. Tippe darauf, um den zugehörigen Inhalt zu öffnen/abzuspielen",
    "music&Playback": "Musik & Wiedergabe",
    "content": "Inhalt",
    "androidBackupWarning": "Nicht getestet: Wenn du das Kontrollkästchen nach dem Herunterladen von mehr als 60 Dateien aktivierst, kann der Vorgang viel Speicher beanspruchen und zum Absturz des Telefons oder der App führen. Fahre auf eigene Gefahr fort.",
    "playerUi": "Player UI",
    "playerUiDes": "Wähle Player Benutzeroberfläche",
    "standard": "Standard",
    "gesture": "Gesten",
    "enableSlidableAction": "Aktiviere Gestenaktionen",
    "enableSlidableActionDes": "Aktiviere Gestenaktionen beim Songtitel",
    "shuffleQueue": "Mischen",
    "queueLoop": "Wiederholen",
    "queueLoopNotDisMsg2": "Wiederholung kann nicht aktiviert werden wenn der Radio Modus läuft.",
    "playnextMsg": "Nächster",
    "queueLoopNotDisMsg1": "Wiederholen kann nicht deaktiviert werden, wenn Zufallswiedergabe aktiv ist.",
    "autoDownFavSongDes": "Lade Lieder automatisch herunter wenn sie zu Favoriten hinzugefügt werden",
    "autoDownFavSong": "Lade Favoriten automatisch herunter",
    "resetToDefault": "Standardeinstellungen wiederherstellen",
    "resetToDefaultMsg": "Zurücksetzen der Einstellungen abgeschlossen, bitte starte die App neu",
    "resetToDefaultDes": "Setze die App-Einstellungen auf die Standards zurück (Neustart erforderlich)",
    "misc": "Sonstiges",
    "album": "Album",
    "playingfromAlbum": "SPIELE AUS ALBUM",
    "playingfromPlaylist": "SPIELE AUS PLAYLIST",
    "playingfromSelection": "SPIELE AUS AUSWAHL",
    "playingfromArtist": "SPIELE AUS KÜNSTLER",
    "randomSelection": "Zufallsauswahl",
    "randomRadio": "Zufälliges Radio",
    "autoOpenPlayer": "Öffne Player Bildschirm automatisch",
    "autoOpenPlayerDes": "Aktiviere/Deaktiviere automatisches öffnen des Vollbildplayers, wenn ein Lied ausgewählt wurde",
    "reArrangeSongs": "Lieder neu anordnen",
    "selectSongs": "Lieder auswählen",
    "selectAll": "Alles auswählen",
    "importErrorDatabase": "Fehler beim Speichern in der Datenbank",
    "selectFile": "Datei auswählen",
    "exportPlaylist": "Playlist exportieren",
    "exportErrorStorage": "Nicht genug Speicher",
    "importErrorFormat": "Ungültiges Dateiformat",
    "exportingPlaylist": "Exportiere Playlist...",
    "playlistExportedMsg": "Playlist erfolgreich exportiert nach",
    "exportError": "Fehler beim Exportieren der Playlist",
    "exportErrorPermission": "Berechtigung beim Exportieren verweigert",
    "exportErrorFormat": "Fehler beim Formatieren der Playlistdaten",
    "importPlaylist": "Playlist importieren",
    "importingPlaylist": "Importiere Playlist...",
    "importPlaylistDesc": "Wähle eine zuvor exportierte Playlist-JSON-Datei zum Importieren aus",
    "playlistImportedMsg": "Playlist erfolgreich importiert",
    "importError": "Fehler beim Importieren der Playlist",
    "importErrorFileAccess": "Auf die ausgewählte Datei konnte nicht zugegriffen werden",
    "invalidPlaylistFile": "Ungültige Playlist Dateistruktur",
    "fileNotFound": "Datei nicht gefunden",
    "importLargeFileNote": "Hinweis: Der Import großer Playlisten kann länger dauern"
}
