{
  "home": "Home",
  "songs": "Songs",
  "playlists": "Playlists",
  "albums": "Albums",
  "album": "Album",
  "singles": "Singles",
  "artists": "Artists",
  "settings": "Settings",
  "library": "Library",
  "libSongs": "Library Songs",
  "libPlaylists": "Library Playlists",
  "libAlbums": "Library Albums",
  "libArtists": "Library Artists",
  "communityplaylists": "Community Playlists",
  "featuredplaylists": "Featured Playlists",
  "items": "items",
  "networkError1": "Oops network error!",
  "retry": "Retry!",
  "noOfflineSong": "No offline songs!",
  "recentlyPlayed": "Recently Played",
  "favorites": "Favorites",
  "cachedOrOffline": "Cached/Offline",
  "downloads": "Downloads",
  "emptyPlaylist": "Empty playlist!",
  "enqueueAll": "Enqueue all",
  "renamePlaylist": "Rename Playlist",
  "removePlaylist": "Remove playlist",
  "CreateNewPlaylist": "Create new playlist",
  "reArrangePlaylist": "Rearrange playlist",
  "reArrangeSongs": "Rearrange songs",
  "selectSongs": "Select songs",
  "selectAll": "Select All",
  "removeMultiple": "Remove multiple songs",
  "addMultipleSongs": "Add songs to playlist",
  "cancel": "Cancel",
  "create": "Create",
  "rename": "Rename",
  "createnAdd": "Create & add",
  "noBookmarks": "No bookmarks!",
  "startRadio": "Start radio",
  "playNext": "Play next",
  "addToPlaylist": "Add to playlist",
  "noLibPlaylist": "You don't have any lib playlist!",
  "enqueueSong": "Enqueue this song",
  "goToAlbum": "Go to album",
  "viewArtist": "View Artist",
  "openIn": "Open in",
  "shareSong": "Share this song",
  "removeFromPlaylist": "Remove from playlist",
  "removeFromQueue": "Remove from queue",
  "queueShufflingDeniedMsg": "Queue can't be shuffled when shuffle mode is enabled",
  "queuerearrangingDeniedMsg": "Queue can't be rearranged when shuffle mode is enabled",
  "songNotPlayable": "Song is not playable due to server restriction!",
  "upNext": "Up Next",
  "playingfromAlbum": "PLAYING FROM ALBUM",
  "playingfromPlaylist": "PLAYING FROM PLAYLIST",
  "playingfromSelection": "PLAYING FROM SELECTION",
  "playingfromArtist": "PLAYING FROM ARTIST",
  "randomSelection": "Random Selection",
  "randomRadio": "Random Radio",
  "playnextMsg": "Upcoming",
  "shuffleQueue": "Shuffle Queue",
  "queueLoop": "Queue loop",
  "queueLoopNotDisMsg1": "Queue loop mode cannot be disabled when shuffle mode is enabled.",
  "queueLoopNotDisMsg2": "Queue loop mode cannot be enabled in radio mode.",
  "removeFromLib": "Remove from Library Songs",
  "sleepTimer": "Sleep Timer",
  "add5Minutes": "Add 5 minutes",
  "cancelTimer": "Cancel timer",
  "deleteDownloadData": "Remove from downloads",
  "minutes": "minutes",
  "endOfThisSong": "End of this song",
  "appInfo": "App Info",
  "download": "Download",
  "misc": "Misc",
  "autoDownFavSong": "Auto download favorite songs",
  "autoDownFavSongDes": "Automatically download favorite songs when added to favorites",
  "networkError": "Network error! Check your network connection.",
  "downloadError2": "Requested song is not downloadable due to server restriction. You may try again",
  "downloadError3": "Downloading failed due to network/stream error! Please try again",
  "music&Playback": "Music & Playback",
  "content": "Content",
  "personalisation": "Personalisation",
  "themeMode": "Theme Mode",
  "dynamic": "Dynamic",
  "systemDefault": "System default",
  "dark": "Dark",
  "light": "Light",
  "language": "Language",
  "playerUi": "Player Ui",
  "playerUiDes": "Select player user interface",
  "standard": "Standard",
  "gesture": "Gesture",
  "languageDes": "Set App language",
  "setDiscoverContent": "Set discover content",
  "quickpicks": "Quick Picks",
  "discover": "Discover",
  "trending": "Trending",
  "topmusicvideos": "Top Music Videos",
  "basedOnLast": "Based on last interaction",
  "restoreLastPlaybackSession": "Restore last playback session",
  "restoreLastPlaybackSessionDes": "Automatically restore the last playback session on app start",
  "autoOpenPlayer": "Auto open player screen",
  "autoOpenPlayerDes": "Enable/disable auto opening of player full screen on selection of song for play",
  "homeContentCount": "Home content count",
  "homeContentCountDes": "Select the number of initial homescreen-content(approx). Lesser results faster loading",
  "enableBottomNav": "Bottom navigation bar",
  "enableBottomNavDes": "Switch to bottom navigation bar",
  "cacheSongs": "Cache Songs",
  "cacheSongsDes": "Caching songs while playing for future/offline playback, it will take additional space on your device",
  "skipSilence": "Skip silence",
  "skipSilenceDes": "Silence will be skipped in music playback",
  "loudnessNormalization": "Loudness normalization",
  "loudnessNormalizationDes": "Sets same lavel of loudness for all songs (Experimental) (Will not work on songs downloaded on previous version(< v1.10.0))",
  "streamingQuality": "Streaming quality",
  "streamingQualityDes": "Quality of music stream",
  "disableTransitionAnimation": "Disable transition animation",
  "disableTransitionAnimationDes": "Enable this option to disable tab transition animation",
  "enableSlidableAction": "Enable slidable actions",
  "enableSlidableActionDes": "Enable slidable actions on song tile",
  "high": "High",
  "low": "Low",
  "backgroundPlay": "Background music play",
  "backgroundPlayDes": "Enable/Disable music playing in background (App can be accessed from system tray when app is running in background)",
  "downloadLocation": "Download Location",
  "cacheHomeScreenData": "Cache home screen content data",
  "cacheHomeScreenDataDes": "Enable Caching home screen content data, Home screen will load instantly if this option is enabled",
  "downloadingFormat": "Downloading File Format",
  "downloadingFormatDes": "Select downloading file format. \"Opus\" will provide best quality",
  "exportDowloadedFiles": "Export downloaded files",
  "exportDowloadedFilesDes": "Click here to export downloaded file from inApp dir to external dir",
  "exportedFileLocation": "Downloaded file export location",
  "export": "Export",
  "exporting": "Exporting...",
  "scanning": "Scanning...",
  "downFilesFound": "downloaded files found",
  "close": "Close",
  "exportMsg": "Files successfully exported",
  "equalizer": "Equalizer",
  "equalizerDes": "Open system equalizer",
  "clearImgCache": "Clear images cache",
  "clearImgCacheAlert": "Images cache cleared successfully",
  "clearImgCacheDes": "Click here to clear cached thumbnails/images. (Not recommended unless want to refresh cached images data)",
  "ignoreBatOpt": "Ignore battery optimization",
  "ignoreBatOptDes": "If you are facing notification issues or playback stopped by system optimization, please enable this option",
  "status": "Status",
  "enabled": "Enabled",
  "disabled": "Disabled",
  "resetToDefault": "Restore default settings",
  "resetToDefaultDes": "Reset app settings to default (Restart required)",
  "resetToDefaultMsg": "Settings reset to default completed, Please restart app",
  "github": "🎶 Made for Someone Special 🌟",
"githubDes": "This RhyTHm app wouldn't exist if that one person hadn't gotten upset.\n\nSometimes, emotions crate the most beautiful things. ❤️\n\nThank you for being the silent inspiration behind it all. ✨\n\nIf you like this project, don't forget to give it a ⭐ on GitHub.",
  "by": "by",
  "urlSearchDes": "Url detected click on it to open/play associated content",
  "search": "Search",
  "searchDes": "Songs, Playlist, Album or Artist",
  "searchRes": "Search results",
  "for1": "for",
  "videos": "Videos",
  "viewAll": "View all",
  "results": "Results",
  "nomatch": "No Match found for",
  "subscribers": "subscribers",
  "about": "About",
  "synced": "Synced",
  "plain": "Plain",
  "songInfo": "Song Info",
  "id": "Id",
  "title": "Title",
  "duration": "Duration",
  "audioCodec": "Audio Codec",
  "bitrate": "Bitrate",
  "loudnessDb": "LoudnessDb",
  "deleteDownloadedDataAlert": "Successfully removed from downloads!",
  "cancelTimerAlert": "Sleep timer cancelled",
  "sleepTimeSetAlert": "Your sleep timer is set",
  "radioNotAvailable": "Radio not available for this artist!",
  "songRemovedfromQueue": "Removed from queue!",
  "songRemovedfromQueueCurrSong": "You can't remove currently playing song",
  "songAddedToPlaylistAlert": "Song added to playlist!",
  "songAlreadyExists": "Song already exists!",
  "songAlreadyOfflineAlert": "Song already offline in cache",
  "songEnqueueAlert": "Song enqueued!",
  "songRemovedAlert": "Removed from",
  "errorOccuredAlert": "Some error occured!",
  "pipedplstSyncAlert": "Piped playlist synced!",
  "playlistCreatedAlert": "Playlist created!",
  "playlistCreatednsongAddedAlert": "Playlist created & song added!",
  "playlistRenameAlert": "Renamed successfully!",
  "playlistRemovedAlert": "Playlist removed!",
  "playlistBookmarkAddAlert": "Playlist bookmarked!",
  "playlistBookmarkRemoveAlert": "Playlist bookmark removed!",
  "albumBookmarkAddAlert": "Album bookmarked!",
  "albumBookmarkRemoveAlert": "Album bookmark removed!",
  "artistBookmarkAddAlert": "Artist bookmarked!",
  "artistBookmarkRemoveAlert": "Artist bookmark removed!",
  "lyricsNotAvailable": "Lyrics not available!",
  "syncedLyricsNotAvailable": "Synced lyrics not available!",
  "artistDesNotAvailable": "Description not available!",
  "newVersionAvailable": "New version available!",
  "dontShowInfoAgain": "Don't show this info again",
  "dismiss": "Dismiss",
  "notaSongVideo": "Not a Song/Music-Video!",
  "notaValidLink": "Not a valid link!",
  "operationFailed": "Operation failed",
  "goToDownloadPage": "Click here to go to download page",
  "local": "Local",
  "Piped": "Piped",
  "link": "Link",
  "unLink": "Unlink",
  "hintApiUrl": "API URL to Piped instance",
  "customIns": "Custom Instance",
  "customInsSelectMsg": "Please select Custom Instance",
  "selectAuthInsMsg": "Please select Authentication instance!",
  "allFieldsReqMsg": "All fields required",
  "linkPipedDes": "Link with piped for playlists",
  "selectAuthIns": "Select Auth Instance",
  "username": "Username",
  "password": "Password",
  "linkAlert": "Linked successfully!",
  "unlinkAlert": "Unlinked successfully!",
  "playlistBlacklistAlert": "Playlist blacklisted!",
  "reset": "Reset",
  "blacklistPlstResetAlert": "Reset successfully!",
  "resetblacklistedplaylist": "Reset blacklisted playlists",
  "resetblacklistedplaylistDes": "Reset all the piped blacklisted playlists",
  "stopMusicOnTaskClear": "Stop music on task clear",
  "stopMusicOnTaskClearDes": "Music playback will stop when App being swiped away from the task manager",
  "backupAppData": "Backup App data",
  "androidBackupWarning": "Not tested: Selecting the checkbox after downloading more than 60 files, process may consume a large amount of memory and could cause the phone or app to crash. Proceed at your own risk.",
  "backupSettingsAndPlaylistsDes": "Saves all settings, playlists and login data in a backup file",
  "backup": "Backup",
  "letsStrart": "Let's start..",
  "processFiles": "Processing files...",
  "includeDownloadedFiles": "Include downloded songs files",
  "backupInProgress": "Backup in progress...",
  "restoreAppData": "Restore App data",
  "restoreSettingsAndPlaylistsDes": "Restores all settings, login data and playlists from a backup file. Overwrites all current data",
  "backupMsg": "Backup successfully saved!",
  "backFilesFound": "databases found",
  "restoreMsg": "Successfully restored!\nChanges are applied on restart",
  "restoring": "Restoring...",
  "restore": "Restore",
  "closeApp": "Close App",
  "restartApp": "Restart App",
  "exportPlaylist": "Export Playlist",
  "exportingPlaylist": "Exporting playlist...",
  "playlistExportedMsg": "Playlist exported successfully to",
  "exportError": "Error exporting playlist",
  "exportErrorPermission": "Permission denied while exporting",
  "exportErrorStorage": "Not enough storage space",
  "exportErrorFormat": "Error formatting playlist data",
  "importPlaylist": "Import Playlist",
  "importingPlaylist": "Importing playlist...",
  "importPlaylistDesc": "Select a previously exported playlist JSON file to import",
  "selectFile": "Select File",
  "playlistImportedMsg": "Playlist imported successfully",
  "importError": "Error importing playlist",
  "importErrorFileAccess": "Could not access the selected file",
  "importErrorFormat": "Invalid file format",
  "invalidPlaylistFile": "Invalid playlist file structure",
  "importErrorDatabase": "Error saving to database",
  "fileNotFound": "File not found",
  "importLargeFileNote": "Note: Large playlists may take longer to import"
}
