{
    "renamePlaylist": "Alinomi Ludliston",
    "trending": "Populara",
    "cacheSongsDes": "Kaŝmemorigante kantojn dum ludado por estonta/elreta ludado, ĝi prenos plian spacon en via aparato",
    "noLibPlaylist": "Vi ne havas iajn bibliotekajn ludlistojn!",
    "setDiscoverContent": "Agordi malkovran enhavon",
    "networkError1": "Ups, reteraro!",
    "libSongs": "Bibliotekaj Kantoj",
    "communityplaylists": "Komunumaj Ludlistoj",
    "libAlbums": "Bibliotekaj Albumoj",
    "low": "Malalta",
    "languageDes": "Agordi la lingvon de la Aplikaĵo",
    "enqueueAll": "Envicigi ĉiujn",
    "skipSilence": "Preterpasi silenton",
    "create": "Krei",
    "enqueueSong": "Envicigi ĉi tiun kanton",
    "noBookmarks": "Neniuj legosignoj!",
    "playlists": "Ludlistoj",
    "rename": "Alinomi",
    "items": "eroj",
    "startRadio": "Komenci radion",
    "discover": "Malkovri",
    "cacheSongs": "Kaŝmemorigitaj Kantoj",
    "downloads": "Elŝutaĵoj",
    "removeFromLib": "Forigi el la Bibliotekaj Kantoj",
    "libArtists": "Bibliotekaj Artistoj",
    "downloadingFormat": "Formato de la Elsutaĵo-Dosiero",
    "light": "Hela",
    "dynamic": "Dinamika",
    "removePlaylist": "Forigi ludliston",
    "addToPlaylist": "Aldoni al ludlisto",
    "cachedOrOffline": "Kaŝmemorigitaĵoj / Elretaĵoj",
    "retry": "Reprovu!",
    "artists": "Artistoj",
    "albums": "Albumoj",
    "recentlyPlayed": "Lastatempa Luditaĵoj",
    "viewArtist": "Vidi Artiston",
    "createnAdd": "Krei ⳤ aldoni",
    "topmusicvideos": "Plej popularaj Muzikvideoj",
    "systemDefault": "Sistema defaŭlta",
    "ignoreBatOpt": "Ignori baterian optimumigon",
    "singles": "Unuopaĵoj",
    "themeMode": "Haŭta Reĝimo",
    "streamingQualityDes": "Kvalito de la muzika fluo",
    "emptyPlaylist": "Malplena ludlisto!",
    "favorites": "Favoratoj",
    "dark": "Malhela",
    "home": "Hejmo",
    "cancel": "Nuligi",
    "streamingQuality": "Flua kvalito",
    "libPlaylists": "Bibliotekaj Ludlistoj",
    "CreateNewPlaylist": "Krei novan ludliston",
    "language": "Lingvo",
    "skipSilenceDes": "Silento estos preterpasita en muzika ludado",
    "playNext": "Ludi sekvaĵon",
    "songs": "Kantoj",
    "high": "Alta",
    "downloadLocation": "Loko de Elŝutaĵo",
    "settings": "Agordoj",
    "basedOnLast": "Surbaze de lasta interago",
    "downloadingFormatDes": "Elekti la formaton de la elŝutaĵo-dosiero. \"Opus\" provizos plej bonan kvaliton",
    "removeFromPlaylist": "Forigi el ludlisto",
    "noOfflineSong": "Neniuj elretaj kantoj!",
    "featuredplaylists": "Elstarigitaj Ludlistoj",
    "quickpicks": "Rapidelektoj",
    "goToAlbum": "Iri al la albumo",
    "removeFromQueue": "Forigi el la vico",
    "shareSong": "Kunhavigi ĉi tiun kanton",
    "library": "Biblioteko",
    "sleepTimer": "Dormtempumilo",
    "add5Minutes": "Aldoni 5 minutojn",
    "cancelTimer": "Nuligi tempumilon",
    "minutes": "minutoj",
    "endOfThisSong": "Fino de ĉi tiu kanto",
    "homeContentCount": "Hejma kontenta nombro",
    "homeContentCountDes": "Elekti la nombron de komenca hejmekrano-kontenta(proksimume). Malpliaj rezultas en pli rapida ŝarĝado",
    "enableBottomNavDes": "Salti al malsupra navigada breto",
    "equalizerDes": "malfermi sisteman egaligilon",
    "equalizer": "Egaligilo",
    "enableBottomNav": "Malsupra naviga breto",
    "status": "Statuso",
    "synced": "Sinkronigite",
    "results": "Rezultoj",
    "nomatch": "Neniuj kongruoj trovitaj por",
    "subscribers": "abonantoj",
    "about": "Pri",
    "sleepTimeSetAlert": "Via dormtempumilo estas agordite",
    "songRemovedfromQueue": "Foriĝis el la vico!",
    "radioNotAvailable": "Radio maldisponeblas por ĉi tiu artiso!",
    "songEnqueueAlert": "Kanto enviciĝis!",
    "songRemovedAlert": "Foriĝis de",
    "playlistCreatednsongAddedAlert": "Ludlisto kreiĝis ⳤ kanto aldoniĝis!",
    "playlistRenameAlert": "Sukcese alinomiĝis!",
    "playlistRemovedAlert": "Ludlisto foriĝis!",
    "playlistBookmarkAddAlert": "Ludlisto legosigniĝis!",
    "playlistBookmarkRemoveAlert": "Ludlista legosigno foriĝis!",
    "albumBookmarkAddAlert": "Albumo legosigniĝis!",
    "albumBookmarkRemoveAlert": "Albuma legosigno foriĝis!",
    "dontShowInfoAgain": "Ne montri ĉi tiun informon denove",
    "dismiss": "Forsendi",
    "local": "Loka",
    "hintApiUrl": "API URL de Piped instanco",
    "customIns": "Propra Instanco",
    "customInsSelectMsg": "Bonvolu elekti Propran Instancon",
    "selectAuthIns": "Elekti Aŭtentigadan Instancon",
    "linkPipedDes": "Ligi kun Piped por ludlistoj",
    "playlistBlacklistAlert": "Ludlisto nigralistiĝis!",
    "reset": "Rekomenciĝi",
    "unlinkAlert": "Malligiĝis sukcese!",
    "blacklistPlstResetAlert": "Rekomenciĝis sukcese!",
    "stopMusicOnTaskClear": "Ĉesigi la muzikon kiam la taskoj estas forigitaj",
    "stopMusicOnTaskClearDes": "Muzikludado ĉesos kiam la Aplikaĵo estas forŝovumita de la taskadministrilo",
    "resetblacklistedplaylistDes": "Rekomencigi ĉiujn piped nigralistigitajn ludlistojn",
    "ignoreBatOptDes": "Se vi trafas sciigajn problemojn aŭ la ludadon estas ĉesigita far sistema optimumigo, bonvolu ebligu ĉi tiun opcion",
    "by": "je",
    "search": "Serĉi",
    "searchDes": "Kantoj, Ludlisto, Albumo aŭ Artisto",
    "cancelTimerAlert": "Dormtempumilo nuligite",
    "videos": "Videoj",
    "viewAll": "Vidi ĉiuj",
    "plain": "Ebena",
    "upNext": "Sekva",
    "enabled": "Ebligita",
    "pipedplstSyncAlert": "Piped ludlisto sinkroniĝis!",
    "Piped": "Piped",
    "operationFailed": "Operacio malsukcesis",
    "goToDownloadPage": "Alklaku ĉi tie por iri al elŝuta paĝo",
    "link": "Ligi",
    "unLink": "Malligi",
    "username": "Uzantnomo",
    "password": "Pasvorto",
    "linkAlert": "Ligiĝis sukcese!",
    "clearImgCache": "Viŝi bildan kaŝmemoron",
    "clearImgCacheDes": "Alklaku ĉi tie por viŝi kaŝmemorigitajn bildetojn/bildojn. (Ne rekomendita krom se vi volas refreŝigi kaŝmemorigitajn bildajn datumojn)",
    "disabled": "Malebligita",
    "github": "GitHub",
    "for1": "por",
    "songRemovedfromQueueCurrSong": "Vi ne povas forigi nuntempe ludantan kanton",
    "songAlreadyExists": "Kanto jam ekzistas!",
    "backgroundPlay": "Fona muzikludado",
    "searchRes": "Serĉrezultoj",
    "songAddedToPlaylistAlert": "Kanto aldoniĝis al ludlisto!",
    "songAlreadyOfflineAlert": "Kanto jam estas elrete en la kaŝmemoro",
    "playlistCreatedAlert": "Ludlisto kreiĝis!",
    "artistBookmarkAddAlert": "Artisto legosigniĝis!",
    "artistBookmarkRemoveAlert": "Artista legosigno foriĝis!",
    "lyricsNotAvailable": "Kantotekstoj maldisponeblas!",
    "syncedLyricsNotAvailable": "Sinkronigitaj kantotekstoj maldisponeblas!",
    "artistDesNotAvailable": "Priskribo maldisponeblas!",
    "newVersionAvailable": "Nova versio disponeblas!",
    "notaSongVideo": "Ne Kanto/Muzikvideo!",
    "notaValidLink": "Ne valida ligilo!",
    "selectAuthInsMsg": "Bonvolu elekti Aŭtentigadan Instancon!",
    "allFieldsReqMsg": "Ĉiuj kampoj estas bezonataj",
    "backgroundPlayDes": "Ebligi/Malebligi muzikon ludante en la fono (Aplikaĵo estas alirebla de taskopleto kiam aplikaĵo funkcias fone)",
    "githubDes": "Vidi GitHub fontkodon\nse vi ŝatas ĉi tiun projekton, ne forgesu doni ⭐",
    "errorOccuredAlert": "Iu eraro okazis!",
    "resetblacklistedplaylist": "Rekomencigi nigralistigitajn ludlistojn"
}
