{
    "playlistCreatednsongAddedAlert": "¡Lista de reproducción creada y la canción fue añadida!",
    "dismiss": "Descartar",
    "goToDownloadPage": "Haz clic aquí para ir a la página de las descargas",
    "songEnqueueAlert": "¡Canción en la cola!",
    "renamePlaylist": "Renombrar la lista de reproducción",
    "songAddedToPlaylistAlert": "¡Canción añadida a la lista!",
    "unlinkAlert": "¡Desvinculado con éxito!",
    "playlistCreatedAlert": "¡Lista de reproducción creada!",
    "reset": "Restablecer",
    "unLink": "Desvincular",
    "trending": "Tendencias",
    "searchRes": "Resultados de la búsqueda",
    "cacheSongsDes": "Almacenamiento de las canciones en la caché durante la reproducción para futuras reproducciones sin conexión, lo que ocupará espacio adicional en el dispositivo",
    "password": "Contraseña",
    "noLibPlaylist": "¡No tienes ninguna lista de reproducción lib!",
    "setDiscoverContent": "Como se detecta el contenido",
    "networkError1": "¡Vaya, un error en la conexión!",
    "songRemovedfromQueue": "¡Eliminado de la cola!",
    "libSongs": "Canciones de la biblioteca",
    "github": "🎵 Dedicado a alguien especial 🌟",
"githubDes": "La aplicación RhyThm nació de un momento de emoción. Si no te hubieras enojado, tal vez esta creación nunca habría existido.\n\nA veces, las emociones más inesperadas dan lugar a las cosas más hermosas. 💫\n\nGracias por ser la inspiración silenciosa detrás de todo esto. ❤️\n\nSi te gusta este proyecto, no te olvides de darle una ⭐ en GitHub.",
    "communityplaylists": "Listas de reproducción públicas",
    "playlistRemovedAlert": "¡Lista eliminada!",
    "libAlbums": "Álbumes de la biblioteca",
    "albumBookmarkRemoveAlert": "¡Marcador del álbum eliminado!",
    "notaSongVideo": "¡No es una canción/vídeo musical!",
    "ignoreBatOptDes": "Si tienes problemas con las notificaciones o la reproducción se detiene por la optimización del sistema, por favor activa esta opción",
    "for1": "para",
    "low": "Baja",
    "link": "Enlace",
    "selectAuthIns": "Selecciona una Instancia Authance",
    "languageDes": "Idioma de la aplicación",
    "stopMusicOnTaskClear": "Detener la música cuando se limpia la barra de tareas",
    "enqueueAll": "Poner todo en la cola",
    "customInsSelectMsg": "Por favor, selecciona una Instancia personalizada",
    "skipSilence": "Omitir el silencio",
    "create": "Crear",
    "equalizer": "Ecualizador",
    "enqueueSong": "Poner en la cola esta canción",
    "noBookmarks": "¡Sin marcadores!",
    "playlists": "Listas de reproducción",
    "videos": "Vídeos",
    "enabled": "Activado",
    "allFieldsReqMsg": "Todos los campos son obligatorios",
    "artistBookmarkAddAlert": "¡Artista marcado como favorito!",
    "removeFromCache": "Eliminar de la caché",
    "rename": "Cambie el nombre",
    "viewAll": "Ver todo",
    "github": "GitHub",
    "newVersionAvailable": "¡Nueva versión disponible!",
    "items": "elementos",
    "subscribers": "suscriptores",
    "startRadio": "Iniciar la radio",
    "discover": "Descubrir",
    "cacheSongs": "Canciones en caché",
    "songAlreadyExists": "¡La canción ya existe!",
    "libArtists": "Artistas de la biblioteca",
    "username": "Nombre de usuario",
    "light": "Claro",
    "resetblacklistedplaylist": "Restablecer las listas negras",
    "dynamic": "Dinámico",
    "selectAuthInsMsg": "¡Por favor, selecciona la instancia de la autenticación!",
    "equalizerDes": "Ecualizador de sistema abierto",
    "removePlaylist": "Eliminar la lista de reproducción",
    "customIns": "Instancia personalizada",
    "Piped": "Canalizado",
    "addToPlaylist": "Añadir a la lista de reproducción",
    "stopMusicOnTaskClearDes": "La reproducción de la música se detendrá cuando se desplace la aplicación fuera de la barra de tareas",
    "cachedOrOffline": "En caché/sin conexión",
    "retry": "¡Volver a intentarlo!",
    "artists": "Artistas",
    "playlistBookmarkAddAlert": "¡Lista de reproducción favorita!",
    "albums": "Álbumes",
    "radioNotAvailable": "¡Radio no disponible para este artista!",
    "recentlyPlayed": "Reproducido recientemente",
    "viewArtist": "Ver el artista",
    "createnAdd": "Crear y añadir",
    "topmusicvideos": "Vídeos musicales más vistos",
    "about": "Acerca de",
    "playlistBookmarkRemoveAlert": "¡Marcador de lista de reproducción eliminado!",
    "systemDefault": "Predeterminado del sistema",
    "local": "Local",
    "ignoreBatOpt": "Ignorar la optimización de la batería",
    "singles": "Sencillos",
    "linkAlert": "¡Vinculado con éxito!",
    "status": "Estado",
    "themeMode": "Modo del tema",
    "streamingQualityDes": "Calidad de la música",
    "nomatch": "Sin coincidencias para",
    "notaValidLink": "¡No es un enlace válido!",
    "emptyPlaylist": "¡Lista de reproducción vacía!",
    "favorites": "Favoritos",
    "dark": "Oscuro",
    "home": "Inicio",
    "cancel": "Cancelar",
    "by": "por",
    "streamingQuality": "Calidad del streaming",
    "linkPipedDes": "Enlace con las listas de reproducción",
    "libPlaylists": "Listas de reproducción de la biblioteca",
    "disabled": "Desactivado",
    "CreateNewPlaylist": "Crear una nueva lista de reproducción",
    "blacklistPlstResetAlert": "¡Reiniciado con éxito!",
    "language": "Idioma",
    "search": "Buscar",
    "skipSilenceDes": "El silencio se omitirá en la reproducción de la música",
    "playNext": "Siguiente",
    "errorOccuredAlert": "¡Ha ocurrido un error!",
    "songs": "Canciones",
    "high": "Alta",
    "searchDes": "Canciones, Lista de reproducción, Álbum o Artista",
    "results": "Resultados",
    "playlistBlacklistAlert": "¡Lista de reproducción en la lista negra!",
    "artistDesNotAvailable": "¡Descripción no disponible!",
    "songRemovedfromQueueCurrSong": "No puedes eliminar la canción que se está reproduciendo",
    "settings": "Ajustes",
    "basedOnLast": "Según la última interacción",
    "hintApiUrl": "Dirección URL de la API a la instancia de Piped",
    "playlistRenameAlert": "¡Renombrado con éxito!",
    "albumBookmarkAddAlert": "¡Álbum en favoritos!",
    "removeFromPlaylist": "Eliminar de la lista de reproducción",
    "lyricsNotAvailable": "¡Letra no disponible!",
    "dontShowInfoAgain": "No volver a mostrar esta información",
    "noOfflineSong": "¡No hay canciones sin conexión!",
    "featuredplaylists": "Listas de reproducción destacadas",
    "quickpicks": "Selecciones rápidas",
    "artistBookmarkRemoveAlert": "¡Se eliminó el marcador del artista!",
    "operationFailed": "Error en la operación",
    "goToAlbum": "Ir al álbum",
    "removeFromQueue": "Eliminar de la cola",
    "shareSong": "Compartir esta canción",
    "songRemovedAlert": "Eliminado de",
    "resetblacklistedplaylistDes": "Restablecer todas las listas de reproducción en la lista negra",
    "downloads": "Descargas",
    "removeFromLib": "Eliminar las canciones de la biblioteca",
    "downloadingFormat": "Descargar el formato del archivo",
    "songAlreadyOfflineAlert": "Canción sin conexión en la caché",
    "downloadLocation": "Ubicación de la descarga",
    "downloadingFormatDes": "Selecciona el formato del archivo de la descarga. \"Opus\" proporcionará la mejor calidad",
    "add5Minutes": "Añadir 5 minutos",
    "enableBottomNavDes": "Cambiar a la barra de navegación inferior",
    "syncedLyricsNotAvailable": "¡Letra sincronizada no disponible!",
    "synced": "Sincronizado",
    "plain": "Plano",
    "endOfThisSong": "Fin de esta canción",
    "library": "Biblioteca",
    "cancelTimer": "Cancelar temporizador",
    "minutes": "minutos",
    "enableBottomNav": "Barra inferior de navegación",
    "homeContentCount": "Recuento de contenidos",
    "sleepTimeSetAlert": "El temporizador de apagado está activado",
    "homeContentCountDes": "Seleccione el número de contenidos iniciales de la pantalla de inicio (aprox.). Menos resultados carga más rápida",
    "cancelTimerAlert": "Temporizador de reposo cancelado",
    "sleepTimer": "Temporizador",
    "pipedplstSyncAlert": "¡Lista de reproducción de Piped sincronizada!",
    "clearImgCache": "Borrar la caché de imágenes",
    "clearImgCacheDes": "Haga clic aquí para borrar las imágenes en caché. (No se recomienda a menos que desee actualizar los datos de las imágenes en caché)",
    "upNext": "A continuación",
    "backgroundPlay": "Reproducir música de fondo",
    "backgroundPlayDes": "Activar/desactivar la reproducción de música en segundo plano (se puede acceder a la aplicación desde la bandeja del sistema cuando se ejecuta en segundo plano)",
    "deleteDownloadData": "Eliminar de las descargas",
    "deleteDownloadedDataAlert": "¡Eliminado exitosamente de las descargas!",
    "reArrangePlaylist": "Reorganizar la lista de reproducción",
    "removeMultiple": "Eliminar varias canciones",
    "addMultipleSongs": "Añadir canciones a la lista de reproducción",
    "restoreLastPlaybackSessionDes": "Restaura automáticamente la última sesión de reproducción al iniciar la aplicación",
    "restoreLastPlaybackSession": "Restaurar la última sesión de reproducción",
    "cacheHomeScreenDataDes": "Si esta opción está activada, la pantalla de inicio se cargará instantáneamente",
    "cacheHomeScreenData": "Caché de datos del contenido de la pantalla de inicio",
    "exportDowloadedFiles": "Exportar archivos descargados",
    "exportedFileLocation": "Ubicación de exportación del archivo descargado",
    "export": "Exportar",
    "exporting": "Exportando…",
    "disableTransitionAnimation": "Desactivar la animación de la transición",
    "exportDowloadedFilesDes": "Haga clic aquí para exportar el archivo descargado del directorio de la aplicación a un directorio externo",
    "scanning": "Escaneando…",
    "downFilesFound": "archivos descargados encontrados",
    "disableTransitionAnimationDes": "Active esta opción para desactivar la animación de la transición de las pestañas",
    "close": "Cerrar",
    "exportMsg": "Archivos exportados correctamente",
    "clearImgCacheAlert": "Imágenes en la caché borradas con éxito",
    "openIn": "Abrir en",
    "backupSettingsAndPlaylists": "Configuración de copia de seguridad y listas de reproducción",
    "restoreMsg": "¡Restaurado correctamente! \nLos cambios se aplicarán al reiniciar",
    "backupSettingsAndPlaylistsDes": "Guarda todas las configuraciones, listas de reproducción y datos de inicio de sesión en una copia de seguridad",
    "restoreSettingsAndPlaylists": "Restaurar los ajustes y listas de reproducción",
    "restoreSettingsAndPlaylistsDes": "Restaura todos los ajustes, datos de inicio de sesión y listas de reproducción desde un archivo de copia de seguridad. Sobrescribe todos los datos actuales",
    "backupMsg": "¡Copia de seguridad guardada exitosamente!",
    "backFilesFound": "bases de datos encontradas",
    "restoring": "Restaurando...",
    "restore": "Restaurar",
    "closeApp": "Cerrar la aplicación",
    "includeDownloadedFiles": "Incluir canciones descargadas",
    "backupInProgress": "Copia de seguridad en progreso...",
    "restoreAppData": "Restaurar datos de la aplicación",
    "backupAppData": "Copia de seguridad de datos de la aplicación",
    "backup": "Copia de seguridad",
    "letsStrart": "Vamos a empezar..",
    "processFiles": "Procesando archivos...",
    "restartApp": "Reiniciar la aplicación",
    "id": "Id",
    "songInfo": "Información de la canción",
    "title": "Título",
    "duration": "Duración",
    "audioCodec": "Codec de audio",
    "bitrate": "Tasa de bits",
    "loudnessDb": "IntensidadDb",
    "appInfo": "Información de la aplicación",
    "download": "Descargar",
    "downloadError2": "La canción solicitada no se puede descargar debido a una restricción del servidor. Puedes intentarlo nuevamente",
    "content": "Contenido",
    "loudnessNormalization": "Normalización del volumen",
    "urlSearchDes": "URL detectada haz clic en ella para abrir/reproducir el contenido asociado",
    "queuerearrangingDeniedMsg": "La cola no se puede reorganizar cuando el modo aleatorio está habilitado",
    "songNotPlayable": "¡La canción no se puede reproducir debido a la restricción del servidor!",
    "networkError": "¡Error de red! Verifica tu conexión.",
    "downloadError3": "¡La descarga falló debido a un error de red! Inténtalo de nuevo",
    "music&Playback": "Música y reproducción",
    "androidBackupWarning": "No probado: si seleccionas la casilla de verificación después de descargar más de 60 archivos, el proceso puede consumir una gran cantidad de memoria y provocar que el teléfono o la aplicación se bloqueen. Continúa bajo tu propio riesgo.",
    "personalisation": "Personalización",
    "loudnessNormalizationDes": "Establece el mismo nivel de volumen para todas las canciones (Experimental) (No funcionará en canciones descargadas en versiones anteriores (< v1.10.0))",
    "queueShufflingDeniedMsg": "La cola no se puede mezclar cuando el modo aleatorio está habilitado",
    "playerUiDes": "Seleccionar la interfaz de usuario del reproductor",
    "gesture": "Gestos",
    "playerUi": "Interfaz de usuario del reproductor",
    "standard": "Estándar",
    "enableSlidableAction": "Habilitar acciones deslizables",
    "enableSlidableActionDes": "Activar acciones deslizables en el mosaico de las canciones",
    "playnextMsg": "Próximamente",
    "shuffleQueue": "Cola aleatoria",
    "queueLoopNotDisMsg2": "La cola en bucle no se puede activar en el modo radio.",
    "queueLoop": "Cola continua",
    "queueLoopNotDisMsg1": "El modo cola en bucle no puede ser desactivado cuando está habilitado el modo aleatorio.",
    "autoDownFavSong": "Descarga automática de canciones favoritas",
    "autoDownFavSongDes": "Descarga automática de canciones cuando se añaden a favoritas",
    "misc": "Varios",
    "resetToDefault": "Restaurar configuración predeterminada",
    "resetToDefaultDes": "Restaura la configuración de la aplicación a los valores predeterminados (es necesario reiniciar)",
    "resetToDefaultMsg": "Se ha restaurado la configuración a los valores predeterminados, Reinicie la aplicación",
    "playingfromAlbum": "REPRODUCIENDO DESDE ÁLBUM",
    "playingfromPlaylist": "REPRODUCIENDO DESDE LISTA DE REPRODUCCIÓN",
    "playingfromSelection": "REPRODUCIENDO DESDE SELECCIÓN",
    "playingfromArtist": "REPRODUCIENDO DESDE ARTISTA",
    "randomSelection": "Selección Aleatoria",
    "randomRadio": "Radio Aleatorio",
    "autoOpenPlayer": "Abrir automáticamente pantalla del reproductor",
    "autoOpenPlayerDes": "Activar/desactivar la apertura automática del reproductor a pantalla completa al seleccionar una canción a reproducir",
    "album": "Álbum",
    "reArrangeSongs": "Reordenar canciones",
    "selectSongs": "Seleccionar canciones",
    "selectAll": "Selecionar todo",
    "exportError": "Error al exportar la lista de reproducción",
    "exportErrorPermission": "Permiso denegado al exportar",
    "exportErrorStorage": "Espacio de almacenamiento insuficiente",
    "exportErrorFormat": "Error al formatear los datos de la lista de reproducción",
    "importPlaylist": "Importar lista de reproducción",
    "importingPlaylist": "Importando lista de reproducción...",
    "selectFile": "Seleccionar Archivo",
    "invalidPlaylistFile": "Estructura de archivo de lista de reproducción no válida",
    "importErrorDatabase": "Error al guardar en la base de datos",
    "fileNotFound": "Archivo no encontrado",
    "playlistImportedMsg": "Lista de reproducción importada correctamente",
    "playlistExportedMsg": "Lista de reproducción exportada correctamente a",
    "importError": "Error al importar la lista de reproducción",
    "importErrorFileAccess": "No se ha podido acceder al archivo seleccionado",
    "importErrorFormat": "Formato de archivo no válido",
    "exportingPlaylist": "Exportando lista de reproducción..",
    "exportPlaylist": "Exportar Lista de Reproducción",
    "importPlaylistDesc": "Seleccione un archivo JSON de lista de reproducción previamente exportado para importarlo",
    "importLargeFileNote": "Nota: Las listas de reproducción grandes pueden tardar más en importarse"
}
