{
    "home": "Avaleht",
    "songs": "Lood",
    "playlists": "Esitusloendid",
    "albums": "Albumid",
    "settings": "Seadistused",
    "library": "Muusikakogu",
    "libSongs": "Lood muusikakogus",
    "libPlaylists": "Esitusloendid muusikakogus",
    "libAlbums": "Albumid muusikakogus",
    "libArtists": "Esitajad muusikakogus",
    "communityplaylists": "Kogukonna esitusloendid",
    "featuredplaylists": "Esiletõstetud esitusloendid",
    "items": "kirjed",
    "noOfflineSong": "Allalaaditud lugusid ei leidu!",
    "renamePlaylist": "Muuda esitusloendi nime",
    "removePlaylist": "Kustuta esitusloend",
    "reArrangePlaylist": "Korralda esitusloend ümber",
    "removeMultiple": "Eemalda mitu lugu",
    "startRadio": "Pane raadio tööle",
    "playNext": "Esita järgmisena",
    "addToPlaylist": "Lisa esitusloendisse",
    "noLibPlaylist": "Sul pole meediakogus ühtegi esitusloendit!",
    "enqueueSong": "Lisa see lugu esitusjärjekorda",
    "shareSong": "Jaga seda lugu",
    "removeFromQueue": "Eemalda esitusjärjekorrast",
    "playnextMsg": "Järgmisena esitamisel",
    "queueLoopNotDisMsg1": "Esitusjärjekorra kordamine ei ole võimalik, kui segamisrežiim on juba kasutusel.",
    "removeFromLib": "Eemalda meediakogust",
    "sleepTimer": "Unetaimer",
    "cancelTimer": "Katkesta taimer",
    "endOfThisSong": "Selle loo lõpuni",
    "appInfo": "Rakenduse teave",
    "downloadError3": "Allalaadimine ei õnnestunud võrguühenduse või meediavoo vea tõttu! Palun proovi uuesti",
    "music&Playback": "Muusika ja taasesitus",
    "content": "Sisu",
    "personalisation": "Muuda rakendus isikupäraseks",
    "themeMode": "Kujunduse valik",
    "dynamic": "Dünaamiline",
    "dark": "Tume kujundus",
    "language": "Keel",
    "playerUiDes": "Vali meediamängija kasutajaliides",
    "standard": "Standardne",
    "gesture": "Žestide-põhine",
    "languageDes": "Vali rakenduse keel",
    "setDiscoverContent": "Vali uue sisu avastamise viis",
    "quickpicks": "Kiirvalikud",
    "discover": "Avastamised",
    "trending": "Populaarsust koguvad lood",
    "topmusicvideos": "Populaarsed muusikavideod",
    "basedOnLast": "Sinu viimaste tegevuste alusel",
    "restoreLastPlaybackSession": "Taasta viimane muusikasessioon",
    "homeContentCountDes": "Vali avalehe algse sisu maht (umbkaudselt). Väiksem number võimaldab kiiremat laadimist",
    "enableBottomNavDes": "Kasuta alumist liikumisriba",
    "skipSilence": "Jäta vaikus vahele",
    "skipSilenceDes": "Muusika esitamisel jäävad vaiksed lõigud vahele",
    "streamingQualityDes": "Esitatava meediavoo kvaliteet bititiheduse näol",
    "enableSlidableAction": "Kasuta liuglevaid toimingud",
    "enableSlidableActionDes": "Kasuta lugude ribal liuglevaid toiminguid",
    "downloadLocation": "Allalaadimiste asukoht",
    "cacheHomeScreenDataDes": "Kasuta avalehe vaate sisu puhverdamist - see tagab, et avavaade avaneb koheselt",
    "downloadingFormat": "Failivorming allalaadimiseks",
    "downloadingFormatDes": "Vali eelistatav failivorming allalaadimisel. Opus tagab parima kvaliteedi",
    "exportDowloadedFilesDes": "Klõpsi siin, et eksportida allalaaditud failid rakenduse töökaustast mõnda välisesse kausta",
    "exportedFileLocation": "Allalaaditud failide ekspordikaust",
    "export": "Ekspordi",
    "exporting": "Ekspordime...",
    "close": "Sulge",
    "equalizerDes": "Ava süsteemi ekvalaiser",
    "clearImgCache": "Eemalda puhverdatud pildid",
    "clearImgCacheAlert": "Puhverdatud piltide eemaldamine õnnestus",
    "ignoreBatOpt": "Eira akukasutuse optimeerimist",
    "ignoreBatOptDes": "Kui sinu nutiseadmes tekib probleeme teavitustega või süsteem paneb taustal toimiva taasesituse kinni, siis palun võta see eelistus kasutusele",
    "status": "Olek",
    "github": "🎵 Pühendatud kellelegi erilisele 🌟",
"githubDes": "RhyThm rakendus sündis emotsionaalsest hetkest. Kui sa poleks tol hetkel pahandanud, ei oleks see looming võib-olla kunagi sündinud.\n\nVahel viivad kõige ootamatumad tunded kõige ilusamate asjadeni. 💫\n\nAitäh, et olid vaikne inspiratsioon kõige selle taga. ❤️\n\nKui sulle see projekt meeldib, siis ära unusta GitHubis ⭐ lisada.",
    "by": "autorilt",
    "urlSearchDes": "Eesmärgiga avada/esitada seotud sisu tuvastasime klõpsu võrguaadressil",
    "search": "Otsi",
    "searchRes": "Otsingutulemused",
    "for1": "otsingule",
    "videos": "Videod",
    "viewAll": "Näita kõiki",
    "results": "Tulemused",
    "nomatch": "Ei leidunud tulemusi otsingusõnale",
    "subscribers": "tellijat",
    "about": "Teave",
    "synced": "Sünkroniseeritud",
    "plain": "Lihtne",
    "title": "Nimi",
    "deleteDownloadedDataAlert": "Allalaadimistest eemaldamine õnnestus!",
    "cancelTimerAlert": "Unetaimeri töö on lõpetatud",
    "sleepTimeSetAlert": "Oled unetaimeri seadistanud",
    "radioNotAvailable": "Sellele esitajale ei leidu raadiovaadet!",
    "songAddedToPlaylistAlert": "Lugu on lisatud esitusloendisse!",
    "songAlreadyExists": "Lugu on juba olemas!",
    "songEnqueueAlert": "Lugu on lisatud esitusjärjekorda!",
    "songRemovedAlert": "Eemaldatud asukohast",
    "playlistCreatedAlert": "Esitusloend on loodud!",
    "playlistCreatednsongAddedAlert": "Esitusloend on loodud ja lugu on lisatud!",
    "playlistBookmarkAddAlert": "Esitusloend on lisatud järjehoidjana!",
    "playlistBookmarkRemoveAlert": "Esitusloendi järjehoidja on eemaldatud!",
    "albumBookmarkRemoveAlert": "Albumi järjehoidja on eemaldatud!",
    "newVersionAvailable": "Uus versioon on saadaval!",
    "dismiss": "Katkesta",
    "notaSongVideo": "Pole muusika ega muusikavideo!",
    "notaValidLink": "Link pole korrektne!",
    "local": "Kohalik",
    "Piped": "Piped",
    "unLink": "Eemalda ühendus",
    "customInsSelectMsg": "Palun vali oma server",
    "selectAuthIns": "Vali autentimisserver",
    "password": "Salasõna",
    "linkAlert": "Ühendamine õnnestus!",
    "playlistBlacklistAlert": "Esitusloend on nüüd keelatud!",
    "reset": "Lähtesta",
    "blacklistPlstResetAlert": "Lähtestamine õnnestus!",
    "resetblacklistedplaylist": "Lähtesta keelatud esitusloendid",
    "stopMusicOnTaskClear": "Tegumist eemaldamisel peata muusika esitamine",
    "backupSettingsAndPlaylistsDes": "Sellega salvestad kõik seadistused, esitusloendid ja sisselogimisandmed varukoopia faili",
    "letsStrart": "Alustame..",
    "processFiles": "Töötleme faile..",
    "includeDownloadedFiles": "Kaasa allalaaditud lugude failid",
    "backupInProgress": "Varukoopia on tegemisel...",
    "backupMsg": "Varukoopia salvestamine õnnestus!",
    "restoreMsg": "Andmete taastamine õnnestus!\nMuudatused jõustuvad rakenduse järgmisel käivitusel",
    "restoring": "Taastame...",
    "restore": "Taasta",
    "closeApp": "Sulge rakendus",
    "restartApp": "Käivita rakendus uuesti",
    "singles": "Singlid",
    "artists": "Esitajad",
    "queueLoopNotDisMsg2": "Esitusjärjekorra kordamine ei ole võimalik, kui raadiorežiim on juba kasutusel.",
    "deleteDownloadData": "Eemalda allalaadimiste kaustast",
    "add5Minutes": "Lisa 5 minutit",
    "download": "Laadi alla",
    "minutes": "minutit",
    "networkError": "Võrguühenduse viga! Palun kontrolli oma nutiseadme veebiühenduse toimimist.",
    "downloadError2": "Soovitud lugu pole serveripoolsete piiranguet tõttu allalaaditav. Siiski võid veel proovida",
    "networkError1": "Ohooo, võrguviga!",
    "recentlyPlayed": "Hiljuti esitatud",
    "cachedOrOffline": "Puhverdatud/allalaaditud",
    "downloads": "Allalaadimised",
    "retry": "Proovi uuesti!",
    "favorites": "Lemmikud",
    "CreateNewPlaylist": "Loo uus esitusloend",
    "emptyPlaylist": "Tühi esitusloend!",
    "enqueueAll": "Lisa kõik esitusjärjekorda",
    "addMultipleSongs": "Lisa esitusloendisse lugusid",
    "cancel": "Katkesta",
    "create": "Loo",
    "rename": "Muuda nime",
    "noBookmarks": "Järjehoidjaid pole!",
    "createnAdd": "Loo ja lisa",
    "goToAlbum": "Vaata albumit",
    "viewArtist": "Vaata esitajat",
    "openIn": "Ava rakendusega",
    "removeFromPlaylist": "Eemalda esitusloendist",
    "queueShufflingDeniedMsg": "Esitusjärjekorda ei saa segada, kui segamisrežiim on juba kasutusel",
    "playerUi": "Meediamängija kasutajaliides",
    "systemDefault": "Süsteemi kujundus",
    "light": "Hele kujundus",
    "queuerearrangingDeniedMsg": "Esitusjärjekorda ei saa ümber korraldada, kui segamisrežiim on juba kasutusel",
    "upNext": "Järgmisena",
    "shuffleQueue": "Sega esitusjärjekord",
    "songNotPlayable": "Lugu ei saa esitada serveri seatud piirangu tõttu!",
    "queueLoop": "Korda esitusjärjekorda",
    "restoreLastPlaybackSessionDes": "Rakenduse käivitamisel taasta viimane sessioon ja jätka sealt, kus pooleli jäi",
    "homeContentCount": "Avalehe loendi pikkus",
    "enableBottomNav": "Alumine liikumisriba",
    "cacheSongs": "Puhverda lood",
    "loudnessNormalization": "Helivaljuse normaliseerimine",
    "cacheSongsDes": "Puhverda esitamisel lood tulevase taasesituse jaoks, sealhulgas vallasrežiimis. See eelistus suurendab sinu arvutis või nutiseadmes kasutatava andmeruumi mahtu",
    "loudnessNormalizationDes": "Seadista kõikidele esitatavatele lugudele sama helivaljus (katseline funktsionaalsus). (See ei toimi rakenduse varasema versiooniga allalaaditud lugude puhul (< v1.10.0))",
    "streamingQuality": "Voogesituse kvaliteet",
    "disableTransitionAnimation": "Keela animatsioonid üleminekutel",
    "disableTransitionAnimationDes": "Selle eelistusega keelad kasutajaliideses kuvatavad animeeritud üleminekud toimingute lõpus",
    "high": "Kõrge",
    "low": "Madal",
    "backgroundPlay": "Muusika esitamine taustal",
    "cacheHomeScreenData": "Puhverda avalehe sisu",
    "backgroundPlayDes": "Lülita muusika taustal esitamine sisse või välja (kui rakendus töötab taustal, siis saad talle ligi ikoonist süsteemisalves)",
    "disabled": "Pole kasutusel",
    "exportDowloadedFiles": "Ekspordi allalaaditud failid",
    "downFilesFound": "allalaaditud faili leitud",
    "scanning": "Otsime faile...",
    "equalizer": "Ekvalaiser",
    "exportMsg": "Failide eksportimine õnnestus",
    "clearImgCacheDes": "Klõpsi siin kõikide puhverdatud pildite ja pisipiltide eemaldamiseks. (Mõtet teha vaid siis, kui tahad tagada, et kõik pildid saavad uuendatud)",
    "enabled": "Kasutusel",
    "github": "GitHub",
    "searchDes": "Lugu, esitusloend, album või esitaja",
    "songInfo": "Loo teave",
    "id": "Tunnus",
    "bitrate": "Bitikiirus",
    "duration": "Kestus",
    "audioCodec": "Audiokoodek",
    "loudnessDb": "Helivaljus",
    "songRemovedfromQueue": "Esitusjärjekorrast eemaldatud!",
    "songRemovedfromQueueCurrSong": "Hetkel esitamisel olevat lugu ei saa eemaldada",
    "songAlreadyOfflineAlert": "Lugu on juba puhverdatud",
    "errorOccuredAlert": "Tekkis mingit sorti viga!",
    "pipedplstSyncAlert": "Teenuses Piped koostatud esitusloend on sünkroniseeritud!",
    "albumBookmarkAddAlert": "Album on lisatud järjehoidjana!",
    "artistBookmarkAddAlert": "Esitaja on lisatud järjehoidjana!",
    "playlistRenameAlert": "Nime muutmine õnnestus!",
    "playlistRemovedAlert": "Esitusloend on eemaldatud!",
    "artistBookmarkRemoveAlert": "Esitaja järjehoidja on eemaldatud!",
    "artistDesNotAvailable": "Kirjeldus pole saadaval!",
    "lyricsNotAvailable": "Laulusõnad pole saadaval!",
    "syncedLyricsNotAvailable": "Sünkroniseeritud laulusõnad pole saadaval!",
    "dontShowInfoAgain": "Ära näita seda teavet enam uuesti",
    "operationFailed": "Toiming ei õnnestunud",
    "goToDownloadPage": "Allalaadimislehe vaatamiseks klõpsi siin",
    "link": "Ühenda",
    "linkPipedDes": "Seo Piped'i teenuses leiduvate esitusloenditega",
    "allFieldsReqMsg": "Kõikide väljade täitmine on nõutav",
    "hintApiUrl": "Piped'i serveri API võrguaadress",
    "customIns": "Sinu valitud server",
    "selectAuthInsMsg": "Palun vali autentimisserver!",
    "username": "Kasutajanimi",
    "restoreSettingsAndPlaylistsDes": "Sellega taastad kõik seadistused, esitusloendid ja sisselogimisandmed varukoopia failist. Senised andmed kirjutatakse üle",
    "backFilesFound": "leidsime andmebaasid",
    "unlinkAlert": "Ühenduse eemaldamine õnnestus!",
    "resetblacklistedplaylistDes": "Lähtesta kõik teenuses Piped keelatud esitusloendid",
    "stopMusicOnTaskClearDes": "Muusika taasesitus lõppeb, kui eemaldad rakenduse tegumihaldurist",
    "backupAppData": "Tee rakenduse andmestest varukoopia",
    "androidBackupWarning": "Pole testitud: Märkeruudu valimine peale enam kui 60 faili allalaadimist tekitab olukorra, kus rakenduse protsess haarab suure hulga mälu, mis võib põhjustada nii rakenduse kui ka nutiseadme kokkujooksmist. Jätka omal vastutusel.",
    "backup": "Varunda",
    "restoreAppData": "Taasta rakenduse andmed varukoopiast",
    "autoDownFavSongDes": "Kui lugu on lisatud lemmikuks, siis laadi ta automaatselt alla",
    "autoDownFavSong": "Laadi lemmiklood automaatselt alla",
    "resetToDefaultMsg": "Vaikimisi seadistuste taastamine lõppes, palun käivita rakendus uuesti",
    "misc": "Varia",
    "resetToDefaultDes": "Taasta rakenduse vaikimisi seadistused (eeldab rakenduse uuesti käivitamist)",
    "resetToDefault": "Taasta vaikimisi seadistused",
    "autoOpenPlayer": "Ava esitusvaade automaatselt",
    "autoOpenPlayerDes": "Kas esitatava loo valimisel avaneb esitusvaade automaatselt",
    "album": "Album",
    "playingfromAlbum": "ESITAMISEL ALBUMIST",
    "playingfromPlaylist": "ESITAMISEL ESITUSLOENDIST",
    "playingfromSelection": "ESITAMISEL VALIKUST",
    "randomSelection": "Juhuslik valik",
    "playingfromArtist": "ESITAMISEL ESITAJAST",
    "randomRadio": "Juhuslik radio",
    "selectAll": "Vali kõik",
    "reArrangeSongs": "Muuda lugude järjekorda",
    "selectSongs": "Vali lood",
    "importErrorFormat": "Vigane failivorming",
    "importError": "Viga esitusloendi importimisel",
    "selectFile": "Vali fail",
    "exportPlaylist": "Ekspordi esitusloend",
    "exportingPlaylist": "Ekspordin esitusloendit...",
    "invalidPlaylistFile": "Vigane esitusloendi struktuur",
    "exportErrorPermission": "Eksportimisel polnud piisavalt õigusi",
    "exportErrorStorage": "Ei jagunud piisavalt andmeruumi",
    "importLargeFileNote": "Märkus: suurte esitusloendite importimiseks võib kuluda aega",
    "playlistExportedMsg": "Esitusloend on eksporditud siia:",
    "exportError": "Viga esitusloendi eksportimisel",
    "exportErrorFormat": "Viga esitusloendi andmete vormindamisel",
    "importPlaylist": "Impordi esitusloend",
    "importingPlaylist": "Impordin esitusloendit...",
    "importPlaylistDesc": "Vali importimiseks mõni varemeksporditud esitusloendi json-fail",
    "playlistImportedMsg": "Esitusloendi importimine õnnestus",
    "importErrorFileAccess": "Valitud failile puudus ligipääs",
    "importErrorDatabase": "Viga salvestamisel andmebaasi",
    "fileNotFound": "Faili ei leidu"
}
