{
    "songs": "Abestiak",
    "playlists": "Erreprodukzio-zerrendak",
    "albums": "Albumak",
    "settings": "Ezarpenak",
    "library": "Musikategia",
    "libSongs": "Musikategiko abestiak",
    "libPlaylists": "Musikategiko erreprodukzio-zerrendak",
    "libArtists": "Musikategiko artistak",
    "communityplaylists": "Erreprodukzio-zerrenda komunitarioa",
    "featuredplaylists": "Nabarmendutako erreprodukzio-zerrendak",
    "items": "gaiak",
    "recentlyPlayed": "Berriki entzundakoak",
    "favorites": "Gustukoenak",
    "downloads": "Deskargak",
    "emptyPlaylist": "Erreprodukzio-zerrenda hutsik da!",
    "enqueueAll": "Guztiak ilarara gehitu",
    "renamePlaylist": "Erreprodukzio-zerrenda berrizendatu",
    "removePlaylist": "Erreprodukzio-zerrenda ezabatu",
    "CreateNewPlaylist": "Erreprodukzio-zerrenda berria sortu",
    "reArrangePlaylist": "Erreprodukzio-zerrenda berrantolatu",
    "removeMultiple": "Hainbat abesti ezabatu",
    "addMultipleSongs": "Abestiak erreprodukzio-zerrendara gehitu",
    "create": "Sortu",
    "rename": "Berrizendatu",
    "createnAdd": "Sortu eta gehitu",
    "noBookmarks": "Markagailurik ez!",
    "startRadio": "Irratia abiatu",
    "addToPlaylist": "Erreprodukzio-zerrendara gehitu",
    "noLibPlaylist": "Ez duzu erreprodukzio-zerrendarik!",
    "goToAlbum": "Albumera joan",
    "viewArtist": "Artista ikusi",
    "removeFromPlaylist": "Erreprodukzio-zerrendatik kendu",
    "queuerearrangingDeniedMsg": "Ilara ezin da berrantolatu, ausazko modua aktibatuta dagoenean",
    "songNotPlayable": "Abestia ezin da erreproduzitu, zerbitzariak dituen mugengatik!",
    "upNext": "Jarraian",
    "shuffleQueue": "Ilara nahastu",
    "queueLoop": "Ilara buklean entzun",
    "removeFromLib": "Abestien bildumatik kendu",
    "sleepTimer": "Tenporizadorea",
    "add5Minutes": "5 minutu gehitu",
    "cancelTimer": "Tenporizadorea ezeztatu",
    "minutes": "minutu",
    "endOfThisSong": "Abestiaren bukaera",
    "appInfo": "Aplikazioari buruzko informazioa",
    "downloadError2": "Eskatutako abestia ezin da deskargatu zerbitzariaren murrizketa dela eta. Berriro saiatu",
    "downloadError3": "Sareko akats baten ondorioz, deskargak huts egin du! Mesedez, saia zaitez berriro",
    "music&Playback": "Musika eta erreprodukzioa",
    "personalisation": "Pertsonalizazioa",
    "themeMode": "Gaiak",
    "dynamic": "Dinamikoa",
    "systemDefault": "Sistemak lehenetsitakoa",
    "dark": "Iluna",
    "light": "Argia",
    "language": "Hizkuntza",
    "standard": "Estandarra",
    "gesture": "Keinuen bitartekoa",
    "languageDes": "Aplikazioaren hizkuntza hautatu",
    "setDiscoverContent": "Detekzio-edukia ezarri",
    "quickpicks": "Hautaketa azkarrak",
    "discover": "Deskubritu",
    "trending": "Joerak",
    "topmusicvideos": "Bideo musikal onenak",
    "basedOnLast": "Azken interakzioan oinarritua",
    "restoreLastPlaybackSession": "Azken erreprodukzio-saioa berrezarri",
    "restoreLastPlaybackSessionDes": "Aplikazioaren hasieran, azken erreprodukzio-saioa automatikoki berrezarri",
    "homeContentCount": "Orrialde nagusiaren edukiaren kontaketa",
    "homeContentCountDes": "Hasierako pantailaren hasierako edukiaren zenbakia hautatu (gutxi gora-behera). Zenbat eta emaitza gutxiago, hainbat eta karga azkarragoa",
    "enableBottomNav": "Barra nabigatzailearen botoia",
    "enableBottomNavDes": "Barra nabigatzailearen botoira aldatu",
    "cacheSongs": "Katxeatutako abestiak",
    "cacheSongsDes": "Abestiak katxean biltegiratzearekin batera konexiorik gabe erreproduzitzeak, espazio gehigarria hartuko du zure gailuan",
    "skipSilence": "Isiltasuna hautsi",
    "skipSilenceDes": "Isiltasuna ez da musika erreproduzitzean izango",
    "loudnessNormalization": "Sonoritatearen normalizazioa",
    "streamingQuality": "Zuzenekoaren kalitatea",
    "streamingQualityDes": "Zuzeneko musikaren kalitatea",
    "disableTransitionAnimation": "Animazioak trantsizioetan kendu",
    "enableSlidableActionDes": "Gaitu ekintza irristagarriak abestien fitxan",
    "high": "Altua",
    "low": "Baxua",
    "backgroundPlay": "Atzealdeko musika erreproduzitu",
    "cacheHomeScreenDataDes": "Gaitu hasierako pantailako edukiaren datuak cachean gordetzea. Hasierako pantaila berehala kargatuko da aukera hau gaituta badago",
    "downloadingFormat": "Deskargatutako fitxategiaren formatua",
    "downloadingFormatDes": "Hautatu deskargatzeko fitxategi-formatua. \"Opus\"-ek kalitate onena emango du",
    "exportedFileLocation": "Deskargatutako fitxategiaren esportazioaren kokapena",
    "export": "Esportatu",
    "exporting": "Esportazioa gauzatzen...",
    "scanning": "Eskaneatzea burutzen...",
    "close": "Itxi",
    "exportMsg": "Fitxategiak ongi esportatu dira",
    "equalizer": "Ekualizadorea",
    "equalizerDes": "Sistemaren ekualizadorea ireki",
    "clearImgCache": "Irudien katxea garbitu",
    "clearImgCacheDes": "Egin klik hemen katxean gordetako irudi txikiak/irudiak garbitzeko. (Ez da gomendagarria, katxeko irudien datuak freskatu nahi ez badira behintzat)",
    "github": "🎵 Norbait berezi bati eskainia 🌟",
"githubDes": "RhyThm aplikazioa une emozional batetik sortu zen. Une hartan haserretu izan ez bazina, agian sorkuntza hau inoiz existitu ez zen izango.\n\nBatzuetan, ustekabeko emozioek gauzarik ederrenak sortzen dituzte. 💫\n\nEskerrik asko hau guztia isilpeko inspirazioz gidatzeagatik. ❤️\n\nProiektua gustukoa baduzu, ez ahaztu GitHub-en ⭐ ematea."
,
    "by": "-(ren) eskutik",
    "urlSearchDes": "Url-a detektatu da. Bertan klik egin, lotutako edukia ireki/erreproduzitzeko",
    "search": "Bilatu",
    "searchDes": "Abestiak, erreprodukzio-zerrenda, albuma edo artista",
    "searchRes": "Bilaketaren emaitzak",
    "for1": "-(r)entzat",
    "videos": "Bideoak",
    "songInfo": "Abestiari buruzko informazioa",
    "audioCodec": "Audioaren kodekak",
    "bitrate": "Bit jarioa",
    "sleepTimeSetAlert": "Lo egiteko tenporizadorea ezarrita dago",
    "radioNotAvailable": "Irratia ez dago eskuragarri artista honentzat!",
    "songAlreadyExists": "Abestia existitzen da jada!",
    "songAlreadyOfflineAlert": "Abestia dagoeneko konexiorik gabe katxean",
    "songEnqueueAlert": "Abestia ilaran jarrita!",
    "pipedplstSyncAlert": "Kanalizatutako erreprodukzio-zerrenda sinkronizatuta!",
    "playlistCreatedAlert": "Erreprodukzio-zerrenda sortua!",
    "playlistBookmarkRemoveAlert": "Erreprodukzio-zerrendaren markagailua kendua!",
    "newVersionAvailable": "Bertsio berria eskuragarri dago!",
    "dontShowInfoAgain": "Ez ezazu informazio hau berriro erakutsi",
    "notaSongVideo": "Ez dago abesti/musika-bideorik!",
    "hintApiUrl": "API URL kanalizatutako instantziara",
    "customIns": "Instantzia lehenetsia",
    "customInsSelectMsg": "Instantzia lehenetsia hautatu, mesedez",
    "selectAuthInsMsg": "Mesedez, hautatu autentifikazio instantzia!",
    "selectAuthIns": "Hautatu autentifikaziorako instantzia",
    "resetblacklistedplaylistDes": "Berrezarri kanalizatutako zerrenda beltzeko zerrenda guztiak",
    "stopMusicOnTaskClear": "Gelditu musika zereginen garbiketa burutzerakoan",
    "stopMusicOnTaskClearDes": "Musika-erreprodukzioa geldituko da aplikazioa zeregin-kudeatzailetik urruntzen denean",
    "backupAppData": "Aplikazioaren datuen babeskopia egin",
    "androidBackupWarning": "Ez da probatu: 60 fitxategi baino gehiago deskargatu ondoren kontrol-laukia hautatzen baduzu, prozesuak memoria kopuru handia kontsumi dezake eta telefonoa edo aplikazioa huts egin dezake. Jarrai ezazu zure ardurapean.",
    "letsStrart": "Has gaitezen...",
    "restoreSettingsAndPlaylistsDes": "Babeskopia fitxategi batetik ezarpen guztiak, saioa hasteko datuak eta erreprodukzio-zerrendak leheneratzen ditu. Uneko datu guztiak gainidazten ditu",
    "restoreMsg": "Ongi berrezarri da!\nAldaketak aplikatuko dira berrabiarazi ondoren",
    "restore": "Berreskuratu",
    "closeApp": "Aplikazioa itxi",
    "home": "Menu Nagusia",
    "singles": "Single-ak",
    "artists": "Artistak",
    "networkError1": "Sareak arazoren bat du!",
    "libAlbums": "Musikategiko albumak",
    "retry": "Saiatu berriro!",
    "noOfflineSong": "Ez dago lineaz kanpoko abestirik!",
    "cachedOrOffline": "Konexiorik gabe",
    "openIn": "Ireki hemen",
    "cancel": "Ezeztatu",
    "enqueueSong": "Abesti hau ilaran ezarri",
    "playNext": "Hurrengoa jo",
    "shareSong": "Abestia partekatu",
    "removeFromQueue": "Ilaratik kendu",
    "queueShufflingDeniedMsg": "Ilara ezin da nahastu, ausazko modua aktibatuta dagoenean",
    "playnextMsg": "Jarraian entzungai",
    "queueLoopNotDisMsg1": "Ilara buklean entzuteko modua ezin da desaktibatu, ausazko modua aktibatuta dagoenean.",
    "queueLoopNotDisMsg2": "Ilara buklean entzuteko modua ezin da aktibatu, irrati modua aktibatuta dagoenean.",
    "deleteDownloadData": "Deskargetatik kendu",
    "autoDownFavSong": "Abesti gustukoenak automatikoki deskargatu",
    "download": "Deskargatu",
    "content": "Edukia",
    "playerUi": "Erreproduzitzailearen erabiltzaile-interfazea",
    "playerUiDes": "Erreproduzitzailearen erabiltzaile-interfazea hautatu",
    "exportDowloadedFilesDes": "Egin klik hemen deskargatutako fitxategia aplikazioaren barne direktoriotik kanpoko direktoriora esportatzeko",
    "downFilesFound": "Deskargatutako fitxategiak aurkitu dira",
    "ignoreBatOpt": "Bateriaren optimizazioa alde batera utzi",
    "loudnessNormalizationDes": "Abesti guztietarako distira bera ezartzen du (Esperimentala) (Ez du aurreko bertsioan deskargatutako abestietan lan egingo (< 1.10.0 bertsioa))",
    "disableTransitionAnimationDes": "Gaitu aukera hau fitxaren trantsizio-animazioa desaktibatzeko",
    "enableSlidableAction": "Gaitu ekintza irristagarriak",
    "clearImgCacheAlert": "Irudien katxea ongi garbitu da",
    "ignoreBatOptDes": "Sistemaren optimizazioa dela-eta, jakinarazpen- edo erreprodukzio-arazoak badituzu, mesedez, gaitu aukera hau",
    "status": "Egoera",
    "backgroundPlayDes": "Gaitu/Desgaitu musika atzeko planoan erreproduzitzea (aplikazioa sistemaren erretilutik atzi daiteke, atzeko planoan exekutatzen ari denean)",
    "downloadLocation": "Deskargen kokapena",
    "enabled": "Aktibatuta",
    "disabled": "Desaktibatuta",
    "github": "GitHub",
    "duration": "Iraupena",
    "title": "Titulua",
    "deleteDownloadedDataAlert": "Deskargetatik ongi kendu da!",
    "cancelTimerAlert": "Lo egiteko tenporizadorea bertan behera utzi da",
    "loudnessDb": "OzentasunaDb",
    "songRemovedfromQueue": "Ilaratik kendu da!",
    "songRemovedfromQueueCurrSong": "Ezin duzu kendu erreproduzitzen ari den abestia",
    "songAddedToPlaylistAlert": "Abestia erreprodukzio-zerrendara gehitu da!",
    "songRemovedAlert": "Hemendik kenduta",
    "playlistCreatednsongAddedAlert": "Erreprodukzio-zerrenda sortua eta abestia gehituta!",
    "errorOccuredAlert": "Akats bat gertatu da!",
    "playlistRemovedAlert": "Erreprodukzio-zerrenda kendua!",
    "albumBookmarkRemoveAlert": "Albumaren markagailua kendua!",
    "playlistBookmarkAddAlert": "Erreprodukzio-zerrenda markatuta!",
    "playlistRenameAlert": "Berrizendaketa ongi gauzatu da!",
    "artistDesNotAvailable": "Deskribapena ez dago eskuragarri!",
    "artistBookmarkAddAlert": "Artista markatuta!",
    "albumBookmarkAddAlert": "Albuma markatua!",
    "artistBookmarkRemoveAlert": "Artistaren markagailua kendua!",
    "lyricsNotAvailable": "Letrak ez dira eskuragarri!",
    "syncedLyricsNotAvailable": "Sinkronizatutako letrak ez dira eskuragarri!",
    "dismiss": "Baztertu",
    "notaValidLink": "Esteka ez da baliozkoa!",
    "goToDownloadPage": "Egin klik hemen deskarga orrira joateko",
    "operationFailed": "Eragiketak huts egin du",
    "linkPipedDes": "Erreprodukzio-zerrendarentzat esteka kanalizazioarekin",
    "Piped": "Kanalizatua",
    "unLink": "Esteka ezabatu",
    "allFieldsReqMsg": "Eremu guztiak bete behar dira",
    "username": "Erabiltzailea",
    "password": "Pasahitza",
    "linkAlert": "Estekatzea burutu da!",
    "unlinkAlert": "Estekagabetzea ongi burutu da!",
    "reset": "Berrezarri",
    "playlistBlacklistAlert": "Erreprodukzio-zerrenda zerrenda beltzera pasa da!",
    "blacklistPlstResetAlert": "Ongi berrezarri da!",
    "resetblacklistedplaylist": "Zerrenda beltzean dauden erreprodukzio-zerrendak berrezarri dira",
    "includeDownloadedFiles": "Barne hartu deskargatutako abestien fitxategiak",
    "backup": "Babeskopia egin",
    "backupSettingsAndPlaylistsDes": "Ezarpen guztiak, erreprodukzio-zerrendak eta saioa hasteko datuak babeskopia-fitxategi batean gordetzen ditu",
    "processFiles": "Fitxategiak prozesatzen...",
    "restoreAppData": "Berrezarri aplikazioaren datuak",
    "backupMsg": "Babeskopia ongi gorde da!",
    "backupInProgress": "Babeskopia burutzen ari da...",
    "backFilesFound": "Datu baseak aurkitu dira",
    "restoring": "Berrezartzen...",
    "restartApp": "Aplikazioa berrabiarazi",
    "viewAll": "Denak ikusi",
    "results": "Emaitzak",
    "nomatch": "Ez da emaitzarik aurkitu honentzat",
    "about": "Honi buruz",
    "plain": "Soila",
    "synced": "Sinkronizatuta",
    "subscribers": "harpidedun",
    "id": "Identifikatzailea",
    "networkError": "Errorea sarean! Konproba ezazu zure konexioa.",
    "autoDownFavSongDes": "Abesti gustukoenak automatikoki deskargatu, zure gustukoenei gehitzen zaizkienean",
    "cacheHomeScreenData": "Hasierako pantailaren edukiaren datuak katxeatu",
    "exportDowloadedFiles": "Deskargatutako fitxategiak deskargatu",
    "local": "Lokala",
    "link": "Esteka",
    "misc": "Miszelanea",
    "resetToDefault": "Berrezarri lehenetsitako ezarpenak",
    "resetToDefaultDes": "Berrezarri aplikazioaren ezarpenak lehenespenetara (Berrabiarazi behar da)",
    "resetToDefaultMsg": "Ezarpenak lehenetsitakoetara itzultzea gauzatu da, Berrabiarazi aplikazioa, mesedez",
    "album": "Albuma",
    "playingfromAlbum": "ALBUMETIK ERREPRODUZITZEN",
    "playingfromPlaylist": "ERREPRODUKZIO-ZERRENDATIK ERREPRODUZITZEN",
    "playingfromSelection": "HAUTAKETATIK ERREPRODUZITZEN",
    "playingfromArtist": "ARTISTATIK ERREPRODUZITZEN",
    "randomSelection": "Ausazko Hautaketa",
    "randomRadio": "Ausazko Irratia",
    "autoOpenPlayer": "Ireki automatikoki erreproduzitzailearen pantaila",
    "autoOpenPlayerDes": "Gaitu/desgaitu erreproduzitzailearen pantaila osoko irekiera automatikoa erreproduzitzeko abestia aukeratzerakoan",
    "reArrangeSongs": "Abestiak berrantolatu",
    "selectSongs": "Abestiak hautatu",
    "selectAll": "Denak hautatu",
    "exportErrorStorage": "Ez dago biltegiratze leku nahikorik",
    "playlistImportedMsg": "Erreprodukzio-zerrenda behar bezala inportatu da",
    "exportError": "Errorea erreprodukzio-zerrenda esportatzean",
    "exportPlaylist": "Erreprodukzio-zerrenda esportatu",
    "playlistExportedMsg": "Erreprodukzio-zerrenda arrakastaz esportatu da hona",
    "importPlaylistDesc": "Hautatu inportatzeko aurretik esportatutako erreprodukzio-zerrenda JSON fitxategi bat",
    "invalidPlaylistFile": "Erreprodukzio-zerrendaren fitxategi-egitura baliogabea",
    "importLargeFileNote": "Oharra: baliteke erreprodukzio-zerrenda handiak inportatzeko denbora gehiago behar izatea",
    "exportingPlaylist": "Erreprodukzio-zerrenda esportatzen...",
    "exportErrorPermission": "Baimena ukatuta esportatzean",
    "exportErrorFormat": "Errorea erreprodukzio-zerrendaren datuak formateatzen",
    "importPlaylist": "Inportatu erreprodukzio-zerrenda",
    "importingPlaylist": "Erreprodukzio-zerrenda inportatzen...",
    "selectFile": "Hautatu fitxategia",
    "importError": "Errorea erreprodukzio-zerrenda inportatzean",
    "importErrorFileAccess": "Ezin izan da hautatutako fitxategira sartu",
    "importErrorFormat": "Fitxategi formatu baliogabea",
    "importErrorDatabase": "Errorea datu-basean gordetzean",
    "fileNotFound": "Fitxategia ez da aurkitu"
}
