{
    "home": "خانه",
    "songs": "آهنگ",
    "playlists": "لیست پخش",
    "singles": "تکی",
    "artists": "خواننده ها",
    "settings": "تنظیمات",
    "library": "کتابخانه",
    "libSongs": "آهنگ های کتابخانه",
    "libAlbums": "آلبوم های کتابخانه",
    "libArtists": "هنرمندان کتابخانه",
    "communityplaylists": "لیست پخش های عمومی",
    "featuredplaylists": "لیست پخش های برگزیده",
    "items": "مورد ها",
    "retry": "دوباره امتحان کنید!",
    "networkError1": "خطای اینترنت!",
    "noOfflineSong": "آهنگ آفلاینی وجود ندارد!",
    "recentlyPlayed": "اخیرا پخش شده",
    "favorites": "مورد علاقه ها",
    "cachedOrOffline": "ذخیره پنهان شده / آفلاین",
    "downloads": "دانلود ها",
    "emptyPlaylist": "لیست پخش خالی !",
    "albums": "آلبوم ها",
    "libPlaylists": "لیست پخش های کتابخانه",
    "enqueueAll": "افزودن کردن همه به صف",
    "renamePlaylist": "تغییر نام لیست پخش",
    "removePlaylist": "حذف لیست پخش",
    "CreateNewPlaylist": "ساختن لیست پخش جدید",
    "reArrangePlaylist": "بازمرتب سازی لیست پخش",
    "removeMultiple": "حذف چند موسیقی",
    "addMultipleSongs": "افزودن موسیقی ها به لیست پخش",
    "cancel": "لغو",
    "create": "ساختن",
    "rename": "تغییر نام",
    "createnAdd": "ساختن و افزودن",
    "playNext": "پخش بعدی",
    "addToPlaylist": "افزودن به لیست پخش",
    "noLibPlaylist": "شما هیچ لیست پخشی در کتابخانه ندارید!",
    "enqueueSong": "افزودن این موسیقی به صف",
    "goToAlbum": "رفتن به آلبوم",
    "viewArtist": "دیدن هنرمند",
    "openIn": "باز کردن در",
    "shareSong": "به اشتراک گذاری این موسیقی",
    "removeFromPlaylist": "حذف از لیست پخش",
    "removeFromQueue": "حذف از صف",
    "startRadio": "آغاز رادیو",
    "queueShufflingDeniedMsg": "صف نمیتواند زمانی که بُر زدن فعال است، به هم زده شود",
    "queuerearrangingDeniedMsg": "صف نمیتواند زمانی که بُر زدن فعال است، بازمرتب سازی شود",
    "songNotPlayable": "موسیقی به علت محدودیت سرور، قابل پخش نیست!",
    "upNext": "بعد از این",
    "shuffleQueue": "بُر زدن صف",
    "playnextMsg": "پس از این",
    "queueLoopNotDisMsg1": "حالت حلقه زنی صف نمی‌تواند زمانی که حالت بُر زدن فعال است غیرفعال شود.",
    "queueLoop": "حلقه زنی صف",
    "queueLoopNotDisMsg2": "حالت حلقه زنی صف نمی‌تواند در حالت رادیو فعال شود.",
    "removeFromLib": "حذف از موسیقی های کتابخانه",
    "sleepTimer": "زمان‌سنج خواب",
    "add5Minutes": "افزودن 5 دقیقه",
    "cancelTimer": "لغو زمان‌سنج",
    "deleteDownloadData": "حذف از دانلود ها",
    "minutes": "دقیقه",
    "endOfThisSong": "پایان این موسیقی",
    "appInfo": "داده های برنامه",
    "download": "دانلود",
    "autoDownFavSong": "دانلود خودکار موسیقی های مورد علاقه",
    "autoDownFavSongDes": "دانلود خودکار موسیقی های مورد علاقه وقتی به مورد علاقه ها افزوده می‌شوند",
    "networkError": "خطای شبکه! اتصال شبکه خود را بررسی کنید.",
    "music&Playback": "موسیقی و پخش",
    "themeMode": "حالت تم",
    "systemDefault": "پیشفرض سیستم",
    "dark": "تیره",
    "light": "روشن",
    "dynamic": "پویا",
    "language": "زبان",
    "playerUi": "رابط کاربری پخش کننده",
    "playerUiDes": "رابط کاربری پخش کننده را انتخاب کنید",
    "standard": "استاندارد",
    "languageDes": "تنظیم زبان نرم افزار",
    "setDiscoverContent": "تنظیم محتوای کشف",
    "quickpicks": "انتخاب های سریع",
    "discover": "کشف",
    "topmusicvideos": "نماهنگ های برتر",
    "basedOnLast": "بر اساس آخرین تعامل",
    "restoreLastPlaybackSession": "بازگرداندن آخرین نشست پخش",
    "restoreLastPlaybackSessionDes": "به طور خودکار آخرین نشست پخش در آغاز برنامه بازیابی شود",
    "homeContentCount": "تعداد محتوای خانه",
    "homeContentCountDes": "تعداد محتوای اولیه خانه را مشخص کنید (حدودی). عدد کمتر باعث بارگذاری سریعتر می‌شود",
    "enableBottomNav": "نوار ناوبری پایین",
    "enableBottomNavDes": "تغییر به نوار ناوبری پایین",
    "cacheSongs": "ذخیره پنهان موسیقی ها",
    "cacheSongsDes": "ذخیره کردن پنهان موسیقی ها در زمان پخش برای بازپخش آفلاین یا در آینده. فضای اضافی روی دستگاه شما اشغال خواهد کرد",
    "skipSilence": "رد کردن سکوت",
    "skipSilenceDes": "سکوت در زمان پخش موسیقی رد خواهد شد",
    "loudnessNormalization": "عادی سازی بلندی صدا",
    "loudnessNormalizationDes": "سطح صدای یکسانی را برای همه آهنگ ها تنظیم می کند (تجربی) (روی آهنگ های دانلود شده در نسخه های قبلی کار نمی کند (قبل از v1.10.0))",
    "streamingQuality": "کیفیت استریم",
    "streamingQualityDes": "کیفیت استریم (پخش) موسیقی",
    "disableTransitionAnimation": "غیرفعال کردن انیمیشن انتقال",
    "downloadError3": "دانلود به علت خطای شبکه/سترین شکست خورد! لطفا دوباره تلاش کنید",
    "content": "محتوا",
    "downloadError2": "موسیقی موردنظر به دلیل محدودیت سرور قابل دانلود نمی‌باشد. می‌توانید دوباره تلاش کنید",
    "personalisation": "شخصی سازی",
    "trending": "ترند",
    "noBookmarks": "بدون نشانک",
    "randomRadio": "رادیو تصادفی",
    "album": "آلبوم",
    "playingfromAlbum": "پخش از آلبوم",
    "playingfromPlaylist": "پخش از لیست پخش",
    "playingfromSelection": "پخش از انتخاب شده ها",
    "playingfromArtist": "پخش از ارتیست",
    "randomSelection": "انتخاب تصادفی"
}
