{
    "libAlbums": "Kirjaston albumit",
    "libArtists": "Kirjaston artistit",
    "homeContentCountDes": "Valitse lähtökohtainen aloitusnäkymän sisällön määrä. Pienempi määrä latautuu nopeammin",
    "skipSilenceDes": "Hiljaiset kohdat ohitetaan toistossa",
    "streamingQualityDes": "Valitse suoratoistettavan musiikin laatu",
    "sleepTimeSetAlert": "Uniajastin on asetettu",
    "equalizerDes": "avaa järjestelmän taajuuskorjain",
    "songAlreadyExists": "Kappale on jo olemassa!",
    "pipedplstSyncAlert": "Synkronoitu Piped-soittolista!",
    "search": "Etsi",
    "playlistBookmarkRemoveAlert": "Soittolistan kirjanmerkki poistettu!",
    "lyricsNotAvailable": "Sanoituksia ei ole saatavilla!",
    "artistDesNotAvailable": "Kuvausta ei ole saatavilla!",
    "home": "Koti",
    "songs": "Kappaleet",
    "settings": "Asetukset",
    "library": "Kirjasto",
    "communityplaylists": "Yhteisön soittolistat",
    "items": "kohteet",
    "networkError1": "Oho, verkkovirhe!",
    "retry": "Yritä uudelleen!",
    "noOfflineSong": "Ei ladattuja kappaleita!",
    "recentlyPlayed": "Viimeksi soitetut",
    "favorites": "Suosikit",
    "cachedOrOffline": "Välimuistissa/ladatut",
    "downloads": "Lataukset",
    "emptyPlaylist": "Tyhjä soittolista!",
    "enqueueAll": "Lisää kaikki jonoon",
    "renamePlaylist": "Uudelleennimeä soittolista",
    "removePlaylist": "Poista soittolista",
    "CreateNewPlaylist": "Luo soittolista",
    "cancel": "Peruuta",
    "rename": "Nimeä uudelleen",
    "createnAdd": "Luo & lisää",
    "noBookmarks": "Ei kirjanmerkkejä!",
    "startRadio": "Käynnistä radio",
    "playNext": "Toista seuraavaksi",
    "addToPlaylist": "Lisää soittolistaan",
    "noLibPlaylist": "Ei soittolistoja!",
    "enqueueSong": "Lisää jonoon",
    "goToAlbum": "Näytä albumi",
    "viewArtist": "Näytä artisti",
    "shareSong": "Jaa kappale",
    "libSongs": "Kirjaston kappaleet",
    "libPlaylists": "Kirjaston soittolistat",
    "featuredplaylists": "Suositellut soittolistat",
    "add5Minutes": "Lisää 5 minuuttia",
    "cancelTimer": "Peruuta ajastin",
    "minutes": "minuuttia",
    "endOfThisSong": "Soita kappale loppuun",
    "themeMode": "Teeman tila",
    "dynamic": "Dynaaminen",
    "light": "Vaalea",
    "language": "Kieli",
    "languageDes": "Valitse sovelluksen kieli",
    "quickpicks": "Pikavalinnat",
    "setDiscoverContent": "Aseta löytöjen sisältö",
    "discover": "Löydöt",
    "trending": "Trendaavat",
    "topmusicvideos": "Parhaat musiikkivideot",
    "basedOnLast": "Viimeisimpään toimintaan perustuvat",
    "downloadLocation": "Latausten sijainti",
    "downloadingFormat": "Latausten tiedostomuoto",
    "ignoreBatOpt": "Poista akun optimointi käytöstä",
    "homeContentCount": "Aloitusnäkymän sisällön määrä",
    "enableBottomNav": "Navigointipalkin sijainti",
    "enableBottomNavDes": "Siirrä navigointipalkki ruudun alaosaan",
    "cacheSongs": "Kappaleet välimuistiin",
    "cacheSongsDes": "Pidä kappaleet välimuistissa myöhempää- tai offline-toistoa varten. Käyttää tilaa laitteelta",
    "skipSilence": "Ohita hiljaisuus",
    "streamingQuality": "Suoratoiston laatu",
    "high": "Korkea",
    "low": "Matala",
    "downloadingFormatDes": "Valitse ladattavan tiedoston muoto. \"Opus\" tarjoaa parhaan laadun",
    "equalizer": "Taajuuskorjain",
    "ignoreBatOptDes": "Jos kohtaat ongelmia ilmoitusten tai toiston kanssa, ota tämä käyttöön.",
    "status": "Tila",
    "enabled": "Käytössä",
    "disabled": "Poissa käytöstä",
    "github": "GitHub",
    "subscribers": "tilaajat",
    "about": "Tietoa",
    "nomatch": "Ei hakutuloksia kohteelle",
    "cancelTimerAlert": "Uniajastin peruutettu",
    "radioNotAvailable": "Tälle artistille ei ole saatavilla radiota!",
    "songRemovedfromQueue": "Poistettu jonosta!",
    "songRemovedfromQueueCurrSong": "Et voi poistaa parhaillaan soivaa kappaletta",
    "songAddedToPlaylistAlert": "Kappale lisätty soittolistaan!",
    "songAlreadyOfflineAlert": "Kappale on jo välimuistissa",
    "songEnqueueAlert": "Kappale lisätty jonoon!",
    "songRemovedAlert": "Poistettu kohteesta",
    "errorOccuredAlert": "Tapahtui virhe!",
    "playlistCreatedAlert": "Soittolista luotu!",
    "synced": "Synkronoitu",
    "playlistCreatednsongAddedAlert": "Soittolista luotu & kappale lisätty!",
    "playlistRenameAlert": "Nimi muutettu!",
    "playlistRemovedAlert": "Soittolista poistettu!",
    "playlistBookmarkAddAlert": "Soittolista lisätty kirjanmerkkeihin!",
    "albumBookmarkAddAlert": "Albumi lisätty kirjanmerkkeihin!",
    "albumBookmarkRemoveAlert": "Albumin kirjanmerkki poistettu!",
    "artistBookmarkAddAlert": "Artisti lisätty kirjanmerkkeihin!",
    "artistBookmarkRemoveAlert": "Artistin kirjanmerkki poistettu!",
    "syncedLyricsNotAvailable": "Synkronoituja sanoituksia ei ole saatavilla!",
    "newVersionAvailable": "Uusi versio saatavilla!",
    "dontShowInfoAgain": "Älä näytä tätä uudelleen",
    "dismiss": "Ohita",
    "notaSongVideo": "Ei kappale/musiikkivideo!",
    "notaValidLink": "Epäkelpo linkki!",
    "operationFailed": "Toiminto epäonnistui",
    "github": "🎵 Omistettu erityiselle henkilölle 🌟",
"githubDes": "RhyThm-sovellus syntyi tunteikkaasta hetkestä. Ellet olisi silloin suuttunut, tätä luomusta ei ehkä koskaan olisi ollut olemassa.\n\nJoskus odottamattomat tunteet synnyttävät kauneimmat asiat. 💫\n\nKiitos, että olit kaiken tämän hiljainen inspiraatio. ❤️\n\nJos pidät tästä projektista, muista antaa ⭐ GitHubissa.",
    "by": "by",
    "searchDes": "Kappale, soittolista, albumi tai artisti",
    "searchRes": "Hakutulokset",
    "for1": "haulla",
    "videos": "Videot",
    "viewAll": "Näytä kaikki",
    "results": "Tulokset",
    "goToDownloadPage": "Avaa tästä lataussivu",
    "local": "Paikallinen",
    "Piped": "Piped",
    "link": "Yhdistä",
    "unLink": "Poista yhteys",
    "hintApiUrl": "Piped-instanssin API:n URL",
    "customIns": "Muu instanssi",
    "customInsSelectMsg": "Valitse 'Muu instanssi'",
    "allFieldsReqMsg": "Kaikki tiedot vaaditaan",
    "linkPipedDes": "Yhdistä Piped soittolistojen synkronointiin",
    "username": "Käyttäjänimi",
    "selectAuthIns": "Valitse instanssi",
    "selectAuthInsMsg": "Valitse instanssi!",
    "password": "Salasana",
    "linkAlert": "Yhdistetty!",
    "unlinkAlert": "Yhteys poistettu!",
    "playlistBlacklistAlert": "Soittolista siirretty mustalle listalla!",
    "reset": "Nollaa",
    "blacklistPlstResetAlert": "Nollattu!",
    "resetblacklistedplaylist": "Nollaa soittolistojen musta lista",
    "resetblacklistedplaylistDes": "Nollaa kaikki Pipedin soittolistojen mustat listat",
    "stopMusicOnTaskClearDes": "Musiikki pysäytetään, kun sovellus pyyhkäistään pois viimeisimpien sovellusten luettelosta",
    "stopMusicOnTaskClear": "Musiikin pysäytys",
    "playlists": "Soittolistat",
    "albums": "Albumit",
    "artists": "Artistit",
    "singles": "Singlet",
    "create": "Luo",
    "removeFromLib": "Poista kirjastosta",
    "removeFromPlaylist": "Poista soittolistalta",
    "removeFromQueue": "Poista jonosta",
    "sleepTimer": "Uniajastin",
    "dark": "Tumma",
    "systemDefault": "Järjestelmän oletus"
}
