{
    "enqueueAll": "Patugtugin lahat",
    "recentlyPlayed": "Nakaraang Tugtugin",
    "playNext": "Sunod na patugtugin",
    "artists": "Mga Kumanta",
    "noLibPlaylist": "Wala kang kahit anong playlist!",
    "communityplaylists": "Mga Playlist ng Komunidad",
    "downloads": "Mga naDownload",
    "reArrangePlaylist": "Ayusin ang playlist",
    "addMultipleSongs": "Magdagdag ng kanta sa playlist",
    "removePlaylist": "Alisin ang playlist",
    "albums": "Plaka",
    "songs": "Mga Kanta",
    "goToAlbum": "Tignan ang Album",
    "enqueueSong": "Ipila",
    "noBookmarks": "Walang mga bookmark!",
    "networkError1": "Oops wala kang signal!",
    "create": "Gumawa",
    "noOfflineSong": "Walang offline na mga kanta!",
    "removeFromPlaylist": "Alisin sa playlist",
    "rename": "Palitan ng Pangalan",
    "renamePlaylist": "Palitan ng Pangalan ang Playlist",
    "startRadio": "Magsimula ng radyo",
    "openIn": "Buksan sa",
    "cancel": "Kanselahin",
    "addToPlaylist": "Idagdag sa playlist",
    "items": "Mga Item",
    "emptyPlaylist": "Walang laman ang playlist!",
    "playlists": "Playlist",
    "settings": "Pagsasaayos",
    "libSongs": "Library ng mga Kanta",
    "libPlaylists": "Imbakan ng mga Playlist",
    "libAlbums": "Imbakan ng mga Album",
    "libArtists": "Imbakan ng mga Artist",
    "retry": "Subukang Muli!",
    "favorites": "Mga Paborito",
    "CreateNewPlaylist": "Gumawa ng panibagong playlist",
    "createnAdd": "Gumawa at Magdagdag",
    "viewArtist": "Tignan ang Artist",
    "shareSong": "Ibahagi ang kanta",
    "removeFromQueue": "Alisin sa pila",
    "singles": "Mga Kantang Mag-isa",
    "featuredplaylists": "Mga Tampok na Playlist",
    "removeMultiple": "Mag-alis ng mga kanta",
    "restartApp": "Buksan Muli ang App",
    "home": "Bahay",
    "library": "aklatan"
}
