{
    "libPlaylists": "Playlists de la Bibliothèque",
    "networkError1": "Oups erreur réseau !",
    "noOfflineSong": "Pas de titre hors ligne !",
    "favorites": "Favoris",
    "cachedOrOffline": "En Cache / Hors Ligne",
    "emptyPlaylist": "Playlist vide !",
    "enqueueAll": "Mettre tout en file d'attente",
    "renamePlaylist": "Renommer la playlist",
    "removePlaylist": "Supprimer la playlist",
    "CreateNewPlaylist": "Créer une nouvelle playlist",
    "cancel": "Annuler",
    "create": "Créer",
    "createnAdd": "Créer et Ajouter",
    "noBookmarks": "Aucun élément !",
    "startRadio": "Démarrer la radio",
    "playNext": "Lecture suivante",
    "removeFromQueue": "Retirer de la file d'attente",
    "removeFromCache": "Retirer du cache",
    "themeMode": "Mode du thème",
    "dynamic": "Dynamique",
    "systemDefault": "Système par défaut",
    "dark": "Sombre",
    "light": "Clair",
    "setDiscoverContent": "Définir le contenu",
    "quickPics": "Sélection rapide",
    "discover": "Découvrir",
    "trending": "Tendance",
    "topMusicVid": "Palmarès des vidéoclips",
    "basedOnLast": "Basée sur la dernière interaction",
    "cacheSongsDes": "Mettre en cache des titres pendant la lecture pour une lecture ultérieure / hors ligne. Cela nécessitera de l'espace supplémentaire sur votre appareil",
    "skipSilence": "Ignorer le silence",
    "low": "Basse",
    "equalizer": "Égaliseur",
    "ignoreBatOptDes": "Si vous rencontrez des problèmes de notification ou si la lecture est arrêtée par l'optimisation du système, veuillez activer cette option",
    "status": "État",
    "enabled": "Activé",
    "disabled": "Désactivé",
    "github": "🎵 Dédié à quelqu’un de spécial 🌟",
"githubDes": "L'application RhyThm est née d’un moment d’émotion. Si tu ne t’étais pas fâché(e), peut-être que cette création n’aurait jamais vu le jour.\n\nParfois, les émotions les plus inattendues donnent naissance aux plus belles choses. 💫\n\nMerci d’avoir été l’inspiration silencieuse derrière tout cela. ❤️\n\nSi vous aimez ce projet, n'oubliez pas de donner une ⭐ sur GitHub.",
    "search": "Recherche",
    "searchRes": "Résultats de la Recherche",
    "videos": "Vidéos",
    "viewAll": "Tout Voir",
    "results": "Résultats",
    "nomatch": "Aucune correspondance trouvée pour",
    "subscribers": "abonnés",
    "radioNotAvailable": "Radio non disponible pour cet artiste !",
    "songRemovedfromQueue": "Supprimé de la file d'attente !",
    "songRemovedfromQueueCurrSong": "Vous ne pouvez pas supprimer le titre en cours de lecture",
    "songAddedToPlaylistAlert": "Titre ajouté à la playlist !",
    "songAlreadyExists": "Le titre existe déjà !",
    "songEnqueueAlert": "Titre en file d'attente !",
    "songRemovedAlert": "Supprimé de",
    "playlistCreatednsongAddedAlert": "Playlist créée et titre ajouté !",
    "playlistRenameAlert": "Renommé avec succès !",
    "playlistBookmarkRemoveAlert": "Playlist retirée des favoris !",
    "albumBookmarkAddAlert": "Album ajouté aux favoris !",
    "albumBookmarkRemoveAlert": "Album retiré des favoris !",
    "artistBookmarkAddAlert": "Artiste ajouté aux favoris !",
    "artistBookmarkRemoveAlert": "Artiste retiré des favoris !",
    "dismiss": "Rejeter",
    "operationFailed": "L'opération a échoué",
    "libSongs": "Titres de la Bibliothèque",
    "home": "Accueil",
    "songs": "Titres",
    "playlists": "Playlists",
    "albums": "Albums",
    "artists": "Artistes",
    "settings": "Paramètres",
    "libAlbums": "Albums de la Bibliothèque",
    "retry": "Réessayez !",
    "libArtists": "Artistes de la Bibliothèque",
    "items": "éléments",
    "recentlyPlayed": "Joués Récemment",
    "addToPlaylist": "Ajouter à la playlist",
    "noLibPlaylist": "Vous n'avez pas de playlist !",
    "enqueueSong": "Mettre ce titre en file d'attente",
    "goToAlbum": "Voir l'album",
    "viewArtist": "Voir l'artiste",
    "shareSong": "Partager ce titre",
    "cacheSongs": "Titres en cache",
    "skipSilenceDes": "Le silence sera ignoré lors de la lecture de la musique",
    "streamingQuality": "Qualité de diffusion",
    "streamingQualityDes": "Qualité du flux de musique",
    "high": "Élevée",
    "equalizerDes": "Ouvrir l'égaliseur du système",
    "ignoreBatOpt": "Ignorer l'optimisation de la batterie",
    "github": "GitHub",
    "by": "par",
    "searchDes": "Titres, Playlist, Album ou Artiste",
    "for1": "pour",
    "about": "À propos",
    "errorOccuredAlert": "Une erreur s'est produite !",
    "playlistCreatedAlert": "Playlist créée !",
    "playlistRemovedAlert": "Playlist supprimée !",
    "playlistBookmarkAddAlert": "Playlist ajoutée aux favoris !",
    "lyricsNotAvailable": "Paroles indisponibles !",
    "artistDesNotAvailable": "Description indisponible !",
    "newVersionAvailable": "Nouvelle version disponible !",
    "dontShowInfoAgain": "Ne plus afficher cette information",
    "notaSongVideo": "Pas de Titre / Vidéo !",
    "notaValidLink": "Ce n'est pas un lien valide !",
    "local": "Local",
    "link": "Lien",
    "unlinkAlert": "Dissociation réussie !",
    "playlistBlacklistAlert": "Playlist sur liste noire !",
    "reset": "Réinitialiser",
    "blacklistPlstResetAlert": "Réinitialisé avec succès !",
    "resetblacklistedplaylistDes": "Réinitialiser toutes les playlists de la liste noire de Piped",
    "goToDownloadPage": "Cliquez ici pour accéder à la page de téléchargement",
    "unLink": "Dissocier",
    "linkPipedDes": "Lien avec piped pour les playlists",
    "selectAuthIns": "Sélectionnez une instance d'authentification",
    "username": "Nom d'utilisateur",
    "password": "Mot de passe",
    "linkAlert": "Lié avec succès !",
    "resetblacklistedplaylist": "Réinitialiser les playlists sur liste noire",
    "stopMusicOnTaskClearDes": "La lecture de la musique s'arrête lorsque l'application est retirée du gestionnaire de tâches",
    "stopMusicOnTaskClear": "Arrêter la musique",
    "communityplaylists": "Playlists de la Communauté",
    "languageDes": "Définir la langue de l'application",
    "customInsSelectMsg": "Veuillez sélectionner une instance personnalisée",
    "allFieldsReqMsg": "Tous les champs sont obligatoires",
    "rename": "Renommer",
    "selectAuthInsMsg": "Veuillez sélectionner une instance d'authentification !",
    "customIns": "Instance Personnalisée",
    "Piped": "Piped",
    "topmusicvideos": "Top Vidéos",
    "singles": "Singles",
    "language": "Langue",
    "hintApiUrl": "URL API de l'instance Piped",
    "removeFromPlaylist": "Supprimer de la playlist",
    "featuredplaylists": "Playlists Mises en Avant",
    "quickpicks": "Sélection Rapide",
    "downloads": "Téléchargements",
    "removeFromLib": "Supprimer de la bibliothèque",
    "downloadingFormat": "Format de fichier téléchargé",
    "songAlreadyOfflineAlert": "Titre déjà hors ligne dans le cache",
    "downloadLocation": "Emplacement du Téléchargement",
    "downloadingFormatDes": "Sélectionnez le format de fichier de téléchargé. \"Opus\" offrira la meilleure qualité",
    "library": "Bibliothèque",
    "sleepTimer": "Minuterie de veille",
    "synced": "Synchronisé",
    "cancelTimerAlert": "Minuteur de veille désactivé",
    "minutes": "minutes",
    "backgroundPlay": "Lecture de musique en arrière-plan",
    "add5Minutes": "Ajouter 5 minutes",
    "endOfThisSong": "Fin de ce titre",
    "cacheHomeScreenDataDes": "Activer la mise en cache du menu principal. Son chargement sera instantané si cette option est activée",
    "cacheHomeScreenData": "Mettre en cache le contenu de la page d'accueil",
    "plain": "Entier",
    "reArrangePlaylist": "Réarranger la playlist",
    "removeMultiple": "Supprimer plusieurs titres",
    "addMultipleSongs": "Ajouter des titres à la playlist",
    "disableTransitionAnimationDes": "Activer cette option pour désactiver les animations de changement d'onglets",
    "scanning": "Analyse en cours...",
    "restoreLastPlaybackSession": "Restaurer la dernière session de lecture",
    "openIn": "Ouvrir avec",
    "deleteDownloadData": "Supprimer des téléchargements",
    "disableTransitionAnimation": "Désactiver les animations de transition",
    "exportDowloadedFiles": "Exporter les fichiers téléchargés",
    "exportDowloadedFilesDes": "Cliquez ici pour exporter les fichiers téléchargés du dossier de l'application vers un dossier externe",
    "exportedFileLocation": "Emplacement d'exportation du fichier téléchargé",
    "exporting": "Exportation en cours...",
    "downFilesFound": "fichiers téléchargés trouvés",
    "close": "Fermer",
    "exportMsg": "Fichiers exportés avec succès",
    "clearImgCache": "Nettoyer le cache des images",
    "clearImgCacheDes": "Cliquez ici pour vider le cache des images / miniatures. (Non recommandé sauf si vous voulez rafraîchir le cache des images)",
    "deleteDownloadedDataAlert": "Supprimé avec succès des téléchargements !",
    "sleepTimeSetAlert": "Minuteur de veille activé",
    "syncedLyricsNotAvailable": "Les paroles synchronisées ne sont pas disponibles !",
    "cancelTimer": "Annuler la minuterie",
    "homeContentCountDes": "Choisir le nombre de contenus sur l'écran d'accueil (approx.). Moins de résultats pour un chargement plus rapide",
    "restoreLastPlaybackSessionDes": "Restaurer automatiquement la dernière session de lecture au démarrage de l'application",
    "backgroundPlayDes": "Activer / Désactiver la lecture de musique en arrière-plan (l’application est accessible depuis la barre d’état système lorsqu'elle s’exécute en arrière-plan)",
    "pipedplstSyncAlert": "Playlist piped synchronisée !",
    "export": "Exporter",
    "clearImgCacheAlert": "Nettoyage du cache des images réalisé avec succès",
    "homeContentCount": "Nombre de contenus de l'accueil",
    "upNext": "À suivre",
    "enableBottomNav": "Barre de navigation inférieure",
    "enableBottomNavDes": "Passer à la barre de navigation inférieure",
    "backupSettingsAndPlaylists": "Musique",
    "restoreSettingsAndPlaylists": "Restaurer les paramètres et les listes de lecture",
    "backupMsg": "Fichier de sauvegarde créé avec succès !",
    "backFilesFound": "Bases de données trouvées",
    "restoreMsg": "Restauration réussie !\nLes modifications seront appliquées au redémarrage",
    "restoring": "Récupération en cours...",
    "restore": "Restauration",
    "backupSettingsAndPlaylistsDes": "Sauvegarder tous vos paramètres, playlists et données de connexion dans un fichier de récupération",
    "restoreSettingsAndPlaylistsDes": "Restaurer tous les paramètres, données de connexion et playlists depuis un fichier de récupération. Supprime toutes les données actuelles",
    "closeApp": "Fermer l'application",
    "music&Playback": "Musique et Lecture",
    "includeDownloadedFiles": "Inclure les fichiers de titres téléchargés",
    "title": "Titre",
    "processFiles": "Traitement des fichiers...",
    "loudnessDb": "Niveau Sonore Db",
    "backupInProgress": "Sauvegarde en cours...",
    "queueShufflingDeniedMsg": "La file d'attente ne peut pas être mélangée lorsque le mode aléatoire est activé",
    "restartApp": "Redémarrer l'application",
    "restoreAppData": "Restaurer les données de l'application",
    "queuerearrangingDeniedMsg": "La file d'attente ne peut pas être réorganisée lorsque le mode aléatoire est activé",
    "audioCodec": "Codec Audio",
    "bitrate": "Débit Binaire",
    "appInfo": "Informations sur l'application",
    "download": "Téléchargement",
    "networkError": "Erreur de réseau ! Vérifiez votre connexion réseau.",
    "downloadError3": "Le téléchargement a échoué en raison d'une erreur de réseau / flux ! Veuillez réessayer",
    "content": "Contenu",
    "personalisation": "Personnalisation",
    "loudnessNormalization": "Normalisation du niveau sonore",
    "loudnessNormalizationDes": "Définit le même niveau de volume pour tous les titres (expérimental) (Cela ne fonctionnera pas sur les titres téléchargés sur la version précédente (< v1.10.0))",
    "id": "Identifiant",
    "urlSearchDes": "URL détectée. Cliquez dessus pour ouvrir / lire le contenu associé",
    "androidBackupWarning": "Non testé : si vous cochez la case après avoir téléchargé plus de 60 fichiers, le processus peut consommer une grande quantité de mémoire et provoquer le blocage du téléphone ou de l'application. Procédez à vos propres risques.",
    "songInfo": "Informations sur le titre",
    "duration": "Durée",
    "backup": "Sauvegarde",
    "letsStrart": "Commençons...",
    "songNotPlayable": "Le titre n'est pas jouable en raison d'une restriction du serveur !",
    "downloadError2": "Le titre demandé n'est pas téléchargeable en raison d'une restriction du serveur. Vous devriez réessayer",
    "backupAppData": "Sauvegarder les données de l'application",
    "playerUi": "Interface du lecteur",
    "playerUiDes": "Sélectionner l'interface du lecteur",
    "standard": "Standard",
    "gesture": "Geste",
    "playnextMsg": "À suivre",
    "shuffleQueue": "Lecture aléatoire de la file d'attente",
    "queueLoop": "Lecture en boucle de la file d'attente",
    "queueLoopNotDisMsg1": "La lecture en boucle de la file d'attente ne peut pas être désactivée lorsque le mode aléatoire est activé.",
    "queueLoopNotDisMsg2": "La lecture en boucle de la file d'attente ne peut pas être activée lorsque le mode radio est activé.",
    "enableSlidableAction": "Activer les actions coulissantes",
    "enableSlidableActionDes": "Activer les actions coulissantes sur la mosaïque de titres",
    "autoDownFavSong": "Téléchargement automatique des titres préférés",
    "autoDownFavSongDes": "Télécharger automatiquement les titres préférés lorsqu'ils sont ajoutés aux favoris",
    "misc": "Divers",
    "resetToDefault": "Restaurer les paramètres par défaut",
    "resetToDefaultDes": "Réinitialiser les paramètres de l'application aux valeurs par défaut (redémarrage requis)",
    "resetToDefaultMsg": "La réinitialisation des paramètres par défaut est terminée. Veuillez redémarrer l'application",
    "autoOpenPlayerDes": "Activer / Désactiver l'ouverture automatique du plein écran du lecteur lors de la sélection du titre à lire",
    "autoOpenPlayer": "Ouverture automatique de l'écran du lecteur",
    "album": "Album",
    "playingfromAlbum": "LECTURE DE L'ALBUM",
    "playingfromPlaylist": "LECTURE DE LA PLAYLIST",
    "playingfromSelection": "LECTURE DE LA SÉLECTION",
    "playingfromArtist": "LECTURE DE L'ARTISTE",
    "randomRadio": "Radio Aléatoire",
    "randomSelection": "Sélection Aléatoire",
    "selectSongs": "Sélectionner des titres",
    "selectAll": "Tout sélectionner",
    "reArrangeSongs": "Réorganiser les titres",
    "exportError": "Erreur lors de l'exportation de la playlist",
    "exportErrorPermission": "Autorisation refusée lors de l'exportation",
    "exportingPlaylist": "Exportation de la playlist...",
    "exportPlaylist": "Exporter la playlist",
    "selectFile": "Sélectionner un fichier",
    "importPlaylistDesc": "Sélectionnez un fichier JSON de playlist précédemment exporté à importer",
    "importLargeFileNote": "Remarque : l’importation de playlists volumineuses peut prendre plus de temps",
    "importErrorFileAccess": "Impossible d'accéder au fichier sélectionné",
    "playlistExportedMsg": "Playlist exportée avec succès vers",
    "exportErrorStorage": "Espace de stockage insuffisant",
    "exportErrorFormat": "Erreur lors du formatage des données de la playlist",
    "importPlaylist": "Importer une playlist",
    "importingPlaylist": "Importation de la playlist...",
    "playlistImportedMsg": "Playlist importée avec succès",
    "importError": "Erreur lors de l'importation de la playlist",
    "importErrorFormat": "Format de fichier invalide",
    "invalidPlaylistFile": "Structure de fichier de playlist non valide",
    "importErrorDatabase": "Erreur lors de l'enregistrement dans la base de données",
    "fileNotFound": "Fichier introuvable"
}
