{
    "singles": "Sinxelos",
    "artists": "Artistas",
    "settings": "Axustes",
    "library": "Biblioteca",
    "libSongs": "Cancións na biblioteca",
    "libPlaylists": "Listaxes na biblioteca",
    "libAlbums": "Álbums na biblioteca",
    "communityplaylists": "Listaxes da comunidade",
    "featuredplaylists": "Listaxes destacadas",
    "items": "elementos",
    "networkError1": "Vaites, erro de conexión!",
    "retry": "Téntao de novo!",
    "noOfflineSong": "Non hai cancións sen conexión!",
    "recentlyPlayed": "Reproducidas recentemente",
    "favorites": "Favoritas",
    "cachedOrOffline": "En caché/Sen conexión",
    "downloads": "Descargas",
    "emptyPlaylist": "Listaxe baleira!",
    "enqueueAll": "Engadir todo á cola",
    "renamePlaylist": "Renomear listaxe",
    "removePlaylist": "Eliminar listaxe",
    "CreateNewPlaylist": "Crear unha nova listaxe",
    "reArrangePlaylist": "Reordenar listaxe",
    "removeMultiple": "Eliminar múltiples cancións",
    "addMultipleSongs": "Engadir cancións á listaxe",
    "create": "Crear",
    "createnAdd": "Crear e engadir",
    "noBookmarks": "Sen favoritas!",
    "playNext": "Reproducir deseguido",
    "addToPlaylist": "Engadir á listaxe",
    "noLibPlaylist": "Non tes ningunha listaxe de reprodución na biblioteca!",
    "enqueueSong": "Engadir esta canción á cola",
    "goToAlbum": "Ir ó álbum",
    "viewArtist": "Ver artista",
    "openIn": "Abrir en",
    "shareSong": "Compartir esta canción",
    "removeFromPlaylist": "Eliminar da listaxe",
    "upNext": "Deseguido",
    "sleepTimer": "Temporizador",
    "add5Minutes": "Engadir 5 minutos",
    "minutes": "minutos",
    "endOfThisSong": "Fin da canción",
    "themeMode": "Tema",
    "dynamic": "Dinámico",
    "setDiscoverContent": "Configurar o contido recomendado",
    "discover": "Descubrir",
    "trending": "Tendencias",
    "topmusicvideos": "Vídeos musicais populares",
    "basedOnLast": "Baseado na última interacción",
    "restoreLastPlaybackSession": "Restaurar a última sesión de reprodución",
    "cacheSongs": "Cancións en caché",
    "skipSilence": "Omitir silencio",
    "streamingQualityDes": "Calidade de transmisión de música",
    "disableTransitionAnimation": "Deshabilitar as animacións das transicións",
    "disableTransitionAnimationDes": "Activa esta opción para desactivar as animacións de transición das pestanas",
    "high": "Alto",
    "cacheHomeScreenDataDes": "Se esta opción está activada, a pantalla de inicio cargará inmediatamente",
    "downloadingFormat": "Descargar o formato do arquivo",
    "exportDowloadedFiles": "Exportar ficheiros descargados",
    "exportedFileLocation": "Ubicación do arquivo exportado",
    "exporting": "Exportando...",
    "close": "Pechar",
    "equalizer": "Ecualizador",
    "enabled": "Habilitado",
    "disabled": "Deshabilitado",
    "github": "🎵 Dedicado a alguén especial 🌟",
"githubDes": "A aplicación RhyThm naceu dun momento cheo de emoción. Se nese intre non te tiveras enfadado, quizais esta creación nunca existiría.\n\nÁs veces, as emocións máis inesperadas dan lugar ás cousas máis fermosas. 💫\n\nGrazas por seres a inspiración silenciosa detrás de todo isto. ❤️\n\nSe che gusta este proxecto, non esquezas darlle unha ⭐ en GitHub.",
    "by": "por",
    "search": "Procurar",
    "searchDes": "Cancións, Listaxe, Álbum ou Artista",
    "searchRes": "Resultados da busca",
    "nomatch": "Non se atoparon coincidencias para",
    "subscribers": "subscritores",
    "radioNotAvailable": "Radio non dispoñible para este artista!",
    "songRemovedfromQueue": "Eliminado da cola!",
    "songRemovedfromQueueCurrSong": "Non podes eliminar a canción en reprodución",
    "albumBookmarkRemoveAlert": "Álbum eliminado de favoritos!",
    "artistBookmarkAddAlert": "Artista engadido en favoritos!",
    "notaSongVideo": "Non é unha canción/vídeo musical!",
    "notaValidLink": "Non é unha ligazón válida!",
    "operationFailed": "Erro na operación",
    "goToDownloadPage": "Clica aquí para ir á páxina de descarga",
    "local": "Local",
    "unLink": "Desvincular",
    "hintApiUrl": "Dirección URL a instancia canalizada",
    "customIns": "Instancia personalizada",
    "customInsSelectMsg": "Por favor selecciona Instancia personalizada",
    "selectAuthInsMsg": "Por favor selecciona Instancia de autenticación!",
    "allFieldsReqMsg": "Todos os campos son obrigatorios",
    "linkPipedDes": "Ligazón con canalización para as listaxes",
    "selectAuthIns": "Selecciona Instancia de autenticación",
    "username": "Usuario",
    "password": "Contrasinal",
    "linkAlert": "Vinculado correctamente!",
    "unlinkAlert": "Desvinculado correctamente!",
    "playlistBlacklistAlert": "Listaxe en lista negra!",
    "reset": "Restablecer",
    "blacklistPlstResetAlert": "Restablecemento correcto!",
    "resetblacklistedplaylist": "Restablecemento das listas negras",
    "stopMusicOnTaskClear": "Deter a música cando se elimina a pestana",
    "stopMusicOnTaskClearDes": "A reprodución da música deterase cando se elimine a aplicación da barra de tarefas",
    "backupSettingsAndPlaylists": "Copia de seguridade das Preferencias e Listas",
    "backupSettingsAndPlaylistsDes": "Garda todas as preferencias, listaxes e datos de identificación nunha copia de seguridade",
    "restoreSettingsAndPlaylists": "Restaurar Preferencias e Listas",
    "backupMsg": "Copia de seguridade gardada correctamente!",
    "backFilesFound": "bases de datos atopadas",
    "restoreMsg": "Restaurado correctamente!\nOs cambios aplicaranse ó reiniciar",
    "restoring": "Restaurando...",
    "home": "Inicio",
    "songs": "Cancións",
    "albums": "Álbums",
    "playlists": "Listaxes",
    "libArtists": "Artistas na biblioteca",
    "cancel": "Cancelar",
    "startRadio": "Acender a radio",
    "rename": "Renomear",
    "removeFromQueue": "Eliminar da cola",
    "removeFromLib": "Eliminar da biblioteca",
    "cancelTimer": "Cancelar temporizador",
    "deleteDownloadData": "Eliminar de descargas",
    "systemDefault": "Predeterminado",
    "dark": "Escuro",
    "light": "Claro",
    "language": "Idioma",
    "languageDes": "Seleccionar idioma da aplicación",
    "quickpicks": "Selección rápida",
    "restoreLastPlaybackSessionDes": "Restaurar automáticamente a última sesión de reprodución ó iniciar a aplicación",
    "homeContentCount": "Reconto de contidos",
    "homeContentCountDes": "Selecciona o número de contido na pantalla de inicio. Menos resultados resultan nunha carga máis rápida",
    "enableBottomNav": "Barra de navegación inferior",
    "enableBottomNavDes": "Cambiar á barra de navegación inferior",
    "cacheSongsDes": "Gardar cancións en caché durante a reprodución para ocasións futuras ou sen conexión. Esta acción consumirá espacio adicional no teu dispositivo",
    "skipSilenceDes": "Os silencios serán omitidos durante a reprodución",
    "streamingQuality": "Calidade de transmisión",
    "low": "Baixo",
    "backgroundPlay": "Reproducir música de fondo",
    "backgroundPlayDes": "Activar/desactivar a reprodución de música en segundo plano (pódese acceder á aplicación desde a bandexa do sistema cando se executa en segundo plano)",
    "downloadLocation": "Ubicación das descargas",
    "cacheHomeScreenData": "Caché do contido da pantalla de inicio",
    "songAlreadyOfflineAlert": "Canción sen conexión xa na caché",
    "downloadingFormatDes": "Escolle o formato do arquivo de descarga. \"Opus\" proporcionará a mellor calidade",
    "exportDowloadedFilesDes": "Clica aquí para exportar o arquivo descargado do diretorio da aplicación a un diretorio externo",
    "export": "Exportar",
    "exportMsg": "Arquivos descargados correctamente",
    "scanning": "Escaneando...",
    "downFilesFound": "atopáronse arquivos descargados",
    "equalizerDes": "Abrir o ecualizador do sistema",
    "clearImgCache": "Limpar caché de imaxes",
    "clearImgCacheAlert": "Caché de imaxes limpado correctamente",
    "clearImgCacheDes": "Pincha aquí para limpar miniaturas/imaxes cacheadas. (No recomendado salvo que queiras refrescar as imaxes cacheadas)",
    "ignoreBatOpt": "Ignorar a optimización da batería",
    "ignoreBatOptDes": "Se tes problemas coas notificacións ou a reprodución detense pola optimización do sistema, por favor activa esta opción",
    "status": "Estado",
    "github": "GitHub",
    "for1": "para",
    "videos": "Vídeos",
    "viewAll": "Ver todo",
    "results": "Resultados",
    "about": "Respecto de",
    "songAddedToPlaylistAlert": "Canción engadida á listaxe!",
    "synced": "Sincronizado",
    "plain": "Plano",
    "deleteDownloadedDataAlert": "Eliminado correctamente das descargas!",
    "cancelTimerAlert": "Temporizador cancelado",
    "sleepTimeSetAlert": "O temporizador activouse con éxito",
    "songAlreadyExists": "A canción xa existe!",
    "songEnqueueAlert": "Canción engadida á cola!",
    "songRemovedAlert": "Eliminada de",
    "errorOccuredAlert": "Produciuse un erro!",
    "pipedplstSyncAlert": "Listaxe canalizada sincronizada!",
    "playlistCreatedAlert": "Listaxe creada!",
    "playlistCreatednsongAddedAlert": "Listaxe creada e canción engadida!",
    "playlistRenameAlert": "Renomeado con éxito!",
    "playlistRemovedAlert": "Listaxe eliminada!",
    "playlistBookmarkAddAlert": "Listaxe en favoritos!",
    "albumBookmarkAddAlert": "Álbum engadido en favoritos!",
    "playlistBookmarkRemoveAlert": "Listaxe eliminada de favoritos!",
    "artistBookmarkRemoveAlert": "Artista eliminado de favoritos!",
    "lyricsNotAvailable": "Letra non dispoñible!",
    "syncedLyricsNotAvailable": "A sincronización da letra non está dispoñible!",
    "artistDesNotAvailable": "Descripción non dispoñible!",
    "newVersionAvailable": "Nova versión dispoñible!",
    "dismiss": "Descartar",
    "dontShowInfoAgain": "Non amosar esta información de novo",
    "Piped": "Canalizada",
    "link": "Vincular",
    "resetblacklistedplaylistDes": "Restablecer todas as listaxes na lista negra",
    "restoreSettingsAndPlaylistsDes": "Restaura todas as preferencias, datos de identificación e listaxes desde unha de copia de seguridade. Sobreescribe todas as configuracións actuais",
    "restore": "Restaurar",
    "closeApp": "Pechar aplicación",
    "randomRadio": "Radio aleatoria",
    "autoDownFavSong": "Descargar cancións favoritas automáticamente",
    "autoDownFavSongDes": "Descargar cancións automáticamente cando se engaden a favoritos",
    "personalisation": "Personalización",
    "autoOpenPlayerDes": "Habilitar/deshabilitar a apertura automática de pantalla completa do reprodutor ó escoller unha canción",
    "backupAppData": "Facer copia de seguridade dos datos da aplicación",
    "queuerearrangingDeniedMsg": "A cola non se pode reordenar cando o modo aleatorio está activado",
    "queueShufflingDeniedMsg": "A cola non se pode mesturar cando o modo aleatorio está activado",
    "songNotPlayable": "A canción non se pode reproducir debido a unha restrición do servidor!",
    "songInfo": "Información respecto da canción",
    "appInfo": "Respecto da aplicación",
    "download": "Descargar",
    "music&Playback": "Música e reprodución",
    "content": "Contido",
    "loudnessNormalizationDes": "Establece o mesmo nivel de volume para todas as cancións (Experimental) (Non funcionará coas cancións descargadas na versión anterior (< v1.10.0))",
    "urlSearchDes": "URL detectada. Fai clic para reproducir o contido asociado",
    "shuffleQueue": "Mesturar cola",
    "queueLoop": "Repetir cola",
    "queueLoopNotDisMsg1": "O modo de repetición da cola non se pode desactivar cando o modo aleatorio está activado.",
    "queueLoopNotDisMsg2": "O modo de repetición da cola non se pode activar no modo radio.",
    "loudnessNormalization": "Normalización do volume",
    "duration": "Duración",
    "downloadError2": "A canción escollida non se pode descargar debido a unha restrición do servidor. Por favor, téntao de novo",
    "restoreAppData": "Restablecer datos da aplicación",
    "misc": "Varios",
    "gesture": "Xestos",
    "enableSlidableActionDes": "Habilitar accións deslizables co título das cancións",
    "resetToDefault": "Restablecer configuración predeterminada",
    "resetToDefaultDes": "Restablecer datos de fábrica da aplicación (Reinicio necesario)",
    "resetToDefaultMsg": "A configuración foi restablecida ós valores predeterminados. Por favor, reinicia a aplicación",
    "letsStrart": "Comecemos...",
    "backup": "Facer copia de seguridade",
    "processFiles": "Procesando arquivos...",
    "androidBackupWarning": "Non probado: Seleccionar a cuadrícula despois de descargar máis de 60 arquivos pode consumir unha gran cantidade de memoria e provocar que o teléfono ou a aplicación se pechen. Procede baixo o teu propio risco.",
    "album": "Álbum",
    "playingfromAlbum": "REPRODUCINDO DESDE O ÁLBUM",
    "playingfromPlaylist": "REPRODUCINDO DESDE A LISTAXE",
    "playingfromSelection": "REPRODUCINDO DESDE A SELECCIÓN",
    "playingfromArtist": "REPRODUCINDO DESDE O ARTISTA",
    "randomSelection": "Selección aleatoria",
    "playnextMsg": "Vindeiro",
    "networkError": "Erro na rede! Comproba a túa conexión.",
    "downloadError3": "A descarga fracasou debido a un erro de rede ou de transmisión. Por favor, téntao de novo",
    "playerUi": "Interface de usuario",
    "playerUiDes": "Selecciona a interface de usuario",
    "standard": "Estándar",
    "autoOpenPlayer": "Abrir reprodutor automáticamente",
    "id": "Identificador",
    "title": "Título",
    "audioCodec": "Códec de audio",
    "bitrate": "Taxa de bits",
    "loudnessDb": "Volume (dB)",
    "includeDownloadedFiles": "Incluír cancións descargadas",
    "backupInProgress": "Copia de seguridade en proceso...",
    "restartApp": "Reiniciar aplicación",
    "enableSlidableAction": "Habilitar accións deslizables"
}
