{
    "themeMode": "थीम मोड",
    "playlists": "प्लेलिस्ट",
    "albums": "एल्बम",
    "libSongs": "लाइब्रेरी गाने",
    "libAlbums": "लाइब्रेरी एल्बम",
    "items": "आइटम",
    "cachedOrOffline": "ऑफलाइन",
    "renamePlaylist": "प्लेलिस्ट का नाम बदलें",
    "create": "बनाएं",
    "createnAdd": "बनाएँ और जोड़ें",
    "dynamic": "डाइनैमिक",
    "systemDefault": "सिस्टम डिफ़ॉल्ट",
    "dark": "डार्क",
    "home": "होम",
    "songs": "गाने",
    "artists": "कलाकार",
    "settings": "सेटिंग्स",
    "light": "लाइट",
    "retry": "पुन: प्रयास करें!",
    "libArtists": "लाइब्रेरी कलाकार",
    "noOfflineSong": "कोई ऑफ़लाइन गीत नहीं!",
    "networkError1": "उफ़ नेटवर्क त्रुटि!",
    "favorites": "पसंदीदा",
    "recentlyPlayed": "हाल ही में बजाया",
    "emptyPlaylist": "खाली प्लेलिस्ट!",
    "enqueueAll": "सभी कतारबद्ध करें",
    "removePlaylist": "प्लेलिस्ट हटाएँ",
    "noBookmarks": "कोई बुकमार्क नहीं!",
    "CreateNewPlaylist": "नई प्लेलिस्ट बनाएँ",
    "cancel": "रद्द करें",
    "playNext": "अगला चलाएँ",
    "startRadio": "स्टार्ट रेडियो",
    "noLibPlaylist": "आपके पास कोई लाइब्रेरी प्लेलिस्ट नहीं है!",
    "enqueueSong": "कतार में शामिल करें",
    "goToAlbum": "एल्बम पर जाएं",
    "shareSong": "इस गाने को साझा करें",
    "viewArtist": "कलाकार देखें",
    "removeFromQueue": "कतार से निकालें",
    "removeFromCache": "कैश से निकालें",
    "addToPlaylist": "प्लेलिस्ट में जोड़ें",
    "libPlaylists": "लाइब्रेरी प्लेलिस्ट",
    "cacheSongsDes": "भविष्य / ऑफ़लाइन प्लेबैक के लिए बजाते समय गाने को कैश करें, यह आपके डिवाइस पर अतिरिक्त स्थान लेगा",
    "skipSilence": "स्किप साइलेंस",
    "skipSilenceDes": "साइलेंस को संगीत प्लेबैक से हटा दिया जाएगा",
    "streamingQuality": "स्ट्रीमिंग गुणवत्ता",
    "streamingQualityDes": "संगीत स्ट्रीम की गुणवत्ता",
    "high": "उच्च",
    "equalizer": "इक्वलाइज़र",
    "low": "कम",
    "equalizerDes": "सिस्टम इक्वलाइज़र खोलें",
    "github": "🎵 किसी खास के लिए बनाया गया 🌟",
"githubDes": "RhyThm ऐप एक भावनात्मक पल से जन्मा था। अगर तुम उस वक्त नाराज़ नहीं हुए होते, तो शायद ये रचना कभी अस्तित्व में नहीं आती।\n\nकभी-कभी, सबसे अप्रत्याशित भावनाएं सबसे खूबसूरत चीज़ें बनाती हैं। 💫\n\nइस सबके पीछे चुपचाप प्रेरणा बनने के लिए धन्यवाद। ❤️\n\nअगर आपको यह प्रोजेक्ट पसंद आए, तो GitHub पर ⭐ देना न भूलें।",
    "by": "द्वारा",
    "viewAll": "सभी देखें",
    "enabled": "सक्रिय",
    "status": "स्थिति",
    "ignoreBatOptDes": "यदि आप नोटिफिकेशन संगीत कण्ट्रोल से सम्बंधित कोई दिक्क्तों का सामना कर रहे है या आपका संगीत प्लेबैक को सिस्टम ऑप्टिमाइजेशन के द्वारा रोक दिया जा रहा तो आप इस ऑप्शन को चालू करे",
    "ignoreBatOpt": "बैटरी ऑप्टिमाइजेशन को इग्नोर करे",
    "disabled": "निष्क्रिय",
    "github": "GitHub",
    "searchRes": "खोज परिणाम",
    "for1": "के लिए",
    "topMusicVid": "शीर्ष संगीत वीडियो",
    "cacheSongs": "कैश गाने",
    "operationFailed": "ऑपरेशन विफल",
    "searchDes": "गाने, प्लेलिस्ट, एल्बम और कलाकार",
    "results": "परिणाम",
    "search": "खोजें",
    "videos": "वीडियोस",
    "about": "बारे में",
    "radioNotAvailable": "रेडियो इस कलाकार के लिए उपलब्ध नहीं है!",
    "playlistRemovedAlert": "प्लेलिस्ट हट गया!",
    "playlistCreatedAlert": "प्लेलिस्ट बनाया!",
    "playlistBookmarkAddAlert": "प्लेलिस्ट बुकमार्क हो गया!",
    "artistBookmarkAddAlert": "कलाकार बुकमार्क हो गया!",
    "setDiscoverContent": "डिस्कवर कंटेंट सेट करें",
    "quickPics": "गानों का सुझाव",
    "discover": "डिस्कवर",
    "trending": "रुझान में चल रहे गाने",
    "basedOnLast": "अंतिम गतिविधि के आधार पर",
    "subscribers": "सब्सक्राइबर्स",
    "songRemovedfromQueue": "कतार से हटा दिया!",
    "songRemovedfromQueueCurrSong": "आप वर्तमान में चल रहे गाने को नहीं हटा सकते",
    "songAddedToPlaylistAlert": "गीत प्लेलिस्ट में जुड़ गया!",
    "songAlreadyExists": "गीत पहले से ही मौजूद है!",
    "songEnqueueAlert": "गाना कतार में जुड़ा !",
    "songRemovedAlert": "से हटाया",
    "errorOccuredAlert": "कुछ त्रुटि हुई!",
    "playlistCreatednsongAddedAlert": "प्लेलिस्ट बनाया और गीत जोड़ा!",
    "playlistRenameAlert": "सफलतापूर्वक बदला गया!",
    "playlistBookmarkRemoveAlert": "प्लेलिस्ट बुकमार्क हट गया!",
    "albumBookmarkAddAlert": "एल्बम बुकमार्क हो गया!",
    "albumBookmarkRemoveAlert": "एल्बम बुकमार्क हट गया!",
    "artistBookmarkRemoveAlert": "कलाकार बुकमार्क हट गया!",
    "lyricsNotAvailable": "Lyrics उपलब्ध नहीं!",
    "artistDesNotAvailable": "विवरण उपलब्ध नहीं!",
    "newVersionAvailable": "नया संस्करण उपलब्ध!",
    "dontShowInfoAgain": "इस जानकारी को फिर से न दिखाएं",
    "dismiss": "बंद करें",
    "notaValidLink": "एक वैध लिंक नहीं!",
    "notaSongVideo": "एक गीत / संगीत वीडियो नहीं!",
    "nomatch": "कोई मैच नहीं मिला",
    "reset": "रिसेट",
    "blacklistPlstResetAlert": "सफलतापूर्वक रिसेट हुआ!",
    "goToDownloadPage": "डाउनलोड पेज पर जाने के लिए यहाँ दबाएं",
    "local": "लोकल",
    "link": "जोड़ें",
    "unLink": "हटाएँ",
    "linkPipedDes": "पाइप्ड के साथ प्लेलिस्ट्स के लिए जोड़ें",
    "username": "यूज़रनेम",
    "password": "पासवर्ड",
    "selectAuthIns": "Auth इंस्टैंस चुने",
    "linkAlert": "सफलतापूर्वक जुड़ गया!",
    "unlinkAlert": "सफलतापूर्वक हट गया!",
    "playlistBlacklistAlert": "प्लेलिस्ट ब्लैकलिस्ट हो गया!",
    "resetblacklistedplaylist": "ब्लैकलिस्टेड प्लेलिस्ट रिसेट",
    "resetblacklistedplaylistDes": "सभी पाइप्ड ब्लैकलिस्टेड प्लेलिस्ट्स को रिसेट करें",
    "stopMusicOnTaskClear": "म्यूजिक बंद करें",
    "stopMusicOnTaskClearDes": "इस ऐप को टास्क मैनेजर से स्वाइप करने पर म्यूजिक बंद हो जायेगा",
    "communityplaylists": "कम्यूनिटी प्लेलिस्ट",
    "languageDes": "अनुप्रयोग भाषा सेट करें",
    "customInsSelectMsg": "कृपया कस्टम इंस्टेंस का चयन करें",
    "allFieldsReqMsg": "सभी फील्ड भरें",
    "rename": "नाम बदलें",
    "selectAuthInsMsg": "कृपया ऑथेंटिकेशन इंस्टैंस चुने !",
    "customIns": "कस्टम इंस्टेंस",
    "Piped": "पाइप्ड",
    "topmusicvideos": "शीर्ष संगीत वीडियो",
    "singles": "सिंगल्स",
    "language": "भाषा",
    "hintApiUrl": "पाइप्ड इंस्टैंस एपीआई यूआरएल",
    "removeFromPlaylist": "प्लेलिस्ट से निकालें",
    "featuredplaylists": "फीचर्ड प्लेलिस्ट",
    "quickpicks": "गानों का सुझाव",
    "downloads": "डाउनलोड्स",
    "removeFromLib": "लाइब्रेरी गाने से हटाएँ",
    "downloadingFormat": "डाउनलोडिंग फ़ाइल फ़ारमैट",
    "songAlreadyOfflineAlert": "गाना पहले से ही कैश में ऑफ़लाइन है",
    "downloadLocation": "डाउनलोड का स्थान",
    "downloadingFormatDes": "डाउनलोडिंग फाइल फॉर्मेट चुने, \"Opus\" सर्वोत्तम गुणवत्ता प्रदान करेगा",
    "library": "लाइब्रेरी",
    "add5Minutes": "5 मिनट जोड़ें",
    "minutes": "मिनट्स",
    "endOfThisSong": "इस गाने के अंत में",
    "enableBottomNav": "बॉटम नेविगेशन बार",
    "enableBottomNavDes": "बॉटम नेविगेशन बार पर स्विच करें",
    "plain": "प्लेन",
    "syncedLyricsNotAvailable": "समन्वयित गीत उपलब्ध नहीं!",
    "cancelTimer": "टाइमर रद्द करें",
    "sleepTimer": "स्लीप टाइमर",
    "homeContentCount": "होम कंटेंट की संख्या",
    "homeContentCountDes": "आरंभिक होमस्क्रीन-कंटेंट की संख्या (लगभग) चुनें। कम परिणाम तेजी से लोड होगा",
    "synced": "सिंकड",
    "cancelTimerAlert": "स्लीप टाइमर रद्द कर दिया गया",
    "sleepTimeSetAlert": "आपका स्लीप टाइमर सेट हो गया है",
    "clearImgCache": "इमेज कैश हटाएँ",
    "clearImgCacheDes": "कैश की गई इमेजेज को हटाने के लिए यहाँ दबाएँ। (ये अनुशंसित नहीं है जबतक आप कैश की गई इमेजेज को नवीकृत नहीं करना चाहें)",
    "pipedplstSyncAlert": "पाइप्ड प्लेलिस्ट समन्वयित हुआ!",
    "upNext": "अगला",
    "backgroundPlay": "बैकग्राउंड म्यूजिक प्ले",
    "backgroundPlayDes": "बैकग्राउंड में संगीत चलाने को सक्षम/अक्षम करें (जब ऐप बैकग्राउंड में चल रहा हो तो ऐप को सिस्टम ट्रे से एक्सेस किया जा सकता है)",
    "deleteDownloadedDataAlert": "डाउनलोड से सफलतापूर्वक हटाया गया!",
    "reArrangePlaylist": "प्लेलिस्ट पुनर्व्यवस्थित करें",
    "removeMultiple": "अनेक गाने हटाएँ",
    "addMultipleSongs": "प्लेलिस्ट में गाने जोड़ें",
    "deleteDownloadData": "डाउनलोड से हटाएँ",
    "restoreLastPlaybackSession": "पिछला प्लेबैक सत्र रिस्टोर करें",
    "restoreLastPlaybackSessionDes": "ऐप प्रारंभ होने पर अंतिम प्लेबैक सत्र को स्वचालित रूप से रिस्टोर करें",
    "cacheHomeScreenData": "होम स्क्रीन सामग्री डेटा कैश करें",
    "cacheHomeScreenDataDes": "होम स्क्रीन कंटेंट डेटा कैश करें, यदि यह विकल्प सक्षम है तो होम स्क्रीन तुरंत लोड हो जाएगी",
    "exportDowloadedFilesDes": "डाउनलोड की गई फ़ाइल को अंदरुनी डायरेक्टरी से बाहरी डायरेक्टरी में निर्यात करने के लिए यहां क्लिक करें",
    "downFilesFound": "डाउनलोड की गई फाइलें मिली",
    "disableTransitionAnimationDes": "टैब ट्रांजिशन एनीमेशन को अक्षम करने के लिए इस विकल्प को सक्षम करें",
    "disableTransitionAnimation": "ट्रांजिशन एनीमेशन को अक्षम करें",
    "exportDowloadedFiles": "डाउनलोड की गई फाइलें निर्यात करें",
    "exportedFileLocation": "डाउनलोड हूई फ़ाइल का निर्यात स्थान",
    "export": "निर्यात करें",
    "exporting": "निर्यात की जा रही है..।",
    "scanning": "स्कैन की जा रही..।",
    "close": "बंद करें",
    "exportMsg": "फाइलें सफलतापूर्वक निर्यात की गईं",
    "clearImgCacheAlert": "छवियां सफलतापूर्वक साफ हो गईं",
    "openIn": "खोलें",
    "backupSettingsAndPlaylists": "बैकअप सेटिंग्स और प्लेलिस्ट",
    "restoreSettingsAndPlaylists": "सेटिंग्स और प्लेलिस्ट पुनर्स्थापित करें",
    "backupSettingsAndPlaylistsDes": "सभी सेटिंग्स, प्लेलिस्ट और लॉगिन डेटा को एक बैकअप फ़ाइल में सहेजता है",
    "restoreSettingsAndPlaylistsDes": "बैकअप फ़ाइल से सभी सेटिंग्स, लॉगिन डेटा और प्लेलिस्ट्स को रिस्टोर करता है। सभी मौजूदा डेटा को ओवरराइट कर देता है",
    "backupMsg": "बैकअप सफलतापूर्वक सहेजा गया!",
    "backFilesFound": "डेटाबेस मिले",
    "restoreMsg": "सफलतापूर्वक रिस्टोर हुआ! परिवर्तन रीस्टार्ट करने पर लागू होते हैं",
    "restoring": "रिस्टोर किया जा रहा है..।",
    "restore": "रिस्टोर करें",
    "closeApp": "ऐप बंद करें",
    "backup": "बैकअप",
    "letsStrart": "चलो शुरू करो.।",
    "processFiles": "फ़ाइलें प्रोसेस की जा रही हैं..।",
    "restoreAppData": "एप डेटा रिस्टोर करें",
    "restartApp": "एप को रीस्टार्ट करें",
    "backupAppData": "ऐप डेटा का बैकअप लें",
    "includeDownloadedFiles": "डाउनलोड की गई गाने फ़ाइलें शामिल करें",
    "backupInProgress": "बैकअप प्रगति पर है..।",
    "download": "डाउनलोड",
    "networkError": "नेटवर्क त्रुटि! अपना नेटवर्क कनेक्शन जांचें।",
    "downloadError2": "सर्वर प्रतिबंध के कारण अनुरोधित गाना डाउनलोड करने योग्य नहीं है। आप पुनः प्रयास कर सकते हैं",
    "downloadError3": "नेटवर्क त्रुटि के कारण डाउनलोडिंग विफल! कृपया पुनः प्रयास करें",
    "personalisation": "निजीकरण",
    "loudnessNormalization": "प्रबलता सामान्यीकरण",
    "bitrate": "बिटरेट",
    "androidBackupWarning": "परीक्षण नहीं किया गया: 60 से ज़्यादा फ़ाइलें डाउनलोड करने के बाद चेकबॉक्स चुनने से प्रक्रिया में बहुत ज़्यादा मेमोरी खर्च हो सकती है और फ़ोन या ऐप क्रैश हो सकता है। अपने जोखिम पर आगे बढ़ें।",
    "audioCodec": "ऑडियो कोडेक",
    "id": "आईडी",
    "queueShufflingDeniedMsg": "शफ़ल मोड सक्षम होने पर कतार को शफ़ल नहीं किया जा सकता",
    "playerUiDes": "प्लेयर उपयोगकर्ता इंटरफ़ेस का चयन करें",
    "appInfo": "ऐप की जानकारी",
    "content": "सामग्री",
    "gesture": "इशारा",
    "music&Playback": "संगीत और प्लेबैक",
    "standard": "मानक",
    "urlSearchDes": "यूआरएल का पता चला है, संबंधित सामग्री को खोलने/चलाने के लिए उस पर क्लिक करें",
    "playnextMsg": "आगामी",
    "shuffleQueue": "कतार फेरबदल",
    "queueLoop": "कतार लूप",
    "enableSlidableAction": "स्लाइड करने योग्य क्रियाएँ सक्षम करें",
    "enableSlidableActionDes": "गाने की टाइल पर स्लाइड करने योग्य क्रियाएँ सक्षम करें",
    "queueLoopNotDisMsg1": "शफ़ल मोड सक्षम होने पर कतार लूप मोड को अक्षम नहीं किया जा सकता",
    "queueLoopNotDisMsg2": "कतार लूप मोड को रेडियो मोड में सक्षम नहीं किया जा सकता",
    "songNotPlayable": "सर्वर प्रतिबंध के कारण गाना बजाने योग्य नहीं है!",
    "autoDownFavSong": "पसंदीदा गाने खुद ब खुद डाउनलोड करें",
    "title": "शीर्षक",
    "duration": "अवधि",
    "loudnessDb": "प्रबलता डीबी",
    "playerUi": "प्लेयर यूआई",
    "queuerearrangingDeniedMsg": "शफ़ल मोड सक्षम होने पर कतार को पुनः व्यवस्थित नहीं किया जा सकता",
    "loudnessNormalizationDes": "सभी गानों के लिए समान स्तर की ध्वनि निर्धारित करता है (प्रायोगिक) (पिछले संस्करण (< v1.10.0) पर डाउनलोड किए गए गानों पर काम नहीं करेगा)",
    "autoDownFavSongDes": "पसंदीदा में जोड़े जाने पर पसंदीदा गाने स्वचालित रूप से डाउनलोड करें",
    "songInfo": "गाने की जानकारी"
}
