{
    "artists": "Előadók",
    "settings": "Beállítások",
    "home": "Kezdőlap",
    "songs": "Számok",
    "library": "Gyüjtemény",
    "playlists": "Lejátszólisták",
    "albums": "Albumok",
    "retry": "Újrapróbálom!",
    "networkError1": "Hoppá, hálózati hiba!",
    "noOfflineSong": "Nincsenek offline dalok!",
    "recentlyPlayed": "Mostanában játszott",
    "favorites": "Kedvencek",
    "cachedOrOffline": "Cache-elt/offline",
    "removePlaylist": "Lejátszólista eltávolítása",
    "CreateNewPlaylist": "Új lejátszólista",
    "reArrangePlaylist": "Lejátszólista rendezése",
    "createnAdd": "Létrehozás és hozzáadás",
    "rename": "Átnevezés",
    "openIn": "Megnyitás itt:",
    "viewArtist": "Irány az előadó",
    "removeFromPlaylist": "Eltávolítás a lejátszólistáról",
    "shareSong": "Dal megosztása",
    "singles": "Kislemezek",
    "communityplaylists": "Közösségi lejátszólisták",
    "featuredplaylists": "Kiemelt lejátszólisták",
    "downloads": "Letöltések",
    "emptyPlaylist": "Üres lejátszólista!",
    "renamePlaylist": "Lejátszólista átnevezése",
    "removeMultiple": "Több dal eltávolítása",
    "addMultipleSongs": "Dalok lejátszólistához adása",
    "cancel": "Mégse",
    "create": "Létrehozás",
    "noBookmarks": "Nincsenek könyvjelzők!",
    "startRadio": "Rádió indítása",
    "playNext": "Következő lejátszása",
    "addToPlaylist": "Hozzáadás lejátszólistához",
    "goToAlbum": "Irány az album",
    "add5Minutes": "Még 5 perc",
    "standard": "Alapértelmezett",
    "queueShufflingDeniedMsg": "A várólista nem keverhető, ha a keverés mód engedélyezett",
    "queuerearrangingDeniedMsg": "A várólista nem rendezhető át, ha a keverés mód engedélyezett",
    "songNotPlayable": "A dal nem játszható le, a szerver korlátozása miatt!",
    "playnextMsg": "Következő",
    "shuffleQueue": "Várólista keverése",
    "queueLoop": "Várólista ismétlése",
    "queueLoopNotDisMsg1": "A várólista ismétlése mód nem tiltható le, ha a keverés mód engedélyezett.",
    "queueLoopNotDisMsg2": "A várólista ismétlése rádió módban nem engedélyezhető.",
    "removeFromLib": "Eltávolítás a gyűjteményből",
    "sleepTimer": "Alvás időzítő",
    "cancelTimer": "Időzítés vége",
    "deleteDownloadData": "Eltávolítás a letöltések közül",
    "dark": "Sötét",
    "light": "Világos",
    "language": "Nyelv",
    "music&Playback": "Zene & Lejátszás",
    "playerUi": "Lejátszó Ui",
    "languageDes": "Állítsa be az alkalmazás nyelvét",
    "setDiscoverContent": "Állítsa be a felfedezés tartalmát",
    "quickpicks": "Gyors választások",
    "discover": "Felfedezés",
    "trending": "Felkapott",
    "topmusicvideos": "Legjobb Zenei Videók",
    "basedOnLast": "Az utolsó interakció alapján",
    "autoDownFavSong": "Kedvelt dalok automatikus letöltése",
    "autoDownFavSongDes": "A kedvelt dalok automatikus letöltése, ha hozzáadja a kedvencekhez",
    "libSongs": "Gyűjtemény dalai",
    "noLibPlaylist": "Nincs lib lejátszási listád!",
    "enqueueSong": "Dal sorba állítása",
    "removeFromQueue": "Eltávolítás a sorból",
    "endOfThisSong": "A dal vége",
    "download": "Letöltés",
    "networkError": "Hálózati hiba! Ellenőrizze a hálózati kapcsolatot.",
    "downloadError2": "A kért dal nem tölthető le a szerver korlátozása miatt. Megpróbálhatja újra",
    "minutes": "perc",
    "dynamic": "Dinamikus",
    "content": "Tartalom",
    "personalisation": "Személyreszabás",
    "backupInProgress": "Mentés folyamatban...",
    "restoreAppData": "Alkalmazás adatok visszaállítása",
    "restore": "Visszaállítás",
    "restoreMsg": "Sikeresen visszaállítva!\nA változtatások a következő újraindításnál életbelépnek",
    "restoring": "Visszaállítás...",
    "restartApp": "Alkalmazás újraindítása",
    "downloadError3": "A letöltés hálózati/lejátszási hiba miatt megszakadt! Próbáld újra",
    "systemDefault": "Alapértelmezett",
    "restoreSettingsAndPlaylistsDes": "Minden beállítást, belépési adatot, lejátszási listát visszaállít a mentési fájlból. Felülír minden jelenlegi adatot",
    "letsStrart": "Kezdjük!",
    "processFiles": "Fájlok előkészítése...",
    "backupMsg": "A mentés sikeresen elkészült!",
    "closeApp": "Alkalmazás bezárása",
    "libPlaylists": "Gyűjtemény lejátszólistái",
    "libAlbums": "Gyűjtemény albumai",
    "libArtists": "Gyűjtemény előadói",
    "appInfo": "Alkalmazás információ",
    "backFilesFound": "adatbázis található"
}
