{
    "playlistCreatednsongAddedAlert": "Lista de reproduction create e canto addite!",
    "dismiss": "Dimitter",
    "songEnqueueAlert": "Canto in le cauda!",
    "renamePlaylist": "Renominar le lista de reproduction",
    "songAddedToPlaylistAlert": "Canto addite al lista!",
    "playlistCreatedAlert": "Lista de reproduction create!",
    "reset": "Reinitialisar",
    "trending": "Tendentias",
    "searchRes": "Resultatos del recerca",
    "password": "Contrasigno",
    "songRemovedfromQueue": "Removite ab le cauda!",
    "libSongs": "Cantos del bibliotheca",
    "communityplaylists": "Listas de reproduction del communitate",
    "libAlbums": "Albumes del bibliotheca",
    "for1": "pro",
    "link": "Ligamine",
    "selectAuthIns": "Selige un instantia de authentication",
    "languageDes": "Definir le lingua del application",
    "customInsSelectMsg": "Selige un instantia personalisate",
    "skipSilence": "Saltar le silentio",
    "create": "Crear",
    "equalizer": "Equalisator",
    "noBookmarks": "Necun marcatores!",
    "playlists": "Listas de reproduction",
    "videos": "Videos",
    "enabled": "Activate",
    "rename": "Renominar",
    "viewAll": "Vider toto",
    "github": "GitHub",
    "newVersionAvailable": "Nove version disponibile!",
    "items": "elementos",
    "subscribers": "subscriptores",
    "startRadio": "Initiar le radio",
    "cacheSongs": "Cantos in cache",
    "downloads": "Discargamentos",
    "removeFromLib": "Remover ab le cantos de bibliotheca",
    "songAlreadyExists": "Le canto jam existe!",
    "libArtists": "Artistas del bibliotheca",
    "username": "Nomine de usator",
    "light": "Clar",
    "dynamic": "Dynamic",
    "selectAuthInsMsg": "Selige le instantia de authentication!",
    "equalizerDes": "Aperir le equalisator de systema",
    "removePlaylist": "Deler le lista de reproduction",
    "customIns": "Instantia personalisate",
    "Piped": "Piped",
    "addToPlaylist": "Adder al lista de reproduction",
    "cachedOrOffline": "In cache/Foras de linea",
    "retry": "Retenta lo!",
    "artists": "Artistas",
    "albums": "Albumes",
    "radioNotAvailable": "Radio non disponibile pro iste artista!",
    "viewArtist": "Vider le artista",
    "createnAdd": "Crear e adder",
    "about": "A proposito de",
    "systemDefault": "Predefinite del systema",
    "local": "Local",
    "status": "Stato",
    "themeMode": "Modo de thema",
    "streamingQualityDes": "Qualitate del fluxo de musica",
    "notaValidLink": "Non es un ligamine valide!",
    "emptyPlaylist": "Lista de reproduction vacue!",
    "favorites": "Favoritos",
    "dark": "Obscur",
    "home": "Initio",
    "cancel": "Cancellar",
    "by": "per",
    "streamingQuality": "Qualitate de fluxo",
    "libPlaylists": "Listas de reproduction del bibliotheca",
    "disabled": "Disactivate",
    "CreateNewPlaylist": "Crear un nove lista de reproduction",
    "language": "Lingua",
    "search": "Cercar",
    "playNext": "Reproducer sequente",
    "songs": "Cantos",
    "searchDes": "Cantos, Listas de reproduction, Album o Artista",
    "results": "Resultatos",
    "downloadLocation": "Location de discargamento",
    "songRemovedfromQueueCurrSong": "Tu non pote remover le canto actualmente in reproduction",
    "settings": "Parametros",
    "hintApiUrl": "URL de API al instantia de Piped",
    "removeFromPlaylist": "Remover ab le lista de reproduction",
    "noOfflineSong": "Non il ha cantos foras de linea!",
    "removeFromQueue": "Deler del cauda",
    "shareSong": "Compartir iste canto",
    "songRemovedAlert": "Removite ab",
    "goToDownloadPage": "Clicca hic pro vader al pagina de discargamentos",
    "unlinkAlert": "Separate con successo!",
    "unLink": "Separar",
    "noLibPlaylist": "Tu non ha necun lista de reproduction lib!",
    "setDiscoverContent": "Definir le discoperta de contento",
    "networkError1": "Oh, un error de rete!",
    "github": "🎵 Dedicate a alicuno special 🌟",
"githubDes": "Le application RhyThm nasceva de un momento emotive. Si tu non esserea irritate alora, iste creation forsan nunquam haberea existite.\n\nAlcune vices, le emotion plus inesperate conduce al cosas le plus belle. 💫\n\nGratias pro esser le inspiration silentiose retro toto isto. ❤️\n\nSi tu place iste projecto, non oblida dar un ⭐ in GitHub.",
    "add5Minutes": "Adder 5 minutas",
    "playlistRemovedAlert": "Lista de reproduction removite!",
    "albumBookmarkRemoveAlert": "Marcator de album removite!",
    "notaSongVideo": "Non es un canto/video musical!",
    "ignoreBatOptDes": "Si tu ha problemas de notificationes o de reproduction stoppate per le optimisation de batteria, activa iste option",
    "enableBottomNavDes": "Cambiar al barra de navigation basse",
    "low": "Basse",
    "enqueueAll": "Mitter toto in le cauda",
    "enqueueSong": "Mitter iste canto in le cauda",
    "syncedLyricsNotAvailable": "Parolas de canto synchronisate non disponibile!",
    "allFieldsReqMsg": "Tote le campos es requirite",
    "artistBookmarkAddAlert": "Artista marcate!",
    "synced": "Synchronisate",
    "discover": "Discoperir",
    "downloadingFormat": "Formato de file de discarga",
    "playlistBookmarkAddAlert": "Lista de reproduction marcate!",
    "plain": "Plan",
    "recentlyPlayed": "Reproducite recentemente",
    "endOfThisSong": "Fin de iste canto",
    "library": "Bibliotheca",
    "playlistBookmarkRemoveAlert": "Marcator del lista de reproduction removite!",
    "cancelTimer": "Cancellar temporisator",
    "ignoreBatOpt": "Ignorar le optimisation del batteria",
    "singles": "Singles",
    "nomatch": "Nulle correspondentia trovate pro",
    "linkPipedDes": "Ligamine con piped pro listas de reproduction",
    "minutes": "minutas",
    "blacklistPlstResetAlert": "Reinitialisate con successo!",
    "songAlreadyOfflineAlert": "Canto jam foras de linea in le cache",
    "skipSilenceDes": "Le silentio essera saltate in le reproduction de musica",
    "enableBottomNav": "Barra de navigation basse",
    "errorOccuredAlert": "Ocurreva alcun error!",
    "high": "Alte",
    "artistDesNotAvailable": "Description non disponibile!",
    "basedOnLast": "Basate in le ultime interaction",
    "playlistRenameAlert": "Renominate con successo!",
    "downloadingFormatDes": "Selige le formato del file de discarga. \"Opus\" fornira le melior qualitate",
    "sleepTimeSetAlert": "Tu temporisator de somno es definite",
    "albumBookmarkAddAlert": "Album marcate!",
    "lyricsNotAvailable": "Parolas de canto non disponibile!",
    "dontShowInfoAgain": "Non monstrar iste information novemente",
    "featuredplaylists": "Listas de reproduction eminente",
    "homeContentCountDes": "Selige le numero de contentos del schermo de initio (approx.). Minus resultatos carga plus rapide",
    "quickpicks": "Selectiones rapide",
    "artistBookmarkRemoveAlert": "Marcator de artista removite!",
    "operationFailed": "Falleva le operation",
    "goToAlbum": "Vader al album",
    "cancelTimerAlert": "Temporisator de somno cancellate",
    "sleepTimer": "Temporisator de somno",
    "cacheSongsDes": "Immagazinar le cantos in cache pro reproductiones futur e foras de linea, illo usara spatio additional in tu apparato",
    "stopMusicOnTaskClear": "Stoppar le musica al rader le barra de cargas",
    "resetblacklistedplaylist": "Restabilir le listas de reproduction in lista nigre",
    "stopMusicOnTaskClearDes": "Le reproduction de musica stoppara quando le application sia glissate foras del gestor de cargas",
    "topmusicvideos": "Videos musical plus reguardate",
    "linkAlert": "Ligate con successo!",
    "playlistBlacklistAlert": "Lista de reproduction in le lista nigre!",
    "resetblacklistedplaylistDes": "Restabilir tote le listas de reproduction de piped in lista nigre",
    "homeContentCount": "Computo de contentos",
    "pipedplstSyncAlert": "Lista de reproduction de Piped synchronisate!",
    "clearImgCache": "Rader le cache de imagines",
    "clearImgCacheDes": "Clicca hic pro rader miniaturas e imagines in cache. (Non recommentate a minus que tu vole actualisar le datos de imagine in cache)",
    "upNext": "Postea",
    "backgroundPlay": "Reproducer musica in fundo",
    "backgroundPlayDes": "Activar/Disactivar le reproduction de musica in fundo (Le application pote esser accessate ab la barra de systema quando ille es executante in secunde fundo)",
    "deleteDownloadData": "Remover ab le discargamentos",
    "deleteDownloadedDataAlert": "Removite con successo ab le discargamentos!",
    "removeMultiple": "Deler multiple cantos",
    "addMultipleSongs": "Adder cantos al lista de reproduction",
    "restoreLastPlaybackSession": "Restaurar le ultime session de reproduction",
    "restoreLastPlaybackSessionDes": "Restaura automaticamente le ultime session de reproduction al initio del application",
    "reArrangePlaylist": "Rearrangiar le lista de reproduction",
    "cacheHomeScreenData": "Cache del datos de contento del schermo de initio",
    "cacheHomeScreenDataDes": "Activar le cache del datos de contento del schermo de initio, ille schermo cargara immediatemente si iste option es activate",
    "export": "Exportar",
    "exportedFileLocation": "Location de exportation de file discargate",
    "downFilesFound": "files discargate trovate",
    "close": "Clauder",
    "exportMsg": "Files exportate con successo",
    "exportDowloadedFiles": "Exportar files discargate",
    "exporting": "In exportation...",
    "scanning": "Scannante...",
    "disableTransitionAnimation": "Disactivar animation de transition",
    "disableTransitionAnimationDes": "Activa iste option pro disactivar le animation de transition de scheda",
    "exportDowloadedFilesDes": "Clicca hic pro exportar files discargate ab directorio inApp a directorio externe",
    "clearImgCacheAlert": "Imagines del cache delite con successo",
    "openIn": "Aperir in",
    "closeApp": "Clauder le application",
    "backupSettingsAndPlaylists": "Copia de securitate del parametros e listas de reproduction",
    "backupSettingsAndPlaylistsDes": "Salveguarda tote le parametros, listas de reproduction e datos de initio de session in un file de copia de securitate",
    "restoreSettingsAndPlaylists": "Restaurar le parametros e listas de reproduction",
    "backupMsg": "Copia de securitate salveguardate con successo!",
    "backFilesFound": "bases de datos trovate",
    "restoring": "in restauration...",
    "restore": "Restaurar",
    "restoreMsg": "Restaurate con successo!\nLe cambios essera applicate in le reinitio",
    "restoreSettingsAndPlaylistsDes": "Restaura tote le parametros, datos de initio de session e listas de reproduction ab un file de copia de securitate. Superscribe tote le datos actual",
    "backupInProgress": "Copia de securitate in progresso...",
    "restartApp": "Reinitiar le app",
    "includeDownloadedFiles": "Includer cantos discargate",
    "bitrate": "Taxa de bits",
    "backupAppData": "Copia de securitate de datos del application",
    "duration": "Duration",
    "loudnessDb": "LoudnessDb",
    "processFiles": "Files in processo...",
    "audioCodec": "Codec de audio",
    "restoreAppData": "Restaurar datos del application",
    "letsStrart": "Que nos comencia...",
    "songInfo": "Information del canto",
    "id": "Id",
    "title": "Titulo",
    "backup": "Copia de securitate",
    "queueShufflingDeniedMsg": "Le cauda non pote esser miscite quando le modo aleatori es activate",
    "queuerearrangingDeniedMsg": "Le cauda non pote esser rearrangiate quando le modo aleatori es activate",
    "songNotPlayable": "Le canto non se pote reproducer a causa de un restriction de servitor!",
    "appInfo": "Information del application",
    "download": "Discargar",
    "networkError": "Error de rete! Verifica tu connection.",
    "music&Playback": "Musica e reproduction",
    "content": "Contento",
    "personalisation": "Personalisation",
    "loudnessNormalization": "Normalisation del volumine",
    "loudnessNormalizationDes": "Define le mesme nivello de volumine pro tote le cantos (Experimental) (Non functionara con le cantos discargate sur le versiones previe (< v1.10.0))",
    "urlSearchDes": "URL detegite. Clicca lo pro aperir/reproducer le contento associate",
    "androidBackupWarning": "",
    "downloadError3": "Falleva le discargamento a causa de un error de rete! Tenta de novo",
    "downloadError2": "Le canto requestate non pote discargar se a causa de un restriction de servitor. Tu pote retentar lo",
    "playerUi": "IU de reproductor",
    "playerUiDes": "Selige le interfacie de usator del reproductor",
    "enableSlidableAction": "Activar le acciones glissabile"
}
