{
    "playlistCreatednsongAddedAlert": "Daftar Putar dibuat & lagu ditambahkan!",
    "dismiss": "Biarkan",
    "goToDownloadPage": "Klik di sini untuk pergi ke halaman unduh",
    "songEnqueueAlert": "Lagu masuk dalam antrean!",
    "renamePlaylist": "Ganti Nama Daftar Putar",
    "songAddedToPlaylistAlert": "Lagu ditambahkan ke daftar putar!",
    "unlinkAlert": "Tautan berhasil dibatalkan!",
    "playlistCreatedAlert": "Daftar Putar dibuat!",
    "reset": "Setel ulang",
    "unLink": "Putuskan tautan",
    "trending": "Sedang tren",
    "searchRes": "Hasil pencarian",
    "cacheSongsDes": "Menyimpan lagu sementara saat diputar untuk pemutaran di masa depan/offline, ini akan memakan ruang tambahan di perangkat Anda",
    "password": "Sandi",
    "noLibPlaylist": "Anda tidak memiliki pustaka daftar putar!",
    "setDiscoverContent": "Tetapkan konten yang dapat ditemukan",
    "networkError1": "Ups, ada kesalahan jaringan!",
    "songRemovedfromQueue": "Dihapus dari antrean!",
    "libSongs": "Pustaka Lagu",
    "github": "🎵 Didedikasikan untuk Seseorang yang Spesial 🌟",
"githubDes": "Aplikasi RhyThm lahir dari sebuah momen emosional. Jika kamu tidak marah saat itu, mungkin karya ini tidak akan pernah ada.\n\nTerkadang, emosi yang paling tak terduga menciptakan hal-hal terindah. 💫\n\nTerima kasih sudah menjadi inspirasi diam di balik semua ini. ❤️\n\nJika kamu suka proyek ini, jangan lupa beri ⭐ di GitHub.",
    "communityplaylists": "Daftar Putar Komunitas",
    "playlistRemovedAlert": "Daftar Putar di hapus!",
    "libAlbums": "Pustaka Album",
    "albumBookmarkRemoveAlert": "Penanda album dihapus!",
    "notaSongVideo": "Bukan Lagu/Video Musik!",
    "ignoreBatOptDes": "Jika Anda menghadapi masalah notifikasi atau pemutaran dihentikan karena pengoptimalan sistem, aktifkan opsi ini",
    "for1": "Untuk",
    "low": "Rendah",
    "link": "Tautan",
    "selectAuthIns": "Pilih Instans Auth",
    "languageDes": "Setel bahasa Aplikasi",
    "stopMusicOnTaskClear": "Hentikan musik saat tugas selesai",
    "enqueueAll": "Antrikan semua",
    "customInsSelectMsg": "Silakan pilih Instans Khusus",
    "skipSilence": "Lewati keheningan",
    "create": "Buat",
    "equalizer": "Ekualizer",
    "enqueueSong": "Tambahkan lagu ini ke antrian",
    "noBookmarks": "Tidak ada penanda!",
    "playlists": "Daftar Putar",
    "videos": "Video",
    "enabled": "Diaktifkan",
    "allFieldsReqMsg": "Semua bidang wajib diisi",
    "artistBookmarkAddAlert": "Artis ditandai!",
    "rename": "Ganti Nama",
    "viewAll": "Lihat semua",
    "github": "Github",
    "newVersionAvailable": "Versi baru tersedia!",
    "items": "Item",
    "subscribers": "pelanggan",
    "startRadio": "Mulai radio",
    "discover": "Temukan",
    "cacheSongs": "Cache lagu",
    "downloads": "Unduhan",
    "removeFromLib": "Hapus dari Pustaka Lagu",
    "songAlreadyExists": "Lagu sudah ada!",
    "libArtists": "Pustaka Artis",
    "downloadingFormat": "Mengunduh Format File",
    "username": "Nama pengguna",
    "light": "Terang",
    "resetblacklistedplaylist": "Setel ulang daftar putar yang masuk daftar hitam",
    "dynamic": "Dinamis",
    "selectAuthInsMsg": "Silakan pilih Contoh autentikasi!",
    "equalizerDes": "Buka ekualizer sistem",
    "removePlaylist": "Hapus Daftar Putar",
    "customIns": "Mesin Virtual Khusus",
    "Piped": "Disalurkan",
    "addToPlaylist": "Tambah ke daftar putar",
    "stopMusicOnTaskClearDes": "Pemutaran musik akan berhenti ketika Aplikasi dihapus dari pengelola tugas",
    "cachedOrOffline": "Di-cache/Offline",
    "retry": "Coba Lagi!",
    "artists": "Artis",
    "playlistBookmarkAddAlert": "Daftar putar ditandai!",
    "albums": "Album",
    "radioNotAvailable": "Radio tidak tersedia untuk artis ini!",
    "recentlyPlayed": "Baru Dimainkan",
    "viewArtist": "Lihat Artis",
    "createnAdd": "Buat & Tambah",
    "topmusicvideos": "Video Musik Teratas",
    "about": "Tentang",
    "playlistBookmarkRemoveAlert": "Bookmark daftar putar dihapus!",
    "systemDefault": "Bawaan sistem",
    "local": "Lokal",
    "ignoreBatOpt": "Abaikan pengoptimalan baterai",
    "singles": "Single",
    "linkAlert": "Berhasil ditautkan!",
    "status": "Status",
    "themeMode": "Mode Tema",
    "streamingQualityDes": "Kualitas streaming musik",
    "nomatch": "Tidak ditemukan kecocokan untuk",
    "notaValidLink": "Bukan tautan yang valid!",
    "emptyPlaylist": "Daftar Putar Kosong!",
    "favorites": "Favorit",
    "dark": "Gelap",
    "home": "Beranda",
    "cancel": "Batal",
    "by": "Oleh",
    "streamingQuality": "Kualitas streaming",
    "linkPipedDes": "Tautan dengan saluran untuk daftar putar",
    "libPlaylists": "Pustaka Daftar Putar",
    "disabled": "Dimatikan",
    "CreateNewPlaylist": "Buat Daftar Putar Baru",
    "blacklistPlstResetAlert": "Setel ulang berhasil!",
    "language": "Bahasa",
    "search": "Cari",
    "songAlreadyOfflineAlert": "Lagu sudah offline di cache",
    "skipSilenceDes": "Keheningan akan dilewati dalam pemutaran musik",
    "playNext": "Putar berikutnya",
    "errorOccuredAlert": "Terjadi kesalahan!",
    "songs": "Lagu",
    "high": "Tinggi",
    "searchDes": "Lagu, Daftar Putar, Album atau Artis",
    "results": "Hasil",
    "playlistBlacklistAlert": "Daftar putar masuk daftar hitam!",
    "artistDesNotAvailable": "Deskripsi tidak tersedia!",
    "resetblacklistedplaylistDes": "Setel ulang semua daftar putar yang masuk daftar hitam",
    "downloadLocation": "Lokasi download",
    "songRemovedfromQueueCurrSong": "Anda tidak dapat menghapus lagu yang sedang diputar",
    "settings": "Pengaturan",
    "basedOnLast": "Berdasarkan interaksi terakhir",
    "hintApiUrl": "URL API ke instance yang disalurkan",
    "playlistRenameAlert": "Berhasil mengganti nama!",
    "downloadingFormatDes": "Pilih format file pengunduhan. \"Opus\" akan memberikan kualitas terbaik",
    "albumBookmarkAddAlert": "Album ditandai!",
    "removeFromPlaylist": "Hapus dari daftar putar",
    "lyricsNotAvailable": "Lirik tidak tersedia!",
    "dontShowInfoAgain": "Jangan tampilkan info ini lagi",
    "noOfflineSong": "Tidak ada lagu offline!",
    "featuredplaylists": "Daftar Putar yang Difiturkan",
    "quickpicks": "Pilihan Cepat",
    "artistBookmarkRemoveAlert": "Bookmark artis dihapus!",
    "operationFailed": "Operasi gagal",
    "goToAlbum": "Ke album",
    "removeFromQueue": "Hapus dari antrian",
    "shareSong": "Bagikan lagu ini",
    "songRemovedAlert": "Dihapus dari",
    "library": "Pustaka",
    "sleepTimer": "Pengatur Waktu Tidur",
    "minutes": "menit",
    "add5Minutes": "Tambah 5 menit",
    "endOfThisSong": "Akhir dari lagu ini",
    "synced": "Tersinkronkan",
    "scanning": "Memindai...",
    "clearImgCache": "Bersihkan cache gambar",
    "openIn": "Buka di",
    "homeContentCount": "Jumlah konten beranda",
    "restoreLastPlaybackSessionDes": "Secara otomatis memulihkan sesi pemutaran terakhir saat aplikasi dibuka",
    "loudnessNormalization": "Normalisasi kekerasan suara",
    "disableTransitionAnimation": "Matikan animasi transisi",
    "exportDowloadedFiles": "Ekspor file yang diunduh",
    "cancelTimerAlert": "Timer tidur dibatalkan",
    "syncedLyricsNotAvailable": "lirik yang tersinkron tidak ada!",
    "letsStrart": "Mari mulai..",
    "includeDownloadedFiles": "Sertakan file lagu-lagu yang diunduh",
    "bitrate": "Bitrate",
    "enableBottomNavDes": "Ganti ke bar navigasi bawah",
    "close": "Tutup",
    "exporting": "Mengekspor...",
    "cancelTimer": "Batalkan pengatur waktu",
    "enableBottomNav": "Bar navigasi bawah",
    "removeMultiple": "Hapus beberapa lagu",
    "pipedplstSyncAlert": "Daftar putar yang disalurkan tersinkronkan!",
    "processFiles": "Memproses file...",
    "deleteDownloadedDataAlert": "Berhasil dihapus dari unduhan!",
    "downFilesFound": "file yang terunduh ditemukan",
    "sleepTimeSetAlert": "Timer tidur Anda telah diatur",
    "disableTransitionAnimationDes": "Aktifkan opsi ini untuk menonaktifkan animasi transisi antar tab",
    "queuerearrangingDeniedMsg": "Antrian tidak bisa diatur ulang ketika mode acak diaktifkan",
    "export": "Ekspor",
    "backupInProgress": "Pencadangan diproses...",
    "id": "Id",
    "title": "Judul",
    "songInfo": "Info Lagu",
    "reArrangePlaylist": "Menyusun ulang daftar putar",
    "addMultipleSongs": "Tambahkan ke daftar putar",
    "queueShufflingDeniedMsg": "Antrian tidak bisa diacak ketika mode acak diaktifkan",
    "duration": "Durasi",
    "audioCodec": "Codec Audio",
    "clearImgCacheAlert": "Cache gambar telah dibersihkan",
    "backgroundPlay": "Pemutaran lagu di latar belakang",
    "backupAppData": "Cadangkan data Aplikasi",
    "backupSettingsAndPlaylistsDes": "Menyimpan semua pengaturan, daftar putar, dan data masuk ke file cadangan",
    "backFilesFound": "Database ditemukan",
    "restoreMsg": "Berhasil dipulihkan!\nPerubahan akan diterapkan setelah dimulai ulang",
    "songNotPlayable": "Lagu ini tidak dapat diputar karena pembatasan server!",
    "appInfo": "Informasi Aplikasi",
    "download": "Unduh",
    "personalisation": "Personalisasi",
    "upNext": "Selanjutnya",
    "downloadError3": "Unduhan gagal karena jaringan/stream sedang gangguan! Silakan coba periksa kembali.",
    "music&Playback": "Musik & Pemutaran",
    "content": "Konten",
    "restoreLastPlaybackSession": "Pulihkan sesi pemutaran terakhir",
    "deleteDownloadData": "Hapus dari unduhan",
    "networkError": "Jaringan bermasalah! Periksa koneksi jaringan anda.",
    "downloadError2": "Lagu yang diminta tidak dapat diunduh karena pembatasan server. Anda bisa mencoba lagi",
    "androidBackupWarning": "Belum dites: Memilih kotak centang setelah mengunduh lebih dari 60 file, prosesnya mungkin dapat menghabiskan banyak memori dan bisa menyebabkan perangkat seluler atau aplikasi crash. Lanjutkan dengan risiko Anda sendiri.",
    "backup": "Cadangan",
    "loudnessNormalizationDes": "Atur level kekerasan suara yang sama untuk semua lagu (Eksperimental) (Tidak akan berfungsi pada lagu yang diunduh di versi sebelumnya (< v1.10.0))",
    "backgroundPlayDes": "Nyalakan/Matikan pemutaran musik di latar belakang (Aplikasi bisa diakses dari baki sistem ketika aplikasi sedang berjalan di latar belakang)",
    "cacheHomeScreenData": "Buat cache untuk data konten Beranda",
    "exportDowloadedFilesDes": "Klik disini untuk mengekspor file yang diunduh dari direktori inApp menuju direktori eksternal",
    "cacheHomeScreenDataDes": "Aktifkan pembuatan cache data konten layar Beranda, layar Beranda bisa memuat lebih cepat jika opsi ini diaktifkan",
    "exportedFileLocation": "Lokasi ekspor file yang terunduh",
    "exportMsg": "Ekspor file telah sukses",
    "restoreAppData": "Pulihkan data Aplikasi",
    "restartApp": "Mulai ulang Aplikasi",
    "restoreSettingsAndPlaylistsDes": "Pulihkan semua pengaturan, data masuk, dan daftar putar dari file cadangan. Akan menimpa seluruh data saat ini",
    "backupMsg": "Cadangan berhasil disimpan!",
    "restoring": "Memulihkan...",
    "restore": "Pulihkan",
    "closeApp": "Tutup Aplikasi",
    "loudnessDb": "Kekerasan Suara dB",
    "clearImgCacheDes": "Klik disini untuk menghapus cache dari thumbnail/gambar. (Tidak direkomendasikan kecuali ingin memperbahaui data cache dari gambar)",
    "plain": "Polos",
    "urlSearchDes": "Url terdeteksi, klik untuk membuka/memutar konten terkait",
    "homeContentCountDes": "Pilih jumlah konten beranda awal (perkiraan). Hasil yang lebih sedikit mempercepat pemuatan",
    "playerUi": "Antarmuka Pengguna",
    "playerUiDes": "Pilih antarmuka pengguna",
    "standard": "Standar",
    "gesture": "Gerakan",
    "queueLoopNotDisMsg2": "Mode ulangi antrean tidak dapat diaktifkan dalam mode radio.",
    "enableSlidableAction": "Aktifkan aksi geser",
    "shuffleQueue": "Acak Antrean",
    "queueLoop": "Ulangi Antrean",
    "queueLoopNotDisMsg1": "Mode ulangi antrean tidak dapat dinonaktifkan saat mode acak diaktifkan.",
    "enableSlidableActionDes": "Aktifkan aksi geser pada ubin lagu",
    "autoDownFavSong": "Unduh otomatis lagu favorit",
    "autoDownFavSongDes": "Unduh lagu favorit secara otomatis saat ditambahkan ke favorit",
    "playnextMsg": "Selanjutnya",
    "misc": "Lain-lain",
    "resetToDefault": "Kembalikan pengaturan ke semula",
    "resetToDefaultMsg": "Pengaturan telah direset ke semula, silakan restart aplikasi",
    "resetToDefaultDes": "Setel ulang pengaturan aplikasi ke semula (Diperlukan restart)",
    "playingfromPlaylist": "MEMUTAR LAGU DARI DAFTAR PUTAR",
    "autoOpenPlayer": "Otomatis membuka layar pemutaran",
    "autoOpenPlayerDes": "Mengaktifkan/menonaktifkan pembukaan otomatis layar pemutaran secara penuh pada pilihan lagu yang akan diputar",
    "album": "Album",
    "playingfromSelection": "MEMUTAR LAGU YANG DI-SELEKSI",
    "playingfromArtist": "MEMUTAR LAGU DARI ARTIS",
    "playingfromAlbum": "MEMUTAR LAGU DARI ALBUM",
    "randomSelection": "Pilihan acak",
    "randomRadio": "Radio acak",
    "reArrangeSongs": "Atur ulang lagu",
    "selectSongs": "Pilih lagu",
    "selectAll": "Pilih semua",
    "exportPlaylist": "Ekspor Daftar Putar",
    "exportingPlaylist": "Mengekspor Daftar Putar...",
    "playlistExportedMsg": "Daftar Putar sukses diekspor ke",
    "exportErrorPermission": "Perizinan dilarang ketika mengekspor",
    "exportErrorStorage": "Ruang penyimpanan tidak cukup",
    "selectFile": "Pilih File",
    "importErrorFileAccess": "Tidak dapat mengakses file yang dipilih",
    "importErrorFormat": "format file tidak valid",
    "importErrorDatabase": "Kesalahan menyimpan ke database",
    "fileNotFound": "File tidak ditemukan",
    "exportError": "Kesalahan saat mengekspor daftar putar",
    "exportErrorFormat": "Kesalahan pemformatan data daftar putar",
    "importPlaylist": "Impor Daftar Putar",
    "importingPlaylist": "Mengimpor daftar putar...",
    "importPlaylistDesc": "Pilih file JSON daftar putar yang diekspor sebelumnya untuk diimpor",
    "playlistImportedMsg": "Daftar putar sukses diimpor",
    "importError": "Kesalahan saat mengimpor daftar putar",
    "invalidPlaylistFile": "struktur file daftar putar tidak valid",
    "importLargeFileNote": "Catatan: Daftar putar berukuran besar mungkin akan memakan waktu lama saat mengimpor"
}
