{
    "home": "Pagina principale",
    "songs": "Canzoni",
    "playlists": "Playlist",
    "albums": "Album",
    "artists": "Artisti",
    "settings": "Impostazioni",
    "items": "elementi",
    "networkError1": "Oops errore di rete!",
    "library": "Libreria",
    "favorites": "Preferiti",
    "libSongs": "Brani della libreria",
    "libPlaylists": "Playlist della libreria",
    "libAlbums": "Album della libreria",
    "recentlyPlayed": "Ascoltati di recente",
    "libArtists": "Artisti della libreria",
    "retry": "Riprova!",
    "noOfflineSong": "Nessun brano offline!",
    "emptyPlaylist": "Playlist vuota!",
    "communityplaylists": "Playlist della community",
    "cachedOrOffline": "Salvati nella cache/Offline",
    "singles": "Singoli",
    "enqueueAll": "Metti in coda tutte",
    "renamePlaylist": "Rinomina Playlist",
    "create": "Crea",
    "createnAdd": "Crea & aggiungi",
    "reArrangePlaylist": "Riordina Playlist",
    "removeMultiple": "Rimuovi multiple canzoni",
    "addMultipleSongs": "Aggiungi canzoni alla playlist",
    "downloads": "Scaricati",
    "cancel": "Annulla",
    "rename": "Rinomina",
    "removePlaylist": "Rimuovi Playlist",
    "CreateNewPlaylist": "Crea una nuova Playlist",
    "startRadio": "Inizia Radio",
    "discover": "Scopri",
    "language": "Lingua",
    "homeContentCount": "Numero di contenuti in Home",
    "skipSilenceDes": "Il silenzio sarà saltato nella riproduzione musicale",
    "enableBottomNavDes": "Abilita la barra di navigazione inferiore",
    "skipSilence": "Salta Silenzio",
    "streamingQuality": "Qualità streaming",
    "equalizerDes": "Apri l'equalizzatore di sistema",
    "ignoreBatOpt": "Ignora ottimizzazioni batteria",
    "enabled": "Abilitato",
    "by": "da",
    "github": "🎵 Dedicato a qualcuno di speciale 🌟",
"githubDes": "L'app RhyThm è nata da un momento di emozione. Se non ti fossi arrabbiato allora, forse questa creazione non sarebbe mai esistita.\n\nA volte, le emozioni più inaspettate portano alle cose più belle. 💫\n\nGrazie per essere stata l'ispirazione silenziosa dietro tutto questo. ❤️\n\nSe ti piace questo progetto, non dimenticare di lasciare una ⭐ su GitHub.",
    "search": "Cerca",
    "synced": "Sincronizzato",
    "songRemovedfromQueueCurrSong": "Non puoi rimuovere la canzone attualmente in riproduzione",
    "reset": "Reset",
    "shareSong": "Condividi la canzone",
    "removeFromQueue": "Rimuovi dalla coda",
    "sleepTimer": "Timer spegnimento",
    "cancelTimer": "Elimina Timer",
    "deleteDownloadData": "Rimuovi dagli scaricati",
    "minutes": "minuti",
    "endOfThisSong": "Fine della canzone",
    "trending": "Tendenza",
    "restoreLastPlaybackSession": "Ripristina l'ultima sessione di riproduzione",
    "restoreLastPlaybackSessionDes": "Ripristina automaticamente l'ultima sessione di riproduzione all'avvio app",
    "homeContentCountDes": "Seleziona il numero di contenuti nella Home (approssimativo). Meno contenuti porterà ad avere un loading più veloce",
    "enableBottomNav": "Barra di navigazione inferiore",
    "cacheSongsDes": "Inserire canzoni nella cache durante la riproduzione per ascoltarle in futuro o in modalità offline, userà spazio aggiuntivo nel tuo dispositivo",
    "upNext": "Successive",
    "github": "GitHub",
    "addToPlaylist": "Aggiungi alla playlist",
    "goToAlbum": "Vai all'album",
    "viewArtist": "Vedi Artista",
    "searchRes": "Risultati ricerca",
    "high": "Alto",
    "low": "Basso",
    "ignoreBatOptDes": "In caso di problemi con notifiche o la riproduzione si interrompe a causa dell'ottimizzazione sistema, abilita questa funzione",
    "searchDes": "Canzoni, Playlist, Album o Artisti",
    "radioNotAvailable": "La radio non è disponibile per questo artista!",
    "songRemovedfromQueue": "Rimossa dalla coda!",
    "topmusicvideos": "Top video musicali",
    "clearImgCache": "Elimina cache immagini",
    "videos": "Video",
    "dynamic": "Dinamico",
    "systemDefault": "Default di sistema",
    "removeFromPlaylist": "Rimuovi dalla playlist",
    "removeFromLib": "Rimuovi dalla Libreria Canzoni",
    "add5Minutes": "Aggiungi 5 minuti",
    "themeMode": "Modalità tema",
    "dark": "Scuro",
    "light": "Chiaro",
    "languageDes": "Seleziona lingua App",
    "cacheSongs": "Canzoni nella Cache",
    "streamingQualityDes": "Qualità dello streaming musica",
    "downloadLocation": "Locazione download",
    "exportedFileLocation": "Locazione dei file scaricati esportati",
    "export": "Esporta",
    "exporting": "In Esportazione...",
    "downFilesFound": "File scaricati trovati",
    "exportMsg": "File esportati correttamente",
    "for1": "per",
    "results": "Risultati",
    "errorOccuredAlert": "C'è stato un errore!",
    "playlistCreatedAlert": "Playlist creata!",
    "playlistCreatednsongAddedAlert": "Playlist creata & canzone aggiunta!",
    "playlistRenameAlert": "Rinominata correttamente!",
    "playlistRemovedAlert": "Playlist rimossa!",
    "lyricsNotAvailable": "Testo non disponibile!",
    "syncedLyricsNotAvailable": "Testo sincronizzato non disponibile!",
    "notaValidLink": "Non è un link valido!",
    "local": "Locale",
    "username": "Nome utente",
    "linkAlert": "Collegato correttamente!",
    "unlinkAlert": "Scollegato correttamente!",
    "backgroundPlay": "Riproduzione musica Background",
    "disableTransitionAnimation": "Disabilita le animazioni di transizione",
    "exportDowloadedFilesDes": "Clicca qui per esportare i file scaricati da una cartalla inApp ad una cartella esterna",
    "downloadingFormatDes": "Seleziona il formato di download file, \"Opus\" fornirà la miglior qualità",
    "exportDowloadedFiles": "Esporta file scaricati",
    "scanning": "In Scansione...",
    "close": "Chiudi",
    "nomatch": "Nessuna corrispondenza trovata",
    "clearImgCacheAlert": "Cache immagini eliminate correttamente",
    "subscribers": "Iscritti",
    "deleteDownloadedDataAlert": "Correttamente rimossa dai file scaricati!",
    "songAddedToPlaylistAlert": "Canzone aggiunta alla playlist!",
    "songAlreadyOfflineAlert": "Canzone già immessa offline tramite cache",
    "songRemovedAlert": "Rimossa da",
    "artistDesNotAvailable": "Descrizione non disponibile!",
    "goToDownloadPage": "Clicca qui per andare alla pagina file scaricati",
    "password": "Password",
    "blacklistPlstResetAlert": "Reset eseguito correttamente!",
    "downloadingFormat": "Formato di Download File",
    "operationFailed": "Operazione fallita",
    "enqueueSong": "Metti in coda la canzone",
    "quickpicks": "Selezioni rapide",
    "basedOnLast": "Basato sull'ultima interazione",
    "equalizer": "Equalizzatore",
    "disabled": "Disabilitato",
    "songAlreadyExists": "Canzone già esistente!",
    "songEnqueueAlert": "Canzone messa in coda!",
    "link": "Collega",
    "unLink": "Scollega",
    "newVersionAvailable": "Nuova versione disponibile!",
    "dontShowInfoAgain": "Non mostrare questa informazione di nuovo",
    "notaSongVideo": "Non è una canzone/Video musicale!",
    "status": "Stato",
    "playlistBookmarkRemoveAlert": "Segnalibro della playlist rimosso!",
    "hintApiUrl": "API URL dell'istanza Piped",
    "customIns": "Istanza personalizzata",
    "linkPipedDes": "Collegamento con piped per le playlist",
    "backgroundPlayDes": "Abilitare/disabilitare la riproduzione della musica in background (l'app è accessibile dalla barra delle applicazioni quando è in esecuzione in background)",
    "clearImgCacheDes": "Fare clic qui per cancellare le miniature/immagini memorizzate nella cache. (Non è consigliabile, a meno che non si vogliano aggiornare i dati delle immagini nella cache)",
    "playNext": "Riproduci il prossimo",
    "artistBookmarkRemoveAlert": "Rimosso il segnalibro dell'artista!",
    "openIn": "Apri in",
    "disableTransitionAnimationDes": "Attivare questa opzione per disabilitare l'animazione di transizione delle schede",
    "viewAll": "Vedi tutti",
    "plain": "Semplice",
    "allFieldsReqMsg": "Tutti i campi sono obbligatori",
    "selectAuthIns": "Selezionare l'istanza di autorizzazione",
    "songNotPlayable": "La canzone non è riproducibile a causa di una restrizione del server!",
    "networkError": "Errore di rete! Controllare la connessione di rete.",
    "downloadError2": "Il brano richiesto non è scaricabile a causa di una restrizione del server. È possibile riprovare",
    "downloadError3": "Download fallito a causa di un errore di rete/connessione! Riprovare",
    "music&Playback": "Musica e riproduzione",
    "content": "Contenuto",
    "setDiscoverContent": "Impostare la scoperta dei contenuti",
    "loudnessNormalizationDes": "Imposta lo stesso livello di loudness per tutti i brani (sperimentale) (non funziona con i brani scaricati con la versione precedente (< v1.10.0))",
    "urlSearchDes": "Url rilevato Cliccando su di esso si apre/riproduce il contenuto associato",
    "songInfo": "Info sulla canzone",
    "sleepTimeSetAlert": "Il timer del riposo è impostato",
    "pipedplstSyncAlert": "Piped playlist sincronizzata!",
    "albumBookmarkAddAlert": "Album inserito nei segnalibri!",
    "albumBookmarkRemoveAlert": "Segnalibro dell'album rimosso!",
    "artistBookmarkAddAlert": "Artista aggiunto ai preferiti!",
    "playlistBlacklistAlert": "Playlist inserita nella lista di blocco!",
    "resetblacklistedplaylist": "Ripristino delle playlist in blacklist",
    "resetblacklistedplaylistDes": "Azzeramento di tutte le playlist in blacklist",
    "restoreSettingsAndPlaylistsDes": "Ripristina tutte le impostazioni, i dati di accesso e le playlist da un file di backup. Sovrascrive tutti i dati attuali",
    "backupMsg": "Il backup è stato salvato con successo!",
    "backFilesFound": "database trovati",
    "closeApp": "Chiudi App",
    "restartApp": "Riavvi App",
    "loudnessDb": "LoudnessDb",
    "bitrate": "Bitrate",
    "queuerearrangingDeniedMsg": "La coda non può essere riorganizzata quando è attivata la modalità shuffle",
    "queueShufflingDeniedMsg": "La coda non può essere rimescolata quando è attivata la modalità shuffle",
    "id": "Id",
    "duration": "Durata",
    "cacheHomeScreenData": "Cache dei dati del contenuto della schermata iniziale",
    "restore": "Ripristina",
    "featuredplaylists": "Playlist in evidenza",
    "playlistBookmarkAddAlert": "Playlist salvata nei segnalibri!",
    "about": "Informazioni su",
    "noBookmarks": "Nessun segnalibro!",
    "download": "Download",
    "appInfo": "Informazioni App",
    "personalisation": "Personalizzazione",
    "loudnessNormalization": "Normalizzazione del volume",
    "cancelTimerAlert": "Timer di riposo annullato",
    "title": "Titolo",
    "audioCodec": "Codec Audio",
    "customInsSelectMsg": "Selezionare l'istanza personalizzata",
    "restoring": "Ripristino...",
    "stopMusicOnTaskClearDes": "La riproduzione musicale si interrompe quando l'app terminata dal task manager",
    "Piped": "Piped",
    "androidBackupWarning": "Non testato: Selezionando la casella di controllo dopo aver scaricato più di 60 file, il processo potrebbe consumare una grande quantità di memoria e causare il blocco del telefono o dell'applicazione. Procedere a proprio rischio e pericolo.",
    "restoreMsg": "Ripristino riuscito!\nLe modifiche vengono applicate al riavvio",
    "restoreAppData": "Ripristino dei dati dell'app",
    "noLibPlaylist": "Non hai una nessuna lib per le playlist!",
    "selectAuthInsMsg": "Selezionare l'istanza di autenticazione!",
    "stopMusicOnTaskClear": "Arresto della musica quand il processo viene chiuso",
    "backupAppData": "Backup dei dati dell'app",
    "backup": "Backup",
    "letsStrart": "Iniziamo..",
    "processFiles": "Elaborazione dei file...",
    "includeDownloadedFiles": "Includere i file dei brani scaricati",
    "backupInProgress": "Backup in corso...",
    "backupSettingsAndPlaylistsDes": "Salva tutte le impostazioni, le playlist e i dati di accesso in un file di backup",
    "cacheHomeScreenDataDes": "Abilita la memorizzazione nella cache dei dati del contenuto della schermata iniziale; se l'opzione è attivata, la schermata iniziale verrà caricata istantaneamente",
    "dismiss": "Chiudi",
    "autoDownFavSong": "Scarica automaticamente le canzoni preferite",
    "autoDownFavSongDes": "Scarica automaticamente i brani preferiti quando vengono aggiunti ai preferiti",
    "playerUiDes": "Seleziona l'interfaccia utente del lettore",
    "gesture": "Gesto",
    "queueLoop": "Ciclo di coda",
    "enableSlidableActionDes": "Abilita le azioni scorrevoli sul riquadro del brano",
    "playnextMsg": "Prossimo brano",
    "queueLoopNotDisMsg1": "La modalità di riproduzione in loop non può essere disattivata quando è abilitata la modalità casuale.",
    "enableSlidableAction": "Abilita le azioni scorrevoli",
    "standard": "Standard",
    "shuffleQueue": "Coda di riproduzione casuale",
    "queueLoopNotDisMsg2": "La modalità loop di coda non può essere abilitata in modalità radio.",
    "playerUi": "Interfaccia utente del lettore",
    "misc": "Varie",
    "resetToDefault": "Ripristina le impostazioni iniziali",
    "resetToDefaultDes": "Ripristina le impostazioni dell'app ai valori iniziali (riavvio necessario)",
    "resetToDefaultMsg": "Ripristino impostazioni completato. Riavviare l'app",
    "album": "Album",
    "playingfromAlbum": "DALL'ALBUM",
    "playingfromPlaylist": "DALLA PLAYLIST",
    "playingfromSelection": "DALLA SELEZIONE",
    "playingfromArtist": "DALL'ARTISTA",
    "randomSelection": "Selezione casuale",
    "randomRadio": "Radio casuale",
    "autoOpenPlayer": "Apri il player automaticamente",
    "autoOpenPlayerDes": "Abilita/disabilita l'apertura automatica del player in full screen all'avvio della riproduzione di una canzone",
    "selectSongs": "Seleziona canzoni",
    "selectAll": "Seleziona Tutto",
    "invalidPlaylistFile": "Struttura file playlist invalida",
    "reArrangeSongs": "Riordina canzoni",
    "exportPlaylist": "Esporta Playlist",
    "exportingPlaylist": "Esportando la playlist...",
    "importPlaylist": "Importa Playlist",
    "importErrorFormat": "Formato file invalido",
    "importErrorDatabase": "Errore nel salvataggio sul database",
    "fileNotFound": "File non trovato",
    "playlistExportedMsg": "Playlist esportata con successo a",
    "exportError": "Errore nell'esportazione della playlist",
    "exportErrorPermission": "Permesso negato durante l'esportazione",
    "exportErrorStorage": "Spazio non sufficiente",
    "exportErrorFormat": "Errore nel formattare dati playlist",
    "importingPlaylist": "Importando la playlist...",
    "importPlaylistDesc": "Seleziona un file playlist JSON esportato precedentemente da importare",
    "selectFile": "Seleziona File",
    "playlistImportedMsg": "Playlist importata con successo",
    "importError": "Errore nell'importazione della playlist",
    "importErrorFileAccess": "Accesso negato al file selezionato",
    "importLargeFileNote": "Nota: Playlist grandi potrebbero richiedere più tempo per importare"
}
