{
    "playlistCreatednsongAddedAlert": "再生リストを作成し曲を追加しました！",
    "dismiss": "非表示",
    "goToDownloadPage": "ここをクリックし配布ページを開く",
    "songEnqueueAlert": "曲をキューに追加しました！",
    "renamePlaylist": "再生リスト名を変更",
    "songAddedToPlaylistAlert": "曲を再生リストに追加しました！",
    "unlinkAlert": "ログアウトしました！",
    "playlistCreatedAlert": "再生リストを作成しました！",
    "reset": "初期化",
    "unLink": "ログアウトする",
    "trending": "急上昇",
    "searchRes": "検索結果",
    "cacheSongsDes": "再生中の楽曲を、事前読み込み/オフライン再生用にキャッシュすると、端末の空き領域が減ります",
    "password": "パスワード",
    "noLibPlaylist": "再生リストがありませんよ！",
    "setDiscoverContent": "探索するコンテンツを設定",
    "networkError1": "ネットワークエラー！",
    "songRemovedfromQueue": "キューから削除しました！",
    "libSongs": "曲のライブラリ",
    "github": "🎵 大切な人へ捧げます 🌟",
"githubDes": "RhyThmアプリは、感情の瞬間から生まれました。もしあの時あなたが怒らなかったら、この作品は存在しなかったかもしれません。\n\n時には、予想もしない感情が最も美しいものを生み出します。💫\n\nこのすべての背後にある静かなインスピレーションに感謝します。❤️\n\nこのプロジェクトが気に入ったら、GitHubで⭐を忘れずにお願いします。",
    "communityplaylists": "コミュニティの再生リスト",
    "playlistRemovedAlert": "再生リストを削除しました！",
    "libAlbums": "アルバムのライブラリ",
    "albumBookmarkRemoveAlert": "アルバムのブックマークを解除しました！",
    "notaSongVideo": "曲/音楽の動画ではありません！",
    "ignoreBatOptDes": "通知やシステムの最適化により再生が止まる場合に有効化します",
    "for1": "語句",
    "low": "低",
    "link": "ログインする",
    "selectAuthIns": "認証用インスタンスを選択",
    "languageDes": "アプリの言語を設定",
    "stopMusicOnTaskClear": "タスクから削除したら音楽停止",
    "enqueueAll": "すべてキューに登録",
    "customInsSelectMsg": "インスタンスを入力してください",
    "skipSilence": "無音部分を飛ばす",
    "create": "作成",
    "equalizer": "イコライザー",
    "enqueueSong": "この曲をキューに追加",
    "noBookmarks": "ブックマークなし！",
    "playlists": "再生リスト",
    "videos": "動画",
    "enabled": "有効",
    "allFieldsReqMsg": "入力欄を埋めてください",
    "artistBookmarkAddAlert": "アーティストをブックマークしました！",
    "rename": "改名",
    "viewAll": "すべて表示",
    "github": "GitHub",
    "newVersionAvailable": "最新版があります！",
    "items": "項目",
    "subscribers": "人の登録者",
    "startRadio": "ラジオで開始",
    "discover": "検索",
    "cacheSongs": "曲をキャッシュ",
    "downloads": "ダウンロード",
    "removeFromLib": "曲のライブラリから削除",
    "songAlreadyExists": "この曲は既に存在します！",
    "libArtists": "アーティストのライブラリ",
    "downloadingFormat": "ダウンロードするファイル形式",
    "username": "ユーザー名",
    "light": "ライト",
    "resetblacklistedplaylist": "ブラックリストの再生リストを初期化",
    "dynamic": "動的",
    "selectAuthInsMsg": "認証用インスタンスを選択してください！",
    "equalizerDes": "システムのイコライザーを開く",
    "removePlaylist": "再生リストを削除",
    "customIns": "インスタンスを指定",
    "Piped": "Piped",
    "addToPlaylist": "再生リストに追加",
    "stopMusicOnTaskClearDes": "タスクマネージャーからスワイプでアプリを削除すると音楽再生を停止",
    "cachedOrOffline": "キャッシュ済み/オフライン",
    "retry": "再試行！",
    "artists": "アーティスト",
    "playlistBookmarkAddAlert": "再生リストをブックマークしました！",
    "albums": "アルバム",
    "radioNotAvailable": "このアーティストにラジオはありません！",
    "recentlyPlayed": "再生履歴",
    "viewArtist": "アーティストを開く",
    "createnAdd": "作成し追加",
    "topmusicvideos": "人気のミュージックビデオ",
    "about": "説明",
    "playlistBookmarkRemoveAlert": "再生リストのブックマークを解除しました！",
    "systemDefault": "システムに従う",
    "local": "端末内",
    "ignoreBatOpt": "充電の最適化を無視",
    "singles": "シングル",
    "linkAlert": "ログインしました！",
    "status": "状態",
    "themeMode": "テーマのモード",
    "streamingQualityDes": "音楽ストリームの音質",
    "nomatch": "検索結果なし",
    "notaValidLink": "リンクが正しくありません！",
    "emptyPlaylist": "再生リストが空です！",
    "favorites": "お気に入り",
    "dark": "ダーク",
    "home": "ホーム",
    "cancel": "キャンセル",
    "by": "開発者",
    "streamingQuality": "ストリーミング品質",
    "linkPipedDes": "再生リストをPipedで同期",
    "libPlaylists": "再生リストのライブラリ",
    "disabled": "無効",
    "CreateNewPlaylist": "再生リストを作成",
    "blacklistPlstResetAlert": "初期化しました！",
    "language": "言語",
    "search": "検索",
    "songAlreadyOfflineAlert": "この曲は既にキャッシュ済みです",
    "skipSilenceDes": "音楽再生中に無音部分を飛ばします",
    "playNext": "次に再生",
    "errorOccuredAlert": "何かエラーが発生しました！",
    "songs": "曲",
    "high": "高",
    "searchDes": "曲、再生リスト、アルバム、アーティスト",
    "results": "結果",
    "playlistBlacklistAlert": "再生リストをブラックリストに登録しました！",
    "artistDesNotAvailable": "説明が利用できません！",
    "resetblacklistedplaylistDes": "ブラックリストにしたPipedの再生リストをすべて初期化",
    "downloadLocation": "ダウンロード先",
    "songRemovedfromQueueCurrSong": "再生中の曲は削除できません",
    "settings": "設定",
    "basedOnLast": "最後の操作から決定",
    "hintApiUrl": "PipedインスタンスのAPIのURL",
    "playlistRenameAlert": "改名しました！",
    "downloadingFormatDes": "ダウンロードしたいファイル形式。Opus が最高の品質でしょう",
    "albumBookmarkAddAlert": "アルバムをブックマークしました！",
    "removeFromPlaylist": "再生リストから削除",
    "lyricsNotAvailable": "歌詞が利用できません！",
    "dontShowInfoAgain": "再び表示しない",
    "noOfflineSong": "オフラインの曲なし！",
    "featuredplaylists": "おすすめの再生リスト",
    "quickpicks": "おすすめ",
    "artistBookmarkRemoveAlert": "アーティストのブックマークを解除しました！",
    "operationFailed": "操作に失敗",
    "goToAlbum": "アルバムを開く",
    "removeFromQueue": "キューから削除",
    "shareSong": "この曲を共有",
    "songRemovedAlert": "以下から削除しました",
    "add5Minutes": "5分追加",
    "enableBottomNavDes": "ナビゲーションバーを下部に切り替える",
    "syncedLyricsNotAvailable": "同期可能な歌詞はありません！",
    "synced": "同期",
    "plain": "通常",
    "endOfThisSong": "この曲の終わり",
    "library": "ライブラリ",
    "cancelTimer": "タイマーをキャンセル",
    "minutes": "分",
    "enableBottomNav": "下部のナビバー",
    "homeContentCount": "ホームのコンテンツ数",
    "sleepTimeSetAlert": "スリープタイマーをセットしました",
    "homeContentCountDes": "最初のホーム画面のコンテンツ数 (およそ) を選択します。少ないほど読み込みが速いです",
    "cancelTimerAlert": "スリープタイマーをキャンセルしました",
    "sleepTimer": "スリープタイマー",
    "pipedplstSyncAlert": "Pipedの再生リストを同期しました！",
    "clearImgCache": "画像キャッシュを消去",
    "clearImgCacheDes": "クリックすると、キャッシュしたサムネイルや画像を消去します。(キャッシュした画像を更新したい場合に)",
    "upNext": "次に再生",
    "backgroundPlay": "バックグラウンドで音楽再生",
    "backgroundPlayDes": "バックグラウンドでの音楽再生を有効/無効に (バックグラウンドでアプリ実行中ならシステムトレイからアクセスします)",
    "deleteDownloadData": "ダウンロード一覧から除去",
    "deleteDownloadedDataAlert": "ダウンロード一覧から除去しました！",
    "addMultipleSongs": "再生リストに曲を追加",
    "reArrangePlaylist": "再生リスト内の並べ替え",
    "restoreLastPlaybackSessionDes": "アプリ起動時に最後の再生セッションを自動で復元",
    "restoreLastPlaybackSession": "最後の再生セッションを復元",
    "export": "エクスポート",
    "exporting": "エクスポート中...",
    "disableTransitionAnimationDes": "タブ切り替え時のアニメーションを無効化",
    "disableTransitionAnimation": "移動アニメーションを無効化",
    "cacheHomeScreenDataDes": "ホーム画面のコンテンツデータをキャッシュし素早く読み込む",
    "cacheHomeScreenData": "ホームのコンテンツデータをキャッシュ",
    "exportDowloadedFiles": "ダウンロード済みファイルをエクスポート",
    "exportedFileLocation": "ダウンロード済みファイルのエクスポート先",
    "close": "閉じる",
    "scanning": "スキャン中...",
    "downFilesFound": "ダウンロード済みファイルが存在します",
    "exportMsg": "ファイルのエクスポートに成功しました",
    "clearImgCacheAlert": "画像キャッシュを消去しました",
    "exportDowloadedFilesDes": "クリックすると、アプリのディレクトリから別の場所へダウンロード済みファイルをエクスポート",
    "removeMultiple": "複数の曲を削除",
    "openIn": "アプリで開く",
    "restoreSettingsAndPlaylists": "設定と再生リストを復元",
    "restoreSettingsAndPlaylistsDes": "すべての設定と再生リスト、ログイン情報をバックアップファイルから復元。現在のデータを上書きします",
    "restoreMsg": "復元しました！\n再起動で変更を適用",
    "restoring": "復元中...",
    "restore": "復元",
    "closeApp": "アプリを閉じる",
    "backupMsg": "バックアップしました！",
    "backupSettingsAndPlaylists": "設定と再生リストをバックアップ",
    "backupSettingsAndPlaylistsDes": "すべての設定と再生リスト、ログイン情報をバックアップファイルに保存",
    "backFilesFound": "データベースを発見",
    "backupAppData": "アプリのデータをバックアップ",
    "letsStrart": "始めよう..",
    "backup": "バックアップ",
    "processFiles": "ファイルを処理中...",
    "backupInProgress": "バックアップ中...",
    "restoreAppData": "アプリのデータを復元",
    "restartApp": "アプリを再起動",
    "includeDownloadedFiles": "ダウンロー済みの曲のファイルを含める",
    "songInfo": "曲の情報",
    "title": "題名",
    "bitrate": "ビットレート",
    "loudnessDb": "音の大きさ:デジベル",
    "id": "ID",
    "duration": "長さ",
    "audioCodec": "音声コーデック",
    "appInfo": "アプリの情報",
    "music&Playback": "音楽と再生",
    "loudnessNormalization": "音の大きさの正規化",
    "download": "ダウンロード",
    "personalisation": "カスタマイズ",
    "networkError": "ネットワークエラー！ネットワーク接続をご確認ください。",
    "downloadError3": "ネットワークやストリームのエラーでダウンロード失敗！再度お試しください",
    "downloadError2": "曲がサーバーの制限によりダウンロード不可能です。再試行でうまくいかもしれません",
    "content": "コンテンツ",
    "queueShufflingDeniedMsg": "シャッフルモードが有効なのでシャッフルできません",
    "queuerearrangingDeniedMsg": "シャッフルモードが有効なので並べ替えできません",
    "loudnessNormalizationDes": "すべての曲の音の大きさを同程度にする(実験的な設定) (バージョン1.10.0未満でダウンロードした曲では動作しません)",
    "songNotPlayable": "曲はサーバーの制限により再生できません！",
    "urlSearchDes": "URLをクリックして、関連コンテンツを開く/再生",
    "androidBackupWarning": "未検査: 60ファイル以上ダウンロードした後にチェックして選択すると、大量にメモリを使用し、スマホまたはアプリが落ちることがあります。自己責任で行ってください。",
    "standard": "標準",
    "gesture": "ジェスチャー",
    "playerUi": "プレイヤーUI",
    "playerUiDes": "プレイヤーの外観を選択",
    "shuffleQueue": "キューをシャッフル",
    "queueLoop": "キューをループ",
    "playnextMsg": "公開予定 {Song Name}",
    "queueLoopNotDisMsg1": "シャッフル有効時は、ループを無効にできません。",
    "queueLoopNotDisMsg2": "ラジオモードでは、ループはできません。",
    "enableSlidableActionDes": "曲のタイルをスライドする操作を使う",
    "enableSlidableAction": "スライドによる操作",
    "autoDownFavSongDes": "お気に入りに追加した曲を自動でダウンロード",
    "autoDownFavSong": "お気に入りの曲を自動ダウンロード",
    "resetToDefault": "初期設定に戻す",
    "resetToDefaultDes": "アプリの設定を初期値に戻す (要再起動)",
    "resetToDefaultMsg": "設定の初期化が完了、アプリを再起動してください",
    "misc": "ほか",
    "randomSelection": "選曲からランダム再生",
    "randomRadio": "ランダムにラジオ再生",
    "playingfromSelection": "選曲から再生中",
    "playingfromArtist": "アーティストから再生中",
    "autoOpenPlayerDes": "再生する曲の選択時に、プレーヤーを自動的に全画面で開くかどうか",
    "autoOpenPlayer": "プレーヤー画面を自動で開く",
    "album": "アルバム",
    "playingfromAlbum": "アルバムを再生中",
    "playingfromPlaylist": "再生リストを再生中",
    "selectAll": "すべて選択",
    "reArrangeSongs": "曲を並べ替え",
    "selectSongs": "曲を選択",
    "exportError": "再生リストのエクスポートのエラー",
    "importingPlaylist": "再生リストのインポート中...",
    "importErrorFileAccess": "選択したファイルにアクセスできません",
    "exportingPlaylist": "再生リストをエクスポート中...",
    "importErrorFormat": "ファイルの形式が正しくありません",
    "exportPlaylist": "再生リストをエクスポート",
    "exportErrorPermission": "エクスポート中に権限が拒否されました",
    "exportErrorStorage": "空き容量が足りません",
    "importPlaylist": "再生リストをインポート",
    "selectFile": "ファイルを選択",
    "playlistImportedMsg": "再生リストのインポートに成功",
    "importError": "再生リストのインポートのエラー",
    "exportErrorFormat": "再生リストのデータ形式のエラー",
    "invalidPlaylistFile": "再生リストのファイル構造が正しくありません",
    "playlistExportedMsg": "以下に再生リストのエクスポート成功",
    "importPlaylistDesc": "インポートしたい以前エクスポートしたJSONファイルを選択",
    "fileNotFound": "ファイルが見つかりません",
    "importLargeFileNote": "注・大きい再生リストのインポートは時間がかかります",
    "importErrorDatabase": "データベースへの保存時のエラー"
}
