{
    "deleteDownloadData": "다운로드에서 제거",
    "trending": "인기 급상승",
    "clearImgCache": "이미지 캐시 비우기",
    "clearImgCacheDes": "클릭하면 캐시된 썸네일과 이미지를 비웁니다. (캐시된 이미지들을 갱신하고 싶은 경우가 아니라면 추천하지 않습니다)",
    "ignoreBatOpt": "배터리 최적화 무시",
    "ignoreBatOptDes": "만약 배터리 최적화 기능 때문에 푸시 알림이 오지 않거나 음악이 멈춘다면, 이 설정을 활성화해주세요",
    "status": "상태",
    "enabled": "활성화됨",
    "disabled": "비활성화됨",
    "by": "창시자",
    "deleteDownloadedDataAlert": "다운로드에서 제거했습니다!",
    "searchDes": "음악,플레이리스트,앨범 혹은 아티스트",
    "searchRes": "검색 결과",
    "videos": "동영상",
    "nomatch": "검색결과 없음",
    "resetblacklistedplaylistDes": "블랙리스트에 추가한 Piped의 모든 플레이리스트를 초기화",
    "library": "라이브러리",
    "startRadio": "라디오 시작",
    "libAlbums": "라이브러리 앨범",
    "communityplaylists": "커뮤니티 플레이리스트",
    "retry": "재시도!",
    "recentlyPlayed": "최근 재생됨",
    "favorites": "즐겨찾기",
    "rename": "이름 바꾸기",
    "playNext": "다음에 재생",
    "cancelTimer": "타이머 취소",
    "minutes": "분",
    "endOfThisSong": "이 음악의 끝",
    "themeMode": "테마 모드",
    "dynamic": "동적",
    "systemDefault": "시스템 기본",
    "dark": "다크",
    "homeContentCount": "홈 컨텐츠 수",
    "enableBottomNav": "하단의 네비게이션 바",
    "enableBottomNavDes": "하단 내비게이션 바로 변경",
    "low": "낮음",
    "downloadLocation": "다운로드 위치",
    "downloadingFormat": "다운로드 파일의 형식",
    "songAlreadyOfflineAlert": "음악이 이미 캐시에 있습니다",
    "cancelTimerAlert": "취침 타이머 취소됨",
    "sleepTimeSetAlert": "취침 타이머가 설정됨",
    "downloads": "다운로드",
    "removePlaylist": "플레이리스트 삭제",
    "cancel": "취소",
    "light": "라이트",
    "skipSilenceDes": "음악 재생 중에 묵음이 있는 구간은 건너뛰어집니다",
    "streamingQuality": "스트리밍 음질",
    "high": "높음",
    "equalizerDes": "시스템 이퀄라이저 열기",
    "search": "검색",
    "linkPipedDes": "플레이리스트를 Piped로부터 가져오기",
    "stopMusicOnTaskClear": "작업 관리자에서 종료되면 음악을 끝냄",
    "stopMusicOnTaskClearDes": "작업 관리자에서 앱이 종료되면 음악이 더이상 재생되지 않습니다",
    "libPlaylists": "라이브러리 플레이리스트",
    "libSongs": "라이브러리 음악",
    "playlists": "플레이리스트",
    "artists": "아티스트",
    "settings": "설정",
    "enqueueSong": "이 곡을 대기열에 추가",
    "goToAlbum": "앨범으로 이동",
    "playlistRenameAlert": "이름 바꾸기 완료!",
    "playlistRemovedAlert": "플레이리스트 삭제함!",
    "playlistBookmarkAddAlert": "플레이리스트를 즐겨찾기에 추가함!",
    "items": "항목",
    "enqueueAll": "모두 대기열에 추가",
    "renamePlaylist": "플레이리스트 이름 변경",
    "cachedOrOffline": "캐시됨/오프라인",
    "emptyPlaylist": "빈 플레이리스트!",
    "quickpicks": "빠른 추천",
    "discover": "탐색",
    "cacheSongs": "음악을 캐시에 저장",
    "skipSilence": "묵음 건너뛰기",
    "streamingQualityDes": "음악 스트림의 음질",
    "github": "🎵 특별한 사람을 위해 만든 🌟",
"githubDes": "RhyThm 앱은 감정의 순간에서 탄생했습니다. 만약 그때 당신이 화를 내지 않았다면, 이 작품은 존재하지 않았을지도 모릅니다.\n\n때로는 예상치 못한 감정이 가장 아름다운 것을 만들어냅니다. 💫\n\n이 모든 것 뒤에 있는 조용한 영감에 감사드립니다. ❤️\n\n이 프로젝트가 마음에 들면, GitHub에서 ⭐를 잊지 말고 주세요.",
    "for1": "어구",
    "songRemovedfromQueueCurrSong": "지금 재생중인 곡을 제거할 순 없습니다",
    "songAddedToPlaylistAlert": "플레이리스트에 음악 추가됨!",
    "link": "로그인",
    "singles": "싱글",
    "networkError1": "네트워크 에러!",
    "create": "생성",
    "songRemovedfromQueue": "대기열에서 제거됨!",
    "operationFailed": "동작 실패",
    "goToDownloadPage": "다운로드 페이지로 가려면 클릭",
    "add5Minutes": "5분 추가",
    "language": "언어",
    "upNext": "재생 예정",
    "setDiscoverContent": "탐색할 컨텐츠를 설정",
    "topmusicvideos": "인기 뮤직 비디오",
    "basedOnLast": "당신의 최근 취향에 기반함",
    "downloadingFormatDes": "다운로드 파일의 형식을 정해주세요. \"Opus\" 형식이 최고 음질입니다",
    "about": "정보",
    "allFieldsReqMsg": "모든 항목을 기입해주세요",
    "lyricsNotAvailable": "가사를 찾지 못했습니다!",
    "selectAuthIns": "인증 인스턴스를 선택",
    "home": "홈",
    "songs": "음악",
    "albums": "앨범",
    "libArtists": "라이브러리 아티스트",
    "featuredplaylists": "인기 플레이리스트",
    "noOfflineSong": "오프라인 음악이 없습니다!",
    "CreateNewPlaylist": "새 플레이리스트 만들기",
    "createnAdd": "생성 및 추가",
    "noBookmarks": "북마크 없음!",
    "languageDes": "앱 언어 설정",
    "homeContentCountDes": "홈스크린에서 보여줄 컨텐츠의 대략적인 수를 정해주세요. 수가 적을수록 빨리 불러와집니다",
    "cacheSongsDes": "추후/오프라인 재생을 위해 곡을 캐싱하지만, 기기의 공간을 차지할 것입니다",
    "cacheHomeScreenDataDes": "홈 스크린의 컨텐츠 데이터를 캐시에 저장하면, 홈 스크린이 즉시 불러와집니다",
    "scanning": "스캔하는 중...",
    "equalizer": "이퀄라이저",
    "github": "Github",
    "viewAll": "모두 보기",
    "results": "결과",
    "songEnqueueAlert": "대기열에 음악 추가됨!",
    "pipedplstSyncAlert": "Piped 플레이리스트 동기화됨!",
    "playlistCreatednsongAddedAlert": "플레이리스트를 생성하고 음악 추가함!",
    "playlistBookmarkRemoveAlert": "플레이리스트 즐겨찾기 제거함!",
    "artistBookmarkRemoveAlert": "아티스트를 즐겨찾기에서 제거함!",
    "syncedLyricsNotAvailable": "동기화된 가사를 찾지 못했습니다!",
    "backgroundPlay": "백그라운드에서 음악 재생",
    "backgroundPlayDes": "백그라운드 음악 재생을 활성화/비활성화 (백그라운드에서 동작하는 동안은 시스템 트레이에서 접근 가능합니다)",
    "subscribers": "구독자",
    "synced": "동기화됨",
    "plain": "보통",
    "radioNotAvailable": "이 아티스트의 라디오는 없습니다!",
    "songAlreadyExists": "음악이 이미 있습니다!",
    "songRemovedAlert": "다음으로부터 제거됨",
    "artistDesNotAvailable": "설명을 찾지 못했습니다!",
    "notaValidLink": "유효한 링크가 아님!",
    "dismiss": "무시",
    "local": "기기",
    "notaSongVideo": "음악/뮤직비디오가 아님!",
    "Piped": "Piped",
    "unLink": "로그아웃",
    "hintApiUrl": "Piped 인스턴스의 API URL",
    "customIns": "커스텀 인스턴스",
    "selectAuthInsMsg": "인증 인스턴스를 선택해주세요!",
    "password": "비밀번호",
    "linkAlert": "로그인 성공!",
    "customInsSelectMsg": "커스텀 인스턴스를 선택해주세요",
    "unlinkAlert": "로그아웃 성공!",
    "playlistBlacklistAlert": "플레이리스트를 블랙리스트에 추가함!",
    "reset": "초기화",
    "blacklistPlstResetAlert": "초기화 성공!",
    "reArrangePlaylist": "플레이리스트 순서 변경",
    "removeMultiple": "여러 개의 음악을 제거",
    "addMultipleSongs": "음악을 플레이리스트에 추가",
    "addToPlaylist": "플레이리스트에 추가",
    "noLibPlaylist": "라이브러리 플레이리스트가 없습니다!",
    "viewArtist": "아티스트 정보",
    "shareSong": "이 곡을 공유",
    "removeFromPlaylist": "플레이리스트에서 제거",
    "removeFromQueue": "대기열에서 제거",
    "removeFromLib": "라이브러리 음악에서 제거",
    "sleepTimer": "취침 타이머",
    "restoreLastPlaybackSession": "마지막 재생 세션을 복원",
    "restoreLastPlaybackSessionDes": "앱 시작 시 자동으로 마지막 재생 세션을 복원",
    "dontShowInfoAgain": "다시 보지 않기",
    "username": "사용자명",
    "newVersionAvailable": "새 버전을 이용할 수 있음!",
    "errorOccuredAlert": "알 수 없는 오류가 생겼습니다!",
    "resetblacklistedplaylist": "블랙리스트에 추가한 플레이리스트를 초기화",
    "disableTransitionAnimation": "전환 애니메이션 비활성화",
    "disableTransitionAnimationDes": "이 옵션을 활성화시키면 탭 전환 애니메이션이 비활성화됩니다",
    "cacheHomeScreenData": "홈 스크린의 컨텐츠를 캐시에 저장",
    "exportDowloadedFiles": "다운로드한 파일을 내보내기",
    "exportDowloadedFilesDes": "인앱 디렉토리에 있는 다운로드한 파일들을 외부 디렉토리로 옮기려면 클릭하세요",
    "exportedFileLocation": "다운로드한 파일을 내보낼 위치",
    "export": "내보내기",
    "exporting": "내보내는 중...",
    "downFilesFound": "다운로드한 파일이 발견됨",
    "close": "닫기",
    "exportMsg": "파일을 성공적으로 내보냈습니다",
    "clearImgCacheAlert": "이미지 캐시를 성공적으로 비웠습니다",
    "playlistCreatedAlert": "플레이리스트 생성됨!",
    "albumBookmarkAddAlert": "앨범을 즐겨찾기에 추가함!",
    "albumBookmarkRemoveAlert": "앨범 즐겨찾기를 제거함!",
    "artistBookmarkAddAlert": "아티스트를 즐겨찾기에 추가함!",
    "openIn": "열기"
}
