{
    "songs": "പാട്ടുകൾ",
    "home": "ഹോംപേജ്",
    "libPlaylists": "ലൈബ്രറി പ്ലേലിസ്റ്റുകൾ",
    "libSongs": "ലൈബ്രറി ഗാനങ്ങൾ",
    "artists": "കലാകാരന്മാർ",
    "settings": "ക്രമീകരണങ്ങൾ",
    "libArtists": "ലൈബ്രറി ആർട്ടിസ്റ്റുകൾ",
    "albums": "ആൽബം",
    "communityplaylists": "കമ്മ്യൂണിറ്റി പ്ലേലിസ്റ്റുകൾ",
    "singles": "സിംഗിൾസ്",
    "library": "ലൈബ്രറി",
    "album": "ആൽബം",
    "playlists": "പ്ലേലിസ്റ്റുകൾ",
    "libAlbums": "ലൈബ്രറി ആൽബങ്ങൾ",
    "items": "ഇനങ്ങൾ",
    "cachedOrOffline": "കാഷെ ചെയ്‌തത്/ഓഫ്‌ലൈൻ",
    "renamePlaylist": "പ്ലേലിസ്റ്റ് പേരുമാറ്റുക",
    "removePlaylist": "പ്ലേലിസ്റ്റ് നീക്കം ചെയ്യുക",
    "enqueueAll": "എല്ലാം എൻക്യൂ",
    "reArrangePlaylist": "പ്ലേലിസ്റ്റ് പുനഃക്രമീകരിക്കുക",
    "removeMultiple": "ഒന്നിലധികം പാട്ടുകൾ നീക്കം ചെയ്യുക",
    "networkError1": "അയ്യോ നെറ്റ്‌വർക്ക് പിശക്!",
    "favorites": "പ്രിയപ്പെട്ടവ",
    "emptyPlaylist": "പ്ലേലിസ്റ്റ് ശൂന്യം!",
    "CreateNewPlaylist": "പുതിയ പ്ലേലിസ്റ്റ് സൃഷ്ടിക്കുക",
    "cancel": "റദ്ദാക്കുക",
    "create": "സൃഷ്ടിക്കുക",
    "createnAdd": "സൃഷ്‌ടിക്കുകയും ചേർക്കുകയും ചെയ്യുക",
    "startRadio": "റേഡിയോ ആരംഭിക്കുക",
    "addToPlaylist": "പ്ലേലിസ്റ്റിലേക്ക് ചേർക്കുക",
    "noLibPlaylist": "നിങ്ങളുടെ കയ്യിൽ ഒരു ലിബ് പ്ലേലിസ്റ്റും ഇല്ലേ!",
    "enqueueSong": "ഈ പാട്ട് ക്യൂവിൽ ചേർക്കുക",
    "addMultipleSongs": "പ്ലേലിസ്റ്റിലേക്ക് പാട്ടുകൾ ചേർക്കുക",
    "downloads": "ഡൗൺലോഡുകൾ",
    "featuredplaylists": "തിരഞ്ഞെടുത്ത പ്ലേലിസ്റ്റുകൾ",
    "noOfflineSong": "ഓഫ്‌ലൈൻ പാട്ടുകളൊന്നുമില്ല!",
    "recentlyPlayed": "അടുത്തിടെ കളിച്ചത്",
    "rename": "പേരുമാറ്റുക",
    "retry": "വീണ്ടും ശ്രമിക്കുക!",
    "noBookmarks": "ബുക്ക്‌മാർക്കുകളൊന്നുമില്ല!",
    "playNext": "അടുത്ത പാട്ട് കേൾക്കൂ",
    "reArrangeSongs": "പാട്ടുകൾ പുനഃക്രമീകരിക്കുക",
    "selectSongs": "പാട്ടുകൾ തിരഞ്ഞെടുക്കുക",
    "selectAll": "എല്ലാം തിരഞ്ഞെടുക്കുക",
    "goToAlbum": "ആൽബത്തിലേക്ക് പോകുക",
    "viewArtist": "ആർട്ടിസ്റ്റ്",
    "openIn": "തുറക്കുക",
    "shareSong": "ഈ ഗാനം ഷെയർ ചെയ്യുക",
    "removeFromPlaylist": "പ്ലേലിസ്റ്റിൽ നിന്ന് നീക്കം ചെയ്യുക",
    "removeFromQueue": "ക്യൂവിൽ നിന്ന് നീക്കം ചെയ്യുക",
    "queueShufflingDeniedMsg": "ഷഫിൾ മോഡ് പ്രവർത്തനക്ഷമമാക്കിയിരിക്കുമ്പോൾ ക്യൂ ഷഫിൾ ചെയ്യാൻ കഴിയില്ല",
    "queuerearrangingDeniedMsg": "ഷഫിൾ മോഡ് പ്രവർത്തനക്ഷമമാക്കിയിരിക്കുമ്പോൾ ക്യൂ പുനഃക്രമീകരിക്കാൻ കഴിയില്ല",
    "songNotPlayable": "സെർവർ നിയന്ത്രണം കാരണം ഗാനം പ്ലേ ചെയ്യാൻ കഴിയില്ല",
    "upNext": "അടുത്തത്",
    "playingfromAlbum": "ആൽബത്തിൽ നിന്ന് പ്ലേ ചെയ്യുന്നു",
    "playingfromPlaylist": "പ്ലേലിസ്റ്റിൽ നിന്ന് പ്ലേ ചെയ്യുന്നു",
    "playingfromSelection": "സെലക്ഷനിൽ നിന്ന് പ്ലേ ചെയ്യുന്നു",
    "playingfromArtist": "ആർട്ടിസ്റ്റിൽ നിന്ന് പ്ലേ ചെയ്യുന്നു",
    "randomSelection": "ക്രമരഹിതമായ തിരഞ്ഞെടുത്തതു",
    "randomRadio": "റാൻഡം റേഡിയോ"
}
