{
    "enqueueAll": "Alles in wachtrij",
    "removePlaylist": "Verwijder Afspeellijst",
    "playNext": "Speel volgende",
    "sleepTimer": "Slaap timer",
    "deleteDownloadData": "Verwijder van downloads",
    "systemDefault": "Systeem standaard",
    "restoreLastPlaybackSessionDes": "Herstel automatisch de laatste afspeelsessie wanneer de app start",
    "skipSilence": "Stilte overslaan",
    "exportedFileLocation": "Gedownload bestand exporteerlocatie",
    "export": "Exporteer",
    "exporting": "Exporteren...",
    "nomatch": "Geen overeenkomst gevonden",
    "searchDes": "Liedjes, Afspeelijst, Album of Artiest",
    "searchRes": "Zoek resultaten",
    "videos": "Videos",
    "unLink": "Unlink",
    "linkPipedDes": "Link met piped voor afspeellijsten",
    "playlistBlacklistAlert": "Afspeellijst op zwarte lijst gezet!",
    "resetblacklistedplaylistDes": "Reset alle piped, op de zwarte lijst gezette afspeellijsten",
    "language": "Taal",
    "high": "Hoog",
    "backgroundPlay": "Achtergrond muziek spelen",
    "downloadLocation": "Downloadlocatie",
    "github": "🎵 Gewijd aan iemand speciaal 🌟",
"githubDes": "De RhyThm-app is geboren uit een emotioneel moment. Als je toen niet boos was geworden, zou deze creatie misschien nooit bestaan hebben.\n\nSoms leiden de meest onverwachte emoties tot de mooiste dingen. 💫\n\nBedankt dat je de stille inspiratie achter dit alles bent geweest. ❤️\n\nAls je dit project leuk vindt, vergeet dan niet een ⭐ te geven op GitHub.",
    "viewAll": "Bekijk alles",
    "deleteDownloadedDataAlert": "Successvol verwijderd van downloads!",
    "artistDesNotAvailable": "Beschrijving niet beschikbaar!",
    "dismiss": "Afwijzen",
    "notaSongVideo": "Niet een Liedje/Muziekvideo!",
    "notaValidLink": "Niet een valide link!",
    "operationFailed": "Operatie gefaald",
    "hintApiUrl": "API URL naar Piped instantie",
    "customIns": "Aangepaste Instantie",
    "customInsSelectMsg": "Selecteer Aangepaste Instantie",
    "allFieldsReqMsg": "Alle velden zijn vereist",
    "selectAuthIns": "Selecteer Auth Instantie",
    "username": "Username",
    "resetblacklistedplaylist": "Reset op de zwarte lijst gezette afspeellijsten",
    "library": "Bibliotheek",
    "networkError1": "Oops netwerk error!",
    "retry": "Probeer opnieuw!",
    "noOfflineSong": "Geen offline liedjes!",
    "recentlyPlayed": "Onlangs Gespeeld",
    "favorites": "Favorieten",
    "cachedOrOffline": "Cached/Offline",
    "emptyPlaylist": "Lege Afspeellijst!",
    "createnAdd": "Creëer & voeg toe",
    "noLibPlaylist": "Je hebt geen lib afspeellijsten!",
    "add5Minutes": "Voeg 5 minuten toe",
    "cancelTimer": "Annuleer timer",
    "minutes": "minuten",
    "endOfThisSong": "Einde van dit liedje",
    "homeContentCount": "Home inhoudsaantal",
    "homeContentCountDes": "Selecteer het nummer van initiële homescherminhoud(gemiddeld). Minder resultaten sneller laden",
    "enableBottomNav": "Onderste navigatiebalk",
    "enableBottomNavDes": "Schakel naar onderste navigatiebalk",
    "low": "Laag",
    "by": "door",
    "synced": "Gesynchroniseerd",
    "plain": "Vlak",
    "cancelTimerAlert": "Slaap timer geannuleerd",
    "sleepTimeSetAlert": "Je slaap timer is ingezet",
    "songRemovedAlert": "Verwijderd van",
    "results": "Resultaten",
    "downloads": "Downloads",
    "goToAlbum": "Ga naar album",
    "quickpicks": "Snelle keuzes",
    "topmusicvideos": "Top muziek videos",
    "streamingQuality": "Streaming kwaliteit",
    "equalizer": "Equalizer",
    "equalizerDes": "Open systeem equalizer",
    "ignoreBatOpt": "Negeer batterij optimalisatie",
    "ignoreBatOptDes": "Als u meldingsproblemen ondervindt of het afspelen is gestopt door systeemoptimalisatie, schakel deze optie in",
    "disabled": "Uit",
    "for1": "voor",
    "songRemovedfromQueue": "Verwijder van wachtrij!",
    "songAlreadyExists": "Liedje bestaat al!",
    "songAlreadyOfflineAlert": "Liedje is al offline in cache",
    "songEnqueueAlert": "Liedje toegevoegd aan wachtrij!",
    "blacklistPlstResetAlert": "Successvolle reset!",
    "password": "Wachtwoord",
    "linkAlert": "Successvol gelinked!",
    "home": "Home",
    "songs": "Liedjes",
    "libAlbums": "Bibliotheek Albums",
    "libArtists": "Bibliotheek Artiesten",
    "settings": "Instellingen",
    "libSongs": "Bibliotheek liedjes",
    "albums": "Albums",
    "artists": "Artiesten",
    "playlists": "Afspeellijsten",
    "libPlaylists": "Bibliotheek Afspeellijsten",
    "renamePlaylist": "Hernoem Afspeellijst",
    "create": "Creëer",
    "CreateNewPlaylist": "Creëer nieuwe afspeellijst",
    "cancel": "Annuleer",
    "discover": "Ontdek",
    "trending": "Trending",
    "basedOnLast": "Gebaseerd op laatste interactie",
    "cacheSongs": "Cache Liedjes",
    "about": "Over",
    "subscribers": "abonnees",
    "unlinkAlert": "Successvol unlink!",
    "reset": "Reset",
    "communityplaylists": "Community Playlists",
    "featuredplaylists": "Aanbevolen Afspeellijsten",
    "items": "items",
    "startRadio": "Start radio",
    "singles": "Singles",
    "viewArtist": "Bekijk Artiest",
    "shareSong": "Deel dit liedje",
    "rename": "Hernoem",
    "noBookmarks": "Geen bladwijzers!",
    "enqueueSong": "Voeg dit liedje toe aan wachtrij",
    "removeFromPlaylist": "Verwijder van afspeellijst",
    "dark": "Donker",
    "radioNotAvailable": "Radio is niet beschikbaar voor deze artiest!",
    "songRemovedfromQueueCurrSong": "Je kunt niet het liedje dat nu afspeelt verwijderen",
    "songAddedToPlaylistAlert": "Liedje toegevoegd aan afspeellijst!",
    "stopMusicOnTaskClear": "Stop muziek wanneer taak duidelijk is",
    "light": "Licht",
    "dynamic": "Dynamisch",
    "upNext": "Volgende",
    "themeMode": "Thema modus",
    "link": "Link",
    "stopMusicOnTaskClearDes": "Het afspelen van muziek stopt wanneer de App uit Taakbeheer wordt weggeveegd",
    "backgroundPlayDes": "Aanzetten/uitzetten achtergrondmuziek (App is toegankelijk door systeemtray wanneer de app in de achtergrond actief is)",
    "downloadingFormat": "Bestandsformaat aan het downloaden",
    "downloadingFormatDes": "Selecteer bestandsformaat downloaden. \"Opus\" geeft de beste kwaliteit",
    "clearImgCache": "Verwijder afbeeldingen cache",
    "clearImgCacheDes": "Klik hier om de thumbnail/afbeeldingen cache te verwijderen. (Niet aangeraden tenzij je afbeelding cache wilt verversen)",
    "status": "Status",
    "enabled": "Aan",
    "github": "GitHub",
    "search": "Zoek",
    "errorOccuredAlert": "Er is een fout opgetreden!",
    "pipedplstSyncAlert": "Piped afspeellijst gesynchroniseerd!",
    "playlistCreatedAlert": "Afspeellijst gecreëerd!",
    "playlistCreatednsongAddedAlert": "Afspeellijst gecreëerd en liedje toegevoegd!",
    "playlistRenameAlert": "Successvol hernoemd!",
    "playlistRemovedAlert": "Afspeellijst verwijderd!",
    "playlistBookmarkAddAlert": "Afspeellijst gebladwijzerd!",
    "playlistBookmarkRemoveAlert": "Afspeellijst bladwijzer verwijderd!",
    "albumBookmarkAddAlert": "Album gebladwijzerd!",
    "albumBookmarkRemoveAlert": "Album bladwijzer verwijderd!",
    "artistBookmarkRemoveAlert": "Artiest bladwijzer verwijderd!",
    "lyricsNotAvailable": "Tekst niet beschikbaar!",
    "newVersionAvailable": "Nieuwe versie beschikbaar!",
    "dontShowInfoAgain": "Niet opnieuw deze info laten zien",
    "goToDownloadPage": "Klik hier om naar de downloadpagina te gaan",
    "local": "Lokaal",
    "Piped": "Piped",
    "reArrangePlaylist": "Afspeellijst herschikken",
    "removeMultiple": "Verwijder meerdere liedjes",
    "addMultipleSongs": "Voeg liedjes toe aan afspeellijst",
    "addToPlaylist": "Voeg toe aan afspeellijst",
    "removeFromQueue": "Verwijder van wachtrij",
    "removeFromLib": "Verwijder van bibliotheek Liedjes",
    "languageDes": "Zet App taal",
    "setDiscoverContent": "Zet ontdekkingsinhoud",
    "restoreLastPlaybackSession": "Herstel van vorige afspeelsessie",
    "cacheSongsDes": "Caching Liedjes tijdens het luisteren voor toekomstig/offline afluisteren, dit neemt extra ruimte in op je apparaat",
    "skipSilenceDes": "Stilte wordt overgeslagen in muziek afspeling",
    "streamingQualityDes": "Kwaliteit van muziekstream",
    "cacheHomeScreenDataDes": "Zet Caching homescherm inhoud data aan, homescherm laad meteen als deze optie aanstaat",
    "artistBookmarkAddAlert": "Artiest gebladwijzerd!",
    "syncedLyricsNotAvailable": "Gesynchroniseerde teksten niet beschikbaar!",
    "cacheHomeScreenData": "Cahce homescherm inhoud data",
    "disableTransitionAnimation": "Zet transitie-animatie uit",
    "disableTransitionAnimationDes": "Schakel deze optie in om de tabtransitie-animatie uit te zetten",
    "exportDowloadedFiles": "Exporteer gedownloade bestanden",
    "exportDowloadedFilesDes": "Klik hier om gedownloade bestanden van inApp dir naar externe dir te exporteren",
    "scanning": "Scannen...",
    "downFilesFound": "gedownloade bestanden gevonden",
    "close": "Sluit",
    "exportMsg": "Bestanden successvol geëxporteerd",
    "clearImgCacheAlert": "Afbeeldingen cache is successvol verwijderd",
    "selectAuthInsMsg": "Selecteer Authenticatie instantie!",
    "openIn": "Openen in",
    "backupSettingsAndPlaylists": "Back-up instellingen en afspeellijsten",
    "backupSettingsAndPlaylistsDes": "Bewaart alle instellingen, afspeellijsten en aanmeldgegevens in een back-up bestand",
    "restoreSettingsAndPlaylistsDes": "Herstelt alle instellingen, aanmeldgegevens en afspeellijsten van een back-up bestand. Overschrijft alle huidige gegevens",
    "restoreSettingsAndPlaylists": "Herstel instellingen en afspeellijsten"
}
