{
    "playlistCreatednsongAddedAlert": "ਪਲੇਲਿਸਟ ਬਣਾਈ ਗਈ ਅਤੇ ਗੀਤ ਜੋੜਿਆ ਗਿਆ!",
    "dismiss": "ਖਾਰਿਜ ਕਰੋ",
    "goToDownloadPage": "ਡਾਊਨਲੋਡ ਪੰਨੇ 'ਤੇ ਜਾਣ ਲਈ ਇੱਥੇ ਕਲਿੱਕ ਕਰੋ",
    "songEnqueueAlert": "ਗੀਤ ਕਤਾਰਬੱਧ ਹੋਇਆ!",
    "renamePlaylist": "ਪਲੇਲਿਸਟ ਦਾ ਨਾਮ ਬਦਲੋ",
    "songAddedToPlaylistAlert": "ਗੀਤ ਪਲੇਲਿਸਟ ਵਿੱਚ ਜੋੜਿਆ ਗਿਆ!",
    "unlinkAlert": "ਸਫਲਤਾਪੂਰਵਕ ਅਨਲਿੰਕ ਕੀਤਾ ਗਿਆ!",
    "playlistCreatedAlert": "ਪਲੇਲਿਸਟ ਬਣਾਈ ਗਈ!",
    "reset": "ਰੀਸੈਟ ਕਰੋ",
    "unLink": "ਹਟਾਓ",
    "trending": "ਪ੍ਰਚਲਿਤ",
    "searchRes": "ਖੋਜ ਦੇ ਨਤੀਜੇ",
    "cacheSongsDes": "ਭਵਿੱਖ/ਆਫਲਾਈਨ ਪਲੇਬੈਕ ਲਈ ਗੀਤਾਂ ਨੂੰ ਚਲਾਉਣ ਸਮੇਂ ਕੈਸ਼ ਕਰਨਾ, ਇਹ ਤੁਹਾਡੀ ਡਿਵਾਈਸ 'ਤੇ ਵਾਧੂ ਥਾਂ ਲਵੇਗਾ",
    "password": "ਪਾਸਵਰਡ",
    "noLibPlaylist": "ਤੁਹਾਡੇ ਕੋਲ ਕੋਈ ਲਾਇਬ੍ਰੇਰੀ ਪਲੇਲਿਸਟ ਨਹੀਂ ਹੈ!",
    "setDiscoverContent": "ਖੋਜ ਸਮੱਗਰੀ ਸੈੱਟ ਕਰੋ",
    "networkError1": "ਓਹੋ ਨੈੱਟਵਰਕ ਗੜਬੜ!",
    "songRemovedfromQueue": "ਕਤਾਰ ਤੋਂ ਹਟਾਇਆ ਗਿਆ!",
    "libSongs": "ਲਾਇਬ੍ਰੇਰੀ ਗੀਤ",
    "github": "🎵 ਕਿਸੇ ਖਾਸ ਲਈ ਬਣਾਇਆ ਗਿਆ 🌟",
"githubDes": "RhyThm ਐਪ ਇੱਕ ਭਾਵਨਾਤਮਕ ਪਲ ਤੋਂ ਜਨਮ ਲਿਆ ਸੀ। ਜੇ ਤੁਸੀਂ ਉਸ ਵੇਲੇ ਗੁੱਸੇ ਨਾ ਹੋਏ ਹੁੰਦੇ, ਤਾਂ ਇਹ ਕ੍ਰਿਆਸ਼ੀਲਤਾ ਕਦੇ ਮੌਜੂਦ ਨਹੀਂ ਹੁੰਦੀ।\n\nਕਈ ਵਾਰ, ਸਭ ਤੋਂ ਅਣਮੁੱਲੇ ਭਾਵਨਾਵਾਂ ਸਭ ਤੋਂ ਸੋਹਣੀਆਂ ਚੀਜ਼ਾਂ ਪੈਦਾ ਕਰਦੀਆਂ ਹਨ। 💫\n\nਇਸ ਸਾਰਿਆਂ ਦੇ ਪਿੱਛੇ ਖਾਮੋਸ਼ ਪ੍ਰੇਰਣਾ ਬਣਨ ਲਈ ਧੰਨਵਾਦ। ❤️\n\nਜੇ ਤੁਹਾਨੂੰ ਇਹ ਪ੍ਰੋਜੈਕਟ ਪਸੰਦ ਹੈ, ਤਾਂ GitHub 'ਤੇ ⭐ ਦੇਣਾ ਨਾ ਭੁੱਲੋ।",
    "communityplaylists": "ਕਮਿਊਨਿਟੀ ਪਲੇਲਿਸਟਾਂ",
    "playlistRemovedAlert": "ਪਲੇਲਿਸਟ ਹਟਾਈ ਗਈ!",
    "libAlbums": "ਲਾਇਬ੍ਰੇਰੀ ਐਲਬਮਾਂ",
    "albumBookmarkRemoveAlert": "ਐਲਬਮ ਬੁੱਕਮਾਰਕ ਹਟਾਇਆ ਗਿਆ!",
    "notaSongVideo": "ਕੋਈ ਗੀਤ/ਸੰਗੀਤ-ਵੀਡੀਓ ਨਹੀਂ!",
    "ignoreBatOptDes": "ਜੇਕਰ ਤੁਸੀਂ ਨੋਟੀਫਿਕੇਸ਼ਨ ਸਮੱਸਿਆਵਾਂ ਦਾ ਸਾਹਮਣਾ ਕਰ ਰਹੇ ਹੋ ਜਾਂ ਸਿਸਟਮ ਆਪਟੀਮਾਈਜੇਸ਼ਨ ਦੁਆਰਾ ਪਲੇਬੈਕ ਨੂੰ ਰੋਕ ਦਿੱਤਾ ਜਾਂਦਾ ਹੈ, ਤਾਂ ਕਿਰਪਾ ਕਰਕੇ ਇਸ ਵਿਕਲਪ ਨੂੰ ਚਾਲੂ ਕਰੋ",
    "for1": "ਦੇ ਲਈ",
    "low": "ਘੱਟ",
    "link": "ਜੋੜੋ",
    "selectAuthIns": "ਪ੍ਰਮਾਣਿਕਤਾ ਇੰਸਟੈਂਸ ਚੁਣੋ",
    "languageDes": "ਐਪ ਭਾਸ਼ਾ ਸੈੱਟ ਕਰੋ",
    "stopMusicOnTaskClear": "ਟਾਸਕ ਕਲੀਅਰ 'ਤੇ ਸੰਗੀਤ ਬੰਦ ਕਰੋ",
    "enqueueAll": "ਸਭ ਨੂੰ ਕਤਾਰਬੱਧ ਕਰੋ",
    "customInsSelectMsg": "ਕਿਰਪਾ ਕਰਕੇ ਕਸਟਮ ਇੰਸਟੈਂਸ ਚੁਣੋ",
    "skipSilence": "ਚੁੱਪ ਛੱਡੋ",
    "create": "ਬਣਾਓ",
    "equalizer": "ਇਕੁਆਲਾਈਜ਼ਰ",
    "enqueueSong": "ਇਸ ਗੀਤ ਨੂੰ ਕਤਾਰਬੱਧ ਕਰੋ",
    "noBookmarks": "ਕੋਈ ਬੁੱਕਮਾਰਕ ਨਹੀਂ!",
    "playlists": "ਪਲੇਲਿਸਟ",
    "videos": "ਵੀਡੀਓ",
    "enabled": "ਇਨੇਬਲ ਕੀਤੇ",
    "allFieldsReqMsg": "ਸਾਰੇ ਖੇਤਰ ਲੋੜੀਂਦੇ ਹਨ",
    "artistBookmarkAddAlert": "ਕਲਾਕਾਰ ਬੁੱਕਮਾਰਕ ਕੀਤਾ ਗਿਆ!",
    "removeFromCache": "ਕੈਸ਼ ਤੋਂ ਹਟਾਓ",
    "rename": "ਨਾਮ ਬਦਲੋ",
    "viewAll": "ਸਾਰੇ ਦੇਖੋ",
    "github": "ਗਿਟਹੱਬ",
    "newVersionAvailable": "ਨਵਾਂ ਸੰਸਕਰਣ ਉਪਲੱਬਧ ਹੈ!",
    "items": "ਆਈਟਮਾਂ",
    "subscribers": "ਸਬਸਕ੍ਰਾਈਬਰਜ਼",
    "startRadio": "ਰੇਡੀਓ ਸ਼ੁਰੂ ਕਰੋ",
    "discover": "ਖੋਜੋ",
    "cacheSongs": "ਕੈਸ਼ ਕੀਤੇ ਗੀਤ",
    "songAlreadyExists": "ਗੀਤ ਪਹਿਲਾਂ ਹੀ ਮੌਜੂਦ ਹੈ!",
    "libArtists": "ਲਾਇਬ੍ਰੇਰੀ ਕਲਾਕਾਰ",
    "username": "ਵਰਤੋਂਕਾਰ ਦਾ ਨਾਂ",
    "light": "ਸਫ਼ੈਦ",
    "resetblacklistedplaylist": "ਬਲੈਕਲਿਸਟ ਕੀਤੀਆਂ ਪਲੇਲਿਸਟਾਂ ਨੂੰ ਰੀਸੈਟ ਕਰੋ",
    "dynamic": "ਡਾਇਨੈਮਿਕ",
    "selectAuthInsMsg": "ਕਿਰਪਾ ਕਰਕੇ ਪ੍ਰਮਾਣੀਕਰਨ ਇੰਸਟੈਂਸ ਚੁਣੋ!",
    "equalizerDes": "ਇਕੁਆਲਾਈਜ਼ਰ ਸੈਟਿੰਗਾਂ ਖੋਲ੍ਹੋ",
    "removePlaylist": "ਪਲੇਲਿਸਟ ਹਟਾਓ",
    "customIns": "ਕਸਟਮ ਇੰਸਟੈਂਸ",
    "Piped": "ਪਾਈਪਡ",
    "addToPlaylist": "ਪਲੇਲਿਸਟ ਵਿੱਚ ਜੋੜ੍ਹੋ",
    "stopMusicOnTaskClearDes": "ਇਸ ਐਪ ਨੂੰ ਟਾਸਕ ਮੈਨੇਜਰ ਤੋਂ ਸਵਾਈਪ ਕੀਤੇ ਜਾਣ 'ਤੇ ਸੰਗੀਤ ਪਲੇਬੈਕ ਬੰਦ ਹੋ ਜਾਵੇਗਾ",
    "cachedOrOffline": "ਕੈਸ਼ ਕੀਤਾ/ਆਫਲਾਈਨ",
    "retry": "ਮੁੜ-ਕੋਸ਼ਿਸ਼ ਕਰੋ!",
    "artists": "ਕਲਾਕਾਰ",
    "playlistBookmarkAddAlert": "ਪਲੇਲਿਸਟ ਬੁੱਕਮਾਰਕ ਕੀਤੀ ਗਈ!",
    "albums": "ਐਲਬਮ",
    "radioNotAvailable": "ਇਸ ਕਲਾਕਾਰ ਲਈ ਰੇਡੀਓ ਉਪਲਬਧ ਨਹੀਂ ਹੈ!",
    "recentlyPlayed": "ਹਾਲ ਹੀ ਵਿੱਚ ਚਲਾਏ ਗਏ",
    "viewArtist": "ਕਲਾਕਾਰ ਵੇਖੋ",
    "createnAdd": "ਬਣਾਓ ਅਤੇ ਜੋੜੋ",
    "topmusicvideos": "ਚੋਟੀ ਦੇ ਸੰਗੀਤ ਵੀਡੀਓ",
    "about": "ਦੇ ਬਾਰੇ",
    "playlistBookmarkRemoveAlert": "ਪਲੇਲਿਸਟ ਬੁੱਕਮਾਰਕ ਹਟਾਇਆ ਗਿਆ!",
    "systemDefault": "ਸਿਸਟਮ ਡੀਫ਼ਾਲਟ",
    "local": "ਸਥਾਨਕ",
    "ignoreBatOpt": "ਬੈਟਰੀ ਅਨੁਕੂਲਤਾ ਨੂੰ ਅਣਡਿੱਠ ਕਰੋ",
    "singles": "ਸਿੰਗਲਜ਼",
    "linkAlert": "ਸਫਲਤਾਪੂਰਵਕ ਲਿੰਕ ਕੀਤਾ ਗਿਆ!",
    "status": "ਸਥਿਤੀ",
    "themeMode": "ਥੀਮ ਮੋਡ",
    "streamingQualityDes": "ਸੰਗੀਤ ਸਟ੍ਰੀਮ ਦੀ ਕੁਆਲਿਟੀ",
    "nomatch": "ਲਈ ਕੋਈ ਮੇਲ ਨਹੀਂ ਮਿਲਿਆ",
    "notaValidLink": "ਵੈਧ ਲਿੰਕ ਨਹੀਂ ਹੈ!",
    "emptyPlaylist": "ਖਾਲੀ ਪਲੇਲਿਸਟ!",
    "favorites": "ਮਨਪਸੰਦ",
    "dark": "ਗਹਿਰਾ",
    "home": "ਘਰ",
    "cancel": "ਰੱਦ ਕਰੋ",
    "by": "ਦੁਆਰਾ",
    "streamingQuality": "ਸਟ੍ਰੀਮਿੰਗ ਕੁਆਲਿਟੀ",
    "linkPipedDes": "ਪਲੇਲਿਸਟਸ ਲਈ ਪਾਈਪਡ ਦੇ ਨਾਲ ਲਿੰਕ ਕਰੋ",
    "libPlaylists": "ਲਾਇਬ੍ਰੇਰੀ ਪਲੇਲਿਸਟਾਂ",
    "disabled": "ਡਿਸੇਬਲ ਕੀਤੇ",
    "CreateNewPlaylist": "ਨਵੀਂ ਪਲੇਲਿਸਟ ਬਣਾਓ",
    "blacklistPlstResetAlert": "ਸਫਲਤਾਪੂਰਵਕ ਰੀਸੈਟ ਹੋਇਆ!",
    "language": "ਭਾਸ਼ਾ",
    "search": "ਖੋਜ ਕਰੋ",
    "skipSilenceDes": "ਸੰਗੀਤ ਪਲੇਬੈਕ ਵਿੱਚ ਚੁੱਪ ਛੱਡ ਦਿੱਤੀ ਜਾਵੇਗੀ",
    "playNext": "ਅਗਲਾ ਚਲਾਓ",
    "errorOccuredAlert": "ਕੁਝ ਤਰੁੱਟੀ ਆਈ ਹੈ!",
    "songs": "ਗੀਤ",
    "high": "ਉੱਚ",
    "searchDes": "ਗੀਤ, ਪਲੇਲਿਸਟ, ਐਲਬਮ ਜਾਂ ਕਲਾਕਾਰ",
    "results": "ਨਤੀਜੇ",
    "playlistBlacklistAlert": "ਪਲੇਲਿਸਟ ਬਲੈਕਲਿਸਟ ਕੀਤੀ ਗਈ!",
    "artistDesNotAvailable": "ਵੇਰਵਾ ਉਪਲੱਬਧ ਨਹੀਂ ਹੈ!",
    "resetblacklistedplaylistDes": "ਸਾਰੀਆਂ ਪਾਈਪ ਬਲੈਕਲਿਸਟ ਕੀਤੀਆਂ ਪਲੇਲਿਸਟਾਂ ਨੂੰ ਰੀਸੈਟ ਕਰੋ",
    "songRemovedfromQueueCurrSong": "ਤੁਸੀਂ ਇਸ ਸਮੇਂ ਚੱਲ ਰਹੇ ਗੀਤ ਨੂੰ ਨਹੀਂ ਹਟਾ ਸਕਦੇ",
    "settings": "ਸੈਟਿੰਗਾਂ",
    "basedOnLast": "ਆਖਰੀ ਪਰਸਪਰ ਪ੍ਰਭਾਵ ਦੇ ਆਧਾਰ 'ਤੇ",
    "hintApiUrl": "ਪਾਈਪਡ ਇੰਸਟੈਂਸ ਲਈ API ਯੂਆਰਐਲ",
    "playlistRenameAlert": "ਨਾਮ ਸਫਲਤਾਪੂਰਵਕ ਬਦਲਿਆ ਗਿਆ!",
    "albumBookmarkAddAlert": "ਐਲਬਮ ਬੁੱਕਮਾਰਕ ਕੀਤੀ ਗਈ!",
    "removeFromPlaylist": "ਪਲੇਲਿਸਟ ਤੋਂ ਹਟਾਓ",
    "lyricsNotAvailable": "ਬੋਲ ਉਪਲੱਬਧ ਨਹੀਂ ਹਨ!",
    "dontShowInfoAgain": "ਇਸ ਜਾਣਕਾਰੀ ਨੂੰ ਦੁਬਾਰਾ ਨਾ ਵਿਖਾਓ",
    "noOfflineSong": "ਕੋਈ ਆਫਲਾਈਨ ਗੀਤ ਨਹੀਂ!",
    "featuredplaylists": "ਫੀਚਰਡ ਪਲੇਲਿਸਟਾਂ",
    "quickpicks": "ਤਤਕਾਲ ਚੋਣ",
    "artistBookmarkRemoveAlert": "ਕਲਾਕਾਰ ਬੁੱਕਮਾਰਕ ਹਟਾਇਆ ਗਿਆ!",
    "operationFailed": "ਕਾਰਵਾਈ ਅਸਫਲ ਰਹੀ",
    "goToAlbum": "ਐਲਬਮ 'ਤੇ ਜਾਓ",
    "removeFromQueue": "ਕਤਾਰ ਤੋਂ ਹਟਾਓ",
    "shareSong": "ਇਸ ਗੀਤ ਨੂੰ ਸ਼ੇਅਰ ਕਰੋ",
    "songRemovedAlert": "ਤੋਂ ਹਟਾਇਆ ਗਿਆ",
    "downloads": "ਡਾਊਨਲੋਡਸ",
    "removeFromLib": "ਲਾਇਬ੍ਰੇਰੀ ਗੀਤਾਂ ਤੋਂ ਹਟਾਓ",
    "downloadingFormat": "ਡਾਊਨਲੋਡ ਕਰੋ ਫਾਈਲ ਫਾਰਮੈਟ",
    "songAlreadyOfflineAlert": "ਗੀਤ ਪਹਿਲਾਂ ਹੀ ਕੈਸ਼ ਵਿੱਚ ਔਫਲਾਈਨ ਹੈ",
    "downloadLocation": "ਟਿਕਾਣਾ ਡਾਊਨਲੋਡ ਕਰੋ",
    "downloadingFormatDes": "ਡਾਊਨਲੋਡਿੰਗ ਫਾਈਲ ਫਾਰਮੈਟ ਚੁਣੋ। \"ਓਪਸ\" ਵਧੀਆ ਗੁਣਵੱਤਾ ਪ੍ਰਦਾਨ ਕਰੇਗਾ",
    "library": "ਲਾਇਬ੍ਰੇਰੀ",
    "sleepTimer": "ਸਲੀਪ ਟਾਈਮਰ",
    "minutes": "ਮਿੰਟ",
    "deleteDownloadData": "ਡਾਊਨਲੋਡਸ ਤੋਂ ਹਟਾਓ",
    "clearImgCache": "ਚਿੱਤਰ ਕੈਸ਼ ਸਾਫ਼ ਕਰੋ",
    "deleteDownloadedDataAlert": "ਡਾਊਨਲੋਡਸ ਤੋਂ ਸਫਲਤਾਪੂਰਵਕ ਹਟਾਇਆ ਗਿਆ!",
    "cancelTimerAlert": "ਸਲੀਪ ਟਾਈਮਰ ਰੱਦ ਕੀਤਾ ਗਿਆ",
    "syncedLyricsNotAvailable": "ਸਿੰਕ ਕੀਤੇ ਬੋਲ ਉਪਲਬਧ ਨਹੀਂ ਹਨ!",
    "add5Minutes": "5 ਮਿੰਟ ਜੋੜੋ",
    "cancelTimer": "ਟਾਈਮਰ ਰੱਦ ਕਰੋ",
    "endOfThisSong": "ਇਹ ਗੀਤ ਮੁੱਕ ਗਿਆ",
    "enableBottomNavDes": "ਹੇਠਲੀ ਨੈਵੀਗੇਸ਼ਨ ਪੱਟੀ 'ਤੇ ਸਵਿਚ ਕਰੋ",
    "synced": "ਸਿੰਕ ਕੀਤਾ ਗਿਆ",
    "upNext": "ਅਗਲਾ ਗੀਤ",
    "pipedplstSyncAlert": "ਪਾਈਪਡ ਪਲੇਲਿਸਟ ਸਿੰਕ ਕੀਤੀ ਗਈ!",
    "backgroundPlay": "ਬੈਕਗ੍ਰਾਊਂਡ ਸੰਗੀਤ ਚਲਾਓ",
    "reArrangePlaylist": "ਪਲੇਲਿਸਟ ਨੂੰ ਰੀ-ਅਰੇਂਜ ਕਰੋ",
    "addMultipleSongs": "ਪਲੇਲਿਸਟ ਵਿੱਚ ਗੀਤ ਜੋੜ੍ਹੋ",
    "removeMultiple": "ਇੱਕ ਤੋਂ ਵਧੇਰੇ ਗੀਤ ਹਟਾਓ",
    "restoreLastPlaybackSession": "ਪਿਛਲੇ ਪਲੇਬੈਕ ਸੈਸ਼ਨ ਨੂੰ ਰੀਸਟੋਰ ਕਰੋ",
    "restoreLastPlaybackSessionDes": "ਐਪ ਸ਼ੁਰੂ ਹੋਣ 'ਤੇ ਆਖਰੀ ਪਲੇਬੈਕ ਸੈਸ਼ਨ ਨੂੰ ਆਟੋਮੈਟਿਕਲੀ ਰੀਸਟੋਰ ਕਰੋ",
    "homeContentCount": "ਹੋਮ ਕੰਟੈਂਟ ਦੀ ਗਿਣਤੀ",
    "homeContentCountDes": "ਸ਼ੁਰੂਆਤੀ ਹੋਮਸਕ੍ਰੀਨ ਕੰਟੈਂਟ ਦੀ (ਲਗਭਗ)ਸੰਖਿਆ ਚੁਣੋ। ਘੱਟ ਨਤੀਜੇ ਤੇਜੀ ਨਾਲ ਲੋਡਿੰਗ",
    "enableBottomNav": "ਹੇਠਲੀ ਨੈਵੀਗੇਸ਼ਨ ਪੱਟੀ",
    "backgroundPlayDes": "ਬੈਕਗ੍ਰਾਉਂਡ ਵਿੱਚ ਸੰਗੀਤ ਚਲਾਉਣ ਨੂੰ ਸਮਰੱਥ/ਅਯੋਗ ਕਰੋ (ਐਪ ਨੂੰ ਸਿਸਟਮ ਟਰੇਅ ਤੋਂ ਐਕਸੈਸ ਕੀਤਾ ਜਾ ਸਕਦਾ ਹੈ ਜਦੋਂ ਐਪ ਬੈਕਗ੍ਰਾਉਂਡ ਵਿੱਚ ਚੱਲ ਰਿਹਾ ਹੋਵੇ)",
    "cacheHomeScreenData": "ਹੋਮ ਸਕ੍ਰੀਨ ਕੰਟੈਂਟ ਡਾਟਾ ਕੈਸ਼ ਕਰੋ",
    "cacheHomeScreenDataDes": "ਹੋਮ ਸਕ੍ਰੀਨ ਕੰਟੈਂਟ ਡੇਟਾ ਨੂੰ ਕੈਚ ਕਰਨਾ ਇਨੇਬਲ ਕਰੋ, ਜਦ ਵਿਕਲਪ ਇਨੇਬਲ ਹੋਵੇਗਾ ਤਾਂ ਹੋਮ ਸਕ੍ਰੀਨ ਤੁਰੰਤ ਲੋਡ ਹੋਵੇਗੀ",
    "sleepTimeSetAlert": "ਤੁਹਾਡਾ ਸਲੀਪ ਟਾਈਮਰ ਸੈੱਟ ਕੀਤਾ ਗਿਆ ਹੈ",
    "clearImgCacheDes": "ਕੈਸ਼ ਕੀਤੇ ਥੰਮਨੇਲ/ਚਿੱਤਰਾਂ ਨੂੰ ਸਾਫ਼ ਕਰਨ ਲਈ ਇੱਥੇ ਕਲਿੱਕ ਕਰੋ। (ਜਦੋਂ ਤੱਕ ਕੈਸ਼ ਕੀਤੇ ਚਿੱਤਰਾਂ ਦੇ ਡੇਟਾ ਨੂੰ ਤਾਜ਼ਾ ਨਹੀਂ ਕਰਨਾ ਚਾਹੁੰਦੇ, ਉਦੋਂ ਤੱਕ ਸਿਫ਼ਾਰਸ਼ ਨਹੀਂ ਕੀਤੀ ਜਾਂਦੀ)",
    "disableTransitionAnimation": "ਪਰਿਵਰਤਨ ਐਨੀਮੇਸ਼ਨ ਨੂੰ ਡਿਸੇਬਲ ਕਰੋ",
    "disableTransitionAnimationDes": "ਟੈਬ ਪਰਿਵਰਤਨ ਐਨੀਮੇਸ਼ਨ ਨੂੰ ਡਿਸੇਬਲ ਕਰਨ ਲਈ ਇਸ ਵਿਕਲਪ ਨੂੰ ਇਨੇਬਲ ਕਰੋ",
    "export": "ਐਕਸਪੋਰਟ ਕਰੋ",
    "exportDowloadedFiles": "ਡਾਊਨਲੋਡ ਕੀਤੀਆਂ ਫ਼ਾਈਲਾਂ ਨੂੰ ਐਕਸਪੋਰਟ ਕਰੋ",
    "exportDowloadedFilesDes": "ਡਾਉਨਲੋਡ ਕੀਤੀ ਫਾਈਲ ਨੂੰ ਅੰਦਰੂਨੀ ਐਪ ਡਾਇਰੈਕਟਰੀ ਤੋਂ ਬਾਹਰੀ ਡਾਇਰੈਕਟਰੀ ਵਿੱਚ ਨਿਰਯਾਤ ਕਰਨ ਲਈ ਇੱਥੇ ਕਲਿੱਕ ਕਰੋ",
    "exportedFileLocation": "ਡਾਊਨਲੋਡ ਕੀਤੀ ਫ਼ਾਈਲ ਦਾ ਐਕਸਪੋਰਟ ਸਥਾਨ",
    "exporting": "ਐਕਸਪੋਰਟ ਹੋ ਰਿਹਾ...",
    "scanning": "ਸਕੈਨ ਹੋ ਰਿਹਾ...",
    "downFilesFound": "ਡਾਊਨਲੋਡ ਕੀਤੀਆਂ ਫਾਈਲਾਂ ਮਿਲੀਆਂ",
    "plain": "ਪਲੇਨ",
    "clearImgCacheAlert": "ਚਿੱਤਰ ਕੈਸ਼ ਸਫ਼ਲਤਾਪੂਰਵਕ ਸਾਫ ਕੀਤਾ",
    "close": "ਬੰਦ ਕਰੋ",
    "exportMsg": "ਫ਼ਾਈਲ ਸਫ਼ਲਤਾਪੂਰਵਕ ਐਕਸਪੋਰਟ ਹੋਈ",
    "openIn": "ਦੇ ਵਿੱਚ ਖੋਲ੍ਹੋ",
    "restoreSettingsAndPlaylists": "ਸੈਟਿੰਗਾਂ ਅਤੇ ਪਲੇਲਿਸਟਾਂ ਨੂੰ ਰੀਸਟੋਰ ਕਰੋ",
    "backFilesFound": "ਡਾਟਾਬੇਸ ਮਿਲੇ ਹਨ",
    "restore": "ਰੀਸਟੋਰ ਕਰੋ",
    "restoring": "ਰੀਸਟੋਰ ਕੀਤਾ ਜਾ ਰਿਹਾ ਹੈ...",
    "closeApp": "ਐਪ ਬੰਦ ਕਰੋ",
    "backupSettingsAndPlaylists": "ਬੈਕਅੱਪ ਸੈਟਿੰਗਾਂ ਅਤੇ ਪਲੇਲਿਸਟਾਂ",
    "backupSettingsAndPlaylistsDes": "ਸਾਰੀਆਂ ਸੈਟਿੰਗਾਂ, ਪਲੇਲਿਸਟਾ ਅਤੇ ਲਾਗ-ਇਨ ਡਾਟਾ ਨੂੰ ਇੱਕ ਬੈਕਅੱਪ ਫਾਈਲ ਵਿੱਚ ਸੁਰੱਖਿਅਤ ਕਰਦਾ ਹੈ",
    "restoreSettingsAndPlaylistsDes": "ਬੈਕਅੱਪ ਫਾਈਲ ਤੋਂ ਸਾਰੀਆਂ ਸੈਟਿੰਗਾਂ, ਲਾਗ-ਇਨ ਡਾਟਾ ਅਤੇ ਪਲੇਲਿਸਟਾਂ ਨੂੰ ਰੀਸਟੋਰ ਕਰਦਾ ਹੈ। ਸਾਰੇ ਮੌਜੂਦਾ ਡਾਟਾ ਨੂੰ ਓਵਰਰਾਈਟ ਕਰਦਾ ਹੈ",
    "backupMsg": "ਬੈਕਅੱਪ ਸਫਲਤਾਪੂਰਵਕ ਸੁਰੱਖਿਅਤ ਕੀਤਾ ਗਿਆ!",
    "restoreMsg": "ਸਫਲਤਾਪੂਰਵਕ ਰੀਸਟੋਰ ਕੀਤਾ ਗਿਆ!ਤਬਦੀਲੀਆਂ ਮੁੜ-ਚਾਲੂ ਕਰਨ 'ਤੇ ਲਾਗੂ ਹੁੰਦੀਆਂ ਹਨ",
    "backupAppData": "ਐਪ ਡਾਟਾ ਬੈਕਅੱਪ ਕਰੋ",
    "processFiles": "ਫ਼ਾਈਲਾਂ ਦੀ ਪ੍ਰੋਸੈਸਿੰਗ ਹੋ ਰਹੀ ਹੈ...",
    "includeDownloadedFiles": "ਡਾਉਨਲੋਡ ਕੀਤੇ ਗੀਤਾਂ ਦੀਆਂ ਫਾਈਲਾਂ ਸ਼ਾਮਿਲ ਕਰੋ",
    "backupInProgress": "ਬੈਕਅੱਪ ਜਾਰੀ ਹੈ...",
    "restartApp": "ਐਪ ਨੂੰ ਮੁੜ-ਚਾਲੂ ਕਰੋ",
    "letsStrart": "ਚਲੋ ਸ਼ੁਰੂ ਕਰੀਏ..",
    "backup": "ਬੈਕਅੱਪ",
    "restoreAppData": "ਐਪ ਡਾਟਾ ਰੀਸਟੋਰ ਕਰੋ",
    "downloadError3": "ਨੈੱਟਵਰਕ ਗੜਬੜ ਦੇ ਕਾਰਨ ਡਾਊਨਲੋਡ ਕਰਨਾ ਅਸਫਲ ਰਿਹਾ! ਕਿਰਪਾ ਕਰਕੇ ਦੁਬਾਰਾ ਕੋਸ਼ਿਸ਼ ਕਰੋ",
    "music&Playback": "ਸੰਗੀਤ ਅਤੇ ਪਲੇਬੈਕ",
    "content": "ਸਮੱਗਰੀ",
    "personalisation": "ਵਿਅਕਤੀਗਤਕਰਨ",
    "playerUi": "ਪਲੇਅਰ ਯੂ.ਆਈ",
    "gesture": "ਇਸ਼ਾਰਾ",
    "bitrate": "ਬਿੱਟਰੇਟ",
    "queueShufflingDeniedMsg": "ਸ਼ਫਲ ਮੋਡ ਚਾਲੂ ਹੋਣ 'ਤੇ ਕਤਾਰ ਨੂੰ ਸ਼ਫਲ ਨਹੀਂ ਕੀਤਾ ਜਾ ਸਕਦਾ",
    "queuerearrangingDeniedMsg": "ਸ਼ਫਲ ਮੋਡ ਚਾਲੂ ਹੋਣ 'ਤੇ ਕਤਾਰ ਨੂੰ ਮੁੜ ਵਿਵਸਥਿਤ ਨਹੀਂ ਕੀਤਾ ਜਾ ਸਕਦਾ ਹੈ",
    "songNotPlayable": "ਸਰਵਰ ਪਾਬੰਦੀ ਕਾਰਨ ਗੀਤ ਚਲਾਉਣ ਯੋਗ ਨਹੀਂ ਹੈ!",
    "appInfo": "ਐਪ ਜਾਣਕਾਰੀ",
    "download": "ਡਾਊਨਲੋਡ ਕਰੋ",
    "networkError": "ਨੈੱਟਵਰਕ ਗੜਬੜ! ਆਪਣੇ ਨੈੱਟਵਰਕ ਕਨੈਕਸ਼ਨ ਦੀ ਜਾਂਚ ਕਰੋ।",
    "playnextMsg": "ਆਗਾਮੀ",
    "shuffleQueue": "ਸ਼ਫਲ ਕਤਾਰ",
    "queueLoop": "ਕਤਾਰ ਲੂਪ",
    "queueLoopNotDisMsg2": "ਕਤਾਰ ਲੂਪ ਮੋਡ ਨੂੰ ਰੇਡੀਓ ਮੋਡ ਵਿੱਚ ਸਮਰੱਥ ਨਹੀਂ ਕੀਤਾ ਜਾ ਸਕਦਾ ਹੈ।",
    "enableSlidableAction": "ਸਲਾਈਡ ਕਰਨ ਯੋਗ ਕਾਰਵਾਈਆਂ ਨੂੰ ਸਮਰੱਥ ਬਣਾਓ",
    "enableSlidableActionDes": "ਗੀਤ ਟਾਇਲ 'ਤੇ ਸਲਾਈਡ ਕਰਨ ਯੋਗ ਕਾਰਵਾਈਆਂ ਨੂੰ ਸਮਰੱਥ ਬਣਾਓ",
    "songInfo": "ਗੀਤ ਦੀ ਜਾਣਕਾਰੀ",
    "id": "ਆਈ.ਡੀ",
    "title": "ਸਿਰਲੇਖ",
    "audioCodec": "ਆਡੀਓ ਕੋਡੇਕ",
    "loudnessDb": "ਉੱਚੀ ਆਵਾਜ਼ ਡੀ.ਬੀ",
    "urlSearchDes": "url ਖੋਜਿਆ ਗਿਆ ਸੰਬੰਧਿਤ ਸਮੱਗਰੀ ਨੂੰ ਖੋਲ੍ਹਣ/ਪਲੇ ਕਰਨ ਲਈ ਇਸ 'ਤੇ ਕਲਿੱਕ ਕਰੋ",
    "downloadError2": "ਸਰਵਰ ਪਾਬੰਦੀ ਦੇ ਕਾਰਨ ਬੇਨਤੀ ਕੀਤਾ ਗੀਤ ਡਾਊਨਲੋਡ ਕਰਨ ਯੋਗ ਨਹੀਂ ਹੈ। ਤੁਸੀਂ ਦੁਬਾਰਾ ਕੋਸ਼ਿਸ਼ ਕਰ ਸਕਦੇ ਹੋ",
    "androidBackupWarning": "ਟੈਸਟ ਨਹੀਂ ਕੀਤਾ ਗਿਆ: 60 ਤੋਂ ਵੱਧ ਫਾਈਲਾਂ ਨੂੰ ਡਾਊਨਲੋਡ ਕਰਨ ਤੋਂ ਬਾਅਦ ਚੈਕਬਾਕਸ ਨੂੰ ਚੁਣਨਾ, ਪ੍ਰਕਿਰਿਆ ਵੱਡੀ ਮਾਤਰਾ ਵਿੱਚ ਮੈਮੋਰੀ ਦੀ ਖਪਤ ਕਰ ਸਕਦੀ ਹੈ ਅਤੇ ਫ਼ੋਨ ਜਾਂ ਐਪ ਕਰੈਸ਼ ਹੋ ਸਕਦੀ ਹੈ। ਆਪਣੇ ਜੋਖਮ 'ਤੇ ਅੱਗੇ ਵਧੋ।",
    "queueLoopNotDisMsg1": "ਕਤਾਰ ਲੂਪ ਮੋਡ ਨੂੰ ਅਸਮਰੱਥ ਨਹੀਂ ਕੀਤਾ ਜਾ ਸਕਦਾ ਹੈ ਜਦੋਂ ਸ਼ਫਲ ਮੋਡ ਸਮਰੱਥ ਹੁੰਦਾ ਹੈ।",
    "autoDownFavSong": "ਮਨਪਸੰਦ ਗੀਤਾਂ ਨੂੰ ਆਟੋ ਡਾਊਨਲੋਡ ਕਰੋ",
    "autoDownFavSongDes": "ਮਨਪਸੰਦ ਗੀਤਾਂ ਵਿੱਚ ਸ਼ਾਮਲ ਕੀਤੇ ਜਾਣ 'ਤੇ ਮਨਪਸੰਦ ਗੀਤਾਂ ਨੂੰ ਆਟੋਮੈਟਿਕਲੀ ਡਾਊਨਲੋਡ ਕਰੋ",
    "playerUiDes": "ਪਲੇਅਰ ਯੂਜ਼ਰ ਇੰਟਰਫੇਸ ਚੁਣੋ",
    "standard": "ਮਿਆਰੀ",
    "duration": "ਮਿਆਦ",
    "loudnessNormalization": "ਉੱਚੀ ਆਵਾਜ਼ ਦਾ ਸਧਾਰਣਕਰਨ",
    "loudnessNormalizationDes": "ਸਾਰੇ ਗੀਤਾਂ (ਪ੍ਰਯੋਗਾਤਮਕ) ਲਈ ਉੱਚੀ ਆਵਾਜ਼ ਦਾ ਇੱਕੋ ਪੱਧਰ ਸੈੱਟ ਕਰਦਾ ਹੈ (ਪਿਛਲੇ ਸੰਸਕਰਣ (< v1.10.0) 'ਤੇ ਡਾਊਨਲੋਡ ਕੀਤੇ ਗੀਤਾਂ 'ਤੇ ਕੰਮ ਨਹੀਂ ਕਰੇਗਾ)"
}
