{
    "home": "Główna",
    "songs": "Utwory",
    "playlists": "Playlisty",
    "albums": "Albumy",
    "artists": "Wykonawcy",
    "settings": "Ustawienia",
    "libAlbums": "Biblioteka Albumów",
    "libArtists": "Biblioteka Wykonawców",
    "items": "pozycje",
    "libSongs": "Biblioteka utworów",
    "libPlaylists": "Biblioteka Playlist",
    "networkError1": "Ups, błąd sieci!",
    "retry": "Spróbuj ponownie!",
    "noOfflineSong": "Brak utworów offline!",
    "recentlyPlayed": "Ostatnio odtwarzane",
    "favorites": "Ulubione",
    "emptyPlaylist": "Playlista jest pusta!",
    "enqueueAll": "Kolejkuj wszystkie",
    "renamePlaylist": "Zmień nazwę playlisty",
    "removePlaylist": "Usuń playlistę",
    "CreateNewPlaylist": "Utwórz nową playlistę",
    "create": "Utwórz",
    "createnAdd": "Utwórz i dodaj",
    "noBookmarks": "Brak zakładek!",
    "startRadio": "Uruchom radio",
    "playNext": "Odtwórz następny",
    "addToPlaylist": "Dodaj do playlisty",
    "noLibPlaylist": "Nie masz żadnej playlisty!",
    "enqueueSong": "Dodaj ten utwór do kolejki",
    "goToAlbum": "Przejdź do albumu",
    "viewArtist": "Zobacz wykonawcę",
    "shareSong": "Udostępnij ten utwór",
    "removeFromQueue": "Usuń z kolejki",
    "themeMode": "Motyw",
    "dynamic": "Dynamiczny",
    "systemDefault": "Domyślne ustawienia systemowe",
    "dark": "Ciemny",
    "light": "Jasny",
    "setDiscoverContent": "Wykryj zawartość",
    "quickPics": "Chwytliwe fotki",
    "discover": "Odkrywaj",
    "topMusicVid": "Najlepsze teledyski",
    "basedOnLast": "Na podstawie ostatniej interakcji",
    "trending": "Trendy",
    "cacheSongs": "Utwory w pamięci podręcznej",
    "skipSilence": "Pomiń ciszę",
    "cacheSongsDes": "Pozwól na pobieranie otwieranych utworów do pamięci podręcznej podczas odtwarzania, aby odtworzyć je w przyszłości. Pliki offline zajmą dodatkowe miejsce w pamięci urządzenia",
    "skipSilenceDes": "Cisza będzie pomijana podczas odtwarzania muzyki",
    "streamingQuality": "Jakość streamingu",
    "streamingQualityDes": "Jakość strumienia muzyki",
    "high": "Wysoka",
    "low": "Niska",
    "equalizer": "Korektor dźwięku",
    "ignoreBatOpt": "Zignoruj optymalizację baterii",
    "equalizerDes": "Otwórz korektor systemowy",
    "ignoreBatOptDes": "Jeśli masz problemy z powiadomieniami lub odtwarzanie zostało zatrzymane przez optymalizację systemu, włącz tę opcję",
    "status": "Stan",
    "enabled": "Włączony",
    "disabled": "Wyłączony",
    "github": "🎵 Dedykowane komuś wyjątkowemu 🌟",
"githubDes": "Aplikacja RhyThm narodziła się z emocjonalnej chwili. Gdybyś wtedy się nie zdenerwował, ta kreacja mogłaby nigdy nie powstać.\n\nCzasami najbardziej nieoczekiwane emocje prowadzą do najpiękniejszych rzeczy. 💫\n\nDziękujemy, że byłeś cichą inspiracją stojącą za tym wszystkim. ❤️\n\nJeśli podoba Ci się ten projekt, nie zapomnij dać ⭐ na GitHubie.",
    "by": "autorstwa",
    "search": "Szukaj",
    "searchDes": "Utwory, Playlista, Album lub Wykonawca",
    "searchRes": "Wyniki wyszukiwania",
    "for1": "dla",
    "videos": "Teledyski",
    "viewAll": "Pokaż wszystko",
    "results": "Wyniki",
    "about": "O Harmony Music",
    "songRemovedfromQueue": "Usunięto z kolejki!",
    "radioNotAvailable": "Radio niedostępne dla tego wykonawcy!",
    "songRemovedfromQueueCurrSong": "Nie można usunąć aktualnie odtwarzanego utworu",
    "songAddedToPlaylistAlert": "Utwór dodano do playlisty!",
    "songAlreadyExists": "Ten utwór już istnieje!",
    "songEnqueueAlert": "Utwór dodano do kolejki!",
    "songRemovedAlert": "Usunięto z",
    "errorOccuredAlert": "Wystąpił błąd!",
    "playlistCreatedAlert": "Playlista została utworzona!",
    "playlistCreatednsongAddedAlert": "Utworzono playlistę i dodano utwór!",
    "playlistRenameAlert": "Zmiana nazwy zakończona powodzeniem!",
    "playlistRemovedAlert": "Usunięto Playlistę!",
    "playlistBookmarkAddAlert": "Dodano Playlistę do zakładek!",
    "playlistBookmarkRemoveAlert": "Usunięto Playlistę z zakładek!",
    "albumBookmarkAddAlert": "Dodano Album do zakładek!",
    "albumBookmarkRemoveAlert": "Usunięto Album z zakładek!",
    "artistBookmarkAddAlert": "Dodano Wykonawcę do zakładek!",
    "artistBookmarkRemoveAlert": "Usunięto Wykonawcę do zakładek!",
    "lyricsNotAvailable": "Tekst jest niedostępny!",
    "artistDesNotAvailable": "Opis jest niedostępny!",
    "newVersionAvailable": "Nowa wersja już dostępna!",
    "dontShowInfoAgain": "Nie pokazuj więcej tej informacji",
    "dismiss": "Odrzuć",
    "notaSongVideo": "To nie utwór muzyczny/teledysk!",
    "notaValidLink": "Nieprawidłowy link!",
    "operationFailed": "Operacja zakończyła się niepowodzeniem",
    "link": "Odnośnik",
    "unLink": "Odłącz",
    "local": "Lokalny",
    "selectAuthIns": "Wybierz instancję do uwierzytelniania",
    "username": "Nazwa użytkownika",
    "password": "Hasło",
    "linkAlert": "Połączono pomyślnie!",
    "unlinkAlert": "Odłączono pomyślnie!",
    "reset": "Resetuj",
    "resetblacklistedplaylist": "Usuń playlistę z czarnej listy",
    "playlistBlacklistAlert": "Dodaj playlistę do czarnej listy!",
    "cachedOrOffline": "Pamięć podręczna/Oflline",
    "cancel": "Anuluj",
    "removeFromCache": "Usuń z pamięci podręcznej",
    "goToDownloadPage": "Kliknij tutaj, aby przejść do strony pobierania",
    "nomatch": "Nie znaleziono dopasowania dla",
    "linkPipedDes": "Link z potokiem dla list odtwarzania",
    "subscribers": "subskrybentów",
    "resetblacklistedplaylistDes": "Zresetuj wszystkie potokowane playlisty z czarnej listy",
    "blacklistPlstResetAlert": "Zresetowano pomyślnie!",
    "stopMusicOnTaskClearDes": "Odtwarzanie muzyki zostanie zatrzymane, gdy aplikacja zostanie usunięta z menedżera zadań",
    "stopMusicOnTaskClear": "Zatrzymaj muzykę",
    "communityplaylists": "Społecznościowe playlisty",
    "languageDes": "Ustaw język aplikacji",
    "customInsSelectMsg": "Proszę wybierz niestandardową Instancję",
    "allFieldsReqMsg": "Wymagane są wszystkie pola",
    "rename": "Zmień nazwę",
    "selectAuthInsMsg": "Należy wybrać instancję uwierzytelniania!",
    "customIns": "Niestandardowe wystąpienie",
    "Piped": "Piped",
    "topmusicvideos": "Najlepsze wideoklipy",
    "singles": "Single",
    "language": "Język",
    "hintApiUrl": "API URL do instancji Piped",
    "removeFromPlaylist": "Usuń z playlistę",
    "featuredplaylists": "Polecane playlisty",
    "quickpicks": "Szybki wybór",
    "downloads": "Pobrania",
    "removeFromLib": "Usuń z Biblioteki Utworów",
    "downloadingFormat": "Pobierz format pliku",
    "songAlreadyOfflineAlert": "Utwór jest już offline w pamięci podręcznej",
    "downloadLocation": "Lokalizacja Pobierania",
    "downloadingFormatDes": "Wybierz format pliku do pobrania. „Opus” zapewni najlepszą jakość",
    "library": "Biblioteka",
    "minutes": "minut",
    "endOfThisSong": "Koniec tej piosenki",
    "enableBottomNav": "Dolny pasek nawigacyjny",
    "enableBottomNavDes": "Przełącz na dolny pasek nawigacyjny",
    "syncedLyricsNotAvailable": "Synchronizowanie tekstu nie jest dostępne!",
    "homeContentCountDes": "Wybierz liczbę treści na ekranie głównym (w przybliżeniu). Mniej zawartości = szybsze ładowanie",
    "plain": "Zwykły",
    "add5Minutes": "Dodaj 5 minut",
    "sleepTimer": "Wyłącznik czasowy",
    "synced": "Zsynchronizowano",
    "cancelTimerAlert": "Wyłącznik uśpienia anulowany",
    "pipedplstSyncAlert": "Zsynchronizowano playlisty z Piped!",
    "cancelTimer": "Anuluj wyłącznik czasowy",
    "homeContentCount": "Ilość treści na ekranie głównym",
    "sleepTimeSetAlert": "Wyłącznik czasowy jest ustawiony",
    "clearImgCache": "Wyczyść pamięć podręczną obrazów",
    "clearImgCacheDes": "Kliknij tutaj, aby wyczyścić zapisane w pamięci podręcznej miniatury/obrazy. (Niezalecane, chyba że chcesz odświeżyć dane obrazów zapisanych w pamięci podręcznej)",
    "upNext": "Następne",
    "backgroundPlay": "Odtwarzanie muzyki w tle",
    "backgroundPlayDes": "Włączanie/wyłączanie odtwarzania muzyki w tle (aplikacja jest dostępna z zasobnika systemowego, gdy aplikacja działa w tle)",
    "deleteDownloadData": "Usuń z pobranych",
    "deleteDownloadedDataAlert": "Pomyślnie usunięto z pobranych!",
    "reArrangePlaylist": "Zmień kolejność listy odtwarzania",
    "removeMultiple": "Usuń wiele utworów",
    "addMultipleSongs": "Dodaj utwory do listy odtwarzania",
    "restoreLastPlaybackSession": "Przywróć ostatnią sesję odtwarzania",
    "restoreLastPlaybackSessionDes": "Automatyczne przywracanie ostatniej sesji odtwarzania po uruchomieniu aplikacji",
    "cacheHomeScreenData": "Pamięć podręczna danych zawartości ekranu głównego",
    "cacheHomeScreenDataDes": "Włącz buforowanie danych zawartości ekranu głównego, ekran główny załaduje się natychmiast, jeśli ta opcja jest włączona",
    "exportDowloadedFiles": "Eksportuj pobrane pliki",
    "exportDowloadedFilesDes": "Kliknij tutaj, aby wyeksportować pobrany plik z katalogu inApp do zewnętrznego katalogu",
    "exportedFileLocation": "Lokalizacja eksportu pobranego pliku",
    "export": "Eksportuj",
    "close": "Zamknij",
    "exportMsg": "Pliki zostały pomyślnie wyeksportowane",
    "clearImgCacheAlert": "Pomyślnie wyczyszczono pamięć podręczną obrazów",
    "disableTransitionAnimation": "Wyłącz animację przejścia",
    "disableTransitionAnimationDes": "Włącz tę opcję, aby wyłączyć animację przejścia między kartami",
    "exporting": "Eksportowanie...",
    "scanning": "Skanowanie...",
    "downFilesFound": "znaleziono pobrane pliki",
    "openIn": "Otwórz w",
    "backupSettingsAndPlaylists": "Kopia zapasowa ustawień i list odtwarzania",
    "backupSettingsAndPlaylistsDes": "Zapisuje wszystkie ustawienia, listy odtwarzania i dane logowania w pliku kopii zapasowej",
    "restoreSettingsAndPlaylistsDes": "Przywraca wszystkie ustawienia, dane logowania i listy odtwarzania z pliku kopii zapasowej. Nadpisuje wszystkie bieżące dane",
    "backFilesFound": "znalezione bazy danych",
    "restoreSettingsAndPlaylists": "Przywracanie ustawień i list odtwarzania",
    "backupMsg": "Kopia zapasowa została pomyślnie zapisana!",
    "restoreMsg": "Przywrócenie powiodło się!\nZmiany zostaną zastosowane po ponownym uruchomieniu",
    "restoring": "Przywracanie...",
    "restore": "Przywracanie",
    "closeApp": "Zamknij aplikację",
    "letsStrart": "Zaczynajmy...",
    "processFiles": "Przetwarzanie plików...",
    "includeDownloadedFiles": "Dołącz pliki z pobranymi utworami",
    "backupInProgress": "Trwa tworzenie kopii zapasowej...",
    "restoreAppData": "Przywracanie danych aplikacji",
    "restartApp": "Restart aplikacji",
    "backupAppData": "Kopia zapasowa danych aplikacji",
    "backup": "Kopia zapasowa",
    "queueShufflingDeniedMsg": "Nie można zmienić kolejności kolejki, gdy włączony jest tryb losowy",
    "songNotPlayable": "Nie można odtworzyć utworu z powodu ograniczeń serwera!",
    "queuerearrangingDeniedMsg": "Nie można zmienić kolejności kolejki, gdy włączony jest tryb losowy",
    "shuffleQueue": "Przetasuj kolejkę",
    "queueLoop": "Pętla kolejki",
    "queueLoopNotDisMsg1": "Trybu pętli kolejki nie można wyłączyć, gdy włączony jest tryb losowy.",
    "music&Playback": "Muzyka i Odtwarzanie",
    "content": "Zawartość",
    "personalisation": "Personalizacja",
    "autoDownFavSong": "Automatyczne pobieranie ulubionych utworów",
    "loudnessNormalization": "Normalizacja głośności",
    "autoDownFavSongDes": "Automatyczne pobieranie ulubionych utworów po dodaniu ich do ulubionych",
    "loudnessNormalizationDes": "Ustawia ten sam poziom głośności dla wszystkich utworów (eksperymentalne) (nie działa z utworami pobranymi w poprzedniej wersji (< v1.10.0))",
    "title": "Tytuł",
    "id": "Id",
    "songInfo": "Informacje o utworze",
    "androidBackupWarning": "Nie przetestowano: Zaznaczenie pola wyboru po pobraniu ponad 60 plików może spowodować zużycie dużej ilości pamięci i awarię telefonu lub aplikacji. Postępujesz na własne ryzyko.",
    "gesture": "Gesty",
    "appInfo": "Informacje o aplikacji",
    "download": "Pobierz",
    "networkError": "Błąd sieci! Sprawdź połączenie sieciowe.",
    "downloadError2": "Żądany utwór nie może zostać pobrany z powodu ograniczeń serwera. Możesz spróbować ponownie",
    "downloadError3": "Pobieranie nie powiodło się z powodu błędu sieci/strumienia! Spróbuj ponownie",
    "duration": "Czas trwania",
    "audioCodec": "Kodek dźwięku",
    "playerUiDes": "Wybierz interfejs użytkownika odtwarzacza",
    "standard": "Standard",
    "urlSearchDes": "Wykryty adres URL - kliknij go, aby otworzyć/odtworzyć powiązaną zawartość",
    "queueLoopNotDisMsg2": "Tryb pętli kolejki nie może być włączony w trybie radiowym.",
    "enableSlidableAction": "Włącz przesuwalne akcje",
    "enableSlidableActionDes": "Włącz przesuwalne akcje na kafelku utworu",
    "bitrate": "Szybkość transmisji",
    "playerUi": "Interfejs użytkownika gracza",
    "playnextMsg": "Nadchodzące",
    "loudnessDb": "GłośnośćDb",
    "misc": "Różne",
    "resetToDefault": "Przywracanie ustawień domyślnych",
    "resetToDefaultDes": "Przywróć domyślne ustawienia aplikacji (wymagane ponowne uruchomienie)",
    "resetToDefaultMsg": "Przywracanie ustawień domyślnych zakończone, uruchom ponownie aplikację",
    "autoOpenPlayer": "Automatyczne otwieranie ekranu odtwarzacza",
    "album": "Album",
    "playingfromAlbum": "ODTWARZANIE Z ALBUMU",
    "playingfromPlaylist": "ODTWARZANIE Z PLAYLISTY",
    "playingfromSelection": "ODTWARZANIE Z WYBRANEGO ZESTAWU",
    "playingfromArtist": "ODTWARZANIE WG. ARTYSTY",
    "randomSelection": "Wybór losowy",
    "randomRadio": "Losowe Radio",
    "autoOpenPlayerDes": "Włączenie/wyłączenie automatycznego otwierania odtwarzacza na pełnym ekranie po wybraniu utworu do odtwarzania",
    "reArrangeSongs": "Zmień kolejność utworów",
    "selectSongs": "Wybierz utwory",
    "selectAll": "Zaznacz wszystko",
    "exportPlaylist": "Eksportuj listę odtwarzania",
    "exportingPlaylist": "Eksportowanie listy odtwarzania…",
    "exportError": "Błąd podczas eksportowania listy odtwarzania",
    "exportErrorPermission": "Odmowa dostępu podczas eksportowania",
    "exportErrorStorage": "Za mało wolnego miejsca na dysku",
    "exportErrorFormat": "Błąd formatowania danych listy odtwarzania",
    "importPlaylist": "Importuj listę odtwarzania",
    "importingPlaylist": "Importowanie listy odtwarzania…",
    "selectFile": "Wybierz plik",
    "playlistImportedMsg": "Lista odtwarzania została pomyślnie zaimportowana",
    "importErrorFileAccess": "Nie udało się uzyskać dostępu do wybranego pliku",
    "importErrorFormat": "Nieprawidłowy format pliku",
    "invalidPlaylistFile": "Nieprawidłowa struktura pliku listy odtwarzania",
    "importErrorDatabase": "Błąd podczas zapisywania do bazy danych",
    "fileNotFound": "Plik nie został znaleziony",
    "importLargeFileNote": "Uwaga: import dużych list odtwarzania może potrwać dłużej",
    "importPlaylistDesc": "Wybierz wcześniej wyeksportowany plik playlisty w formacie JSON do zaimportowania",
    "playlistExportedMsg": "Lista odtwarzania została pomyślnie wyeksportowana do",
    "importError": "Błąd podczas importowania listy odtwarzania"
}
