{
    "renamePlaylist": "Renomear Playlist",
    "noLibPlaylist": "Você não tem uma biblioteca de playlist!",
    "networkError1": "Oops, erro de conexão!",
    "libSongs": "Biblioteca de Músicas",
    "communityplaylists": "Playlists da Comunidade",
    "libAlbums": "Biblioteca de Álbuns",
    "enqueueAll": "Colocar todas na fila",
    "create": "Criar",
    "enqueueSong": "Colocar esse som na fila",
    "noBookmarks": "Nenhuma salva!",
    "playlists": "Lista de Reprodução",
    "rename": "Renomear",
    "items": "itens",
    "startRadio": "Iniciar rádio",
    "downloads": "Baixadas",
    "libArtists": "Biblioteca de Artistas",
    "removePlaylist": "Remover playlist",
    "addToPlaylist": "Adicionar à playlist",
    "cachedOrOffline": "Em cache/Baixadas",
    "retry": "Tente novamente!",
    "artists": "Artistas",
    "albums": "Álbuns",
    "recentlyPlayed": "Tocadas recentemente",
    "viewArtist": "Ver Artista",
    "createnAdd": "Criar e adicionar",
    "singles": "Singles",
    "emptyPlaylist": "Playlist vazia!",
    "favorites": "Favoritos",
    "home": "Início",
    "cancel": "Cancelar",
    "libPlaylists": "Biblioteca de Playlists",
    "CreateNewPlaylist": "Criar nova playlist",
    "playNext": "Reproduzir próxima",
    "songs": "Músicas",
    "settings": "Configurações",
    "removeFromPlaylist": "Remover da playlist",
    "noOfflineSong": "Sem músicas offline!",
    "featuredplaylists": "Playlists em Destaque",
    "goToAlbum": "Ir ao álbum",
    "removeFromQueue": "Remover da fila",
    "shareSong": "Compartilhar essa música",
    "playlistCreatednsongAddedAlert": "Playlist criada e música adicionada!",
    "dismiss": "Dispensar",
    "goToDownloadPage": "Clique aqui para ir à página de download",
    "songEnqueueAlert": "Músicas adicionadas à fila!",
    "songAddedToPlaylistAlert": "Música adicionada à playlist!",
    "unlinkAlert": "Desvinculado com sucesso!",
    "playlistCreatedAlert": "Playlist criada!",
    "reset": "Redefinir",
    "unLink": "Desvincular",
    "trending": "Populares",
    "searchRes": "Resultados da pesquisa",
    "cacheSongsDes": "Baixar músicas para ouvir offline consumirá espaço adicional em seu dispositivo",
    "password": "Senha",
    "setDiscoverContent": "Definir conteúdo sugerido",
    "songRemovedfromQueue": "Removido da fila!",
    "github": "🎵 Dedicado a alguém especial 🌟",
"githubDes": "O aplicativo RhyThm nasceu de um momento de emoção. Se você não tivesse ficado chateado, talvez essa criação nunca tivesse existido.\n\nÀs vezes, as emoções mais inesperadas criam as coisas mais bonitas. 💫\n\nObrigado por ser a inspiração silenciosa por trás de tudo isso. ❤️\n\nSe você gosta deste projeto, não esqueça de dar uma ⭐ no GitHub.",
    "playlistRemovedAlert": "Playlist removida!",
    "albumBookmarkRemoveAlert": "Álbum não mais salvo!",
    "notaSongVideo": "Não é uma música/videoclipe!",
    "ignoreBatOptDes": "Se você está tendo problemas de notificação ou som pausado devido à otimização do sistema, por favor ative essa opção",
    "for1": "Para",
    "low": "Baixa",
    "link": "Vincular",
    "selectAuthIns": "Selecione Instância de Autenticação",
    "languageDes": "Definir Idioma do Aplicativo",
    "stopMusicOnTaskClear": "Parar música no gerenciador de tarefas",
    "customInsSelectMsg": "Selecione a Instância Personalizada",
    "skipSilence": "Pular silêncio",
    "equalizer": "Equalizador",
    "videos": "Vídeos",
    "enabled": "Habilitado",
    "allFieldsReqMsg": "Todos os campos são necessários",
    "artistBookmarkAddAlert": "Artista salvo!",
    "viewAll": "Ver todos",
    "github": "GitHub",
    "newVersionAvailable": "Nova versão disponível!",
    "subscribers": "Inscritos",
    "discover": "Descubra",
    "cacheSongs": "Músicas baixadas",
    "removeFromLib": "Remover da Biblioteca de Músicas",
    "songAlreadyExists": "Música já existe!",
    "downloadingFormat": "Formato do arquivo baixado",
    "username": "Nome de usuário",
    "light": "Claro",
    "resetblacklistedplaylist": "Definir playlists da lista negra",
    "dynamic": "Dinâmica",
    "selectAuthInsMsg": "Selecione uma instância de Autenticação!",
    "equalizerDes": "Abrir equalizador do sistema",
    "customIns": "Instância personalizada",
    "Piped": "Piped (Canalizado)",
    "stopMusicOnTaskClearDes": "A música será interrompida quando o aplicativo for removido do gerenciador de tarefas",
    "playlistBookmarkAddAlert": "Playlist salva!",
    "radioNotAvailable": "Rádio não disponível para esse artista!",
    "topmusicvideos": "Principais clipes",
    "about": "Sobre",
    "playlistBookmarkRemoveAlert": "Playlist não mais salva!",
    "systemDefault": "Padrão do sistema",
    "local": "Local",
    "ignoreBatOpt": "Ignorar otimização da bateria",
    "linkAlert": "Vinculado com sucesso!",
    "status": "Status/Situação",
    "themeMode": "Modo do Tema",
    "streamingQualityDes": "Qualidade da transmissão das músicas",
    "nomatch": "Sem resultados para",
    "notaValidLink": "Link inválido!",
    "dark": "Escuro",
    "by": "Por",
    "streamingQuality": "Qualidade da transmissão",
    "linkPipedDes": "Vincular as playlist com Piped",
    "disabled": "Desabilitado",
    "blacklistPlstResetAlert": "Redefinido com sucesso!",
    "language": "Idioma",
    "search": "Procurar",
    "songAlreadyOfflineAlert": "Músicas baixadas já disponíveis para reprodução offline",
    "skipSilenceDes": "Silêncio será pulado quando houver",
    "errorOccuredAlert": "Aconteceu algum erro!",
    "high": "Alta",
    "searchDes": "Músicas,Playlist,Álbum ou Artista",
    "results": "Resultados",
    "playlistBlacklistAlert": "Playlist adicionada à lista negra!",
    "artistDesNotAvailable": "Descrição não disponível!",
    "resetblacklistedplaylistDes": "Redefinir todas as playlists da lista negra do Piped",
    "downloadLocation": "Local do download",
    "songRemovedfromQueueCurrSong": "Você não pode remover a música enquanto toca",
    "basedOnLast": "Baseado nas últimas interações",
    "hintApiUrl": "API URL para instância Piped",
    "playlistRenameAlert": "Renomeado com sucesso!",
    "downloadingFormatDes": "Selecione o formato do arquivo para baixar. \"Opus\" possui a melhor qualidade",
    "albumBookmarkAddAlert": "Álbum salvo!",
    "lyricsNotAvailable": "Letra não disponível!",
    "dontShowInfoAgain": "Não mostrar novamente",
    "quickpicks": "Escolhas rápidas",
    "artistBookmarkRemoveAlert": "Marcador de artista removido!",
    "operationFailed": "Operação falhou",
    "songRemovedAlert": "Removida da/do",
    "library": "Biblioteca",
    "synced": "Sincronizado",
    "sleepTimer": "Temporizador de Sono",
    "minutes": "minutos",
    "cancelTimerAlert": "O despertador foi cancelado",
    "add5Minutes": "Adicionar 5 minutos",
    "cancelTimer": "Cancelar temporizador",
    "endOfThisSong": "Fim dessa música",
    "plain": "Simples",
    "sleepTimeSetAlert": "Seu temporizador de sono está ativado",
    "pipedplstSyncAlert": "Lista de reprodução sincronizada!",
    "upNext": "Próximos",
    "homeContentCount": "Quantidade de conteúdo da página Inicial",
    "homeContentCountDes": "Selecione o número de conteúdos da tela inicial (aproximado). Menos resultados carregam mais rápido",
    "enableBottomNav": "Barra de navegação inferior",
    "enableBottomNavDes": "Mudar para a barra de navegação inferior",
    "syncedLyricsNotAvailable": "Lista de reprodução não disponível!",
    "backgroundPlay": "Reprodução de música em segundo plano",
    "backgroundPlayDes": "Ativar/Desativar reprodução de música em segundo plano (O aplicativo pode ser acessado a partir da bandeja do sistema quando está em execução em segundo plano)",
    "clearImgCache": "Limpar cache de imagens",
    "clearImgCacheDes": "Clique aqui para limpar as thumbnails/imagens armazenadas em cache. (Não recomendado a menos que queira atualizar os dados das imagens armazenadas em cache)",
    "reArrangePlaylist": "Reorganizar playlist",
    "addMultipleSongs": "Adicionar músicas à playlist",
    "removeMultiple": "Remover múltiplas músicas",
    "downFilesFound": "arquivos baixados encontrados",
    "openIn": "Abrir em",
    "deleteDownloadData": "Remover dos downloads",
    "restoreLastPlaybackSession": "Restaurar a última sessão de reprodução",
    "restoreLastPlaybackSessionDes": "Restaure automaticamente a última sessão de reprodução na inicialização do aplicativo",
    "disableTransitionAnimation": "Desativar animações de transição",
    "disableTransitionAnimationDes": "Ative esta opção para desativar a animação de mudança de guias",
    "cacheHomeScreenDataDes": "Ative o armazenamento em cache dos dados do conteúdo da tela inicial. A tela inicial será carregada instantaneamente se esta opção estiver ativada",
    "exportDowloadedFiles": "Exportar arquivos baixados",
    "exportDowloadedFilesDes": "Clique aqui para exportar o arquivo baixado do diretório interno do aplicativo para o diretório externo",
    "exportedFileLocation": "Local de exportação do arquivo baixado",
    "exporting": "Exportando...",
    "scanning": "Lendo...",
    "close": "Fechar",
    "exportMsg": "Arquivos exportados com sucesso",
    "clearImgCacheAlert": "Cache de imagens limpo com sucesso",
    "restoreSettingsAndPlaylistsDes": "Restaura todas as configurações, dados de login e playlists de um arquivo de backup. Substitui todos os dados atuais",
    "backupMsg": "Backup salvo com sucesso!",
    "backFilesFound": "bancos de dados encontrados",
    "restoreMsg": "Restauração concluída com sucesso!\nMudanças são aplicadas no reinício",
    "restoring": "Restaurando...",
    "cacheHomeScreenData": "Armazenar dados de conteúdo da tela inicial em cache",
    "deleteDownloadedDataAlert": "Removido dos downloads com sucesso!",
    "export": "Exportar",
    "backupSettingsAndPlaylists": "Configurações de Backup e Playlists",
    "backupSettingsAndPlaylistsDes": "Salva todas as configurações, playlists e dados de login em um arquivo de backup",
    "restoreSettingsAndPlaylists": "Restaurar configurações e playlists",
    "restore": "Restaurar",
    "closeApp": "Fechar App",
    "loudnessNormalization": "Padronização de volume",
    "appInfo": "Informações do aplicativo",
    "download": "Download",
    "networkError": "Falha na rede! Verifique sua conexão.",
    "downloadError2": "Não é possível baixar a música graças a uma restrição do servidor. Você pode tentar novamente",
    "downloadError3": "O download falhou devido uma falha na conexão/rede! Tente novamente",
    "music&Playback": "Musica & Reprodução",
    "shuffleQueue": "Misturar Enfileirados",
    "queueLoop": "Fila de repetição",
    "queueLoopNotDisMsg2": "A repetição de fila não pode ser ativado no modo Rádio.",
    "content": "Conteúdo",
    "personalisation": "Personalização",
    "standard": "Padrão",
    "playerUi": "Interface do player",
    "gesture": "Gestos",
    "playerUiDes": "Tipo de interface do player",
    "loudnessNormalizationDes": "Define o mesmo volume para todas as músicas (Experimental) (Não funcionará em músicas baixadas antes da versão (< v1.10.0))",
    "androidBackupWarning": "Não testado: Ao selecionar a caixa de verificação depois de descarregar mais de 60 ficheiros, o processo pode consumir uma grande quantidade de memória e pode fazer com que o telemóvel ou a aplicação falhe. Proceda por sua conta e risco.",
    "loudnessDb": "Intensidade",
    "id": "ID",
    "bitrate": "Bitrate",
    "queueShufflingDeniedMsg": "A fila não pode ser misturada quando o modo de mistura está ativo",
    "backupAppData": "Fazer cópia de segurança",
    "title": "Título",
    "backup": "Cópia de segurança",
    "queuerearrangingDeniedMsg": "A fila não pode ser reordenada quando o modo aleatório está ativado",
    "songInfo": "Detalhes",
    "duration": "Duração",
    "letsStrart": "Vamos começar...",
    "includeDownloadedFiles": "Incluir ficheiros de músicas transferidas",
    "songNotPlayable": "Música não pode ser reproduzida devido a restrições do servidor!",
    "restartApp": "Reiniciar Aplicação",
    "playnextMsg": "Seguinte",
    "queueLoopNotDisMsg1": "O modo de ciclo não pode ser desativado quando o modo aleatório está ativado.",
    "enableSlidableAction": "Ativar gestos",
    "enableSlidableActionDes": "Ativar gestos no título do som",
    "urlSearchDes": "URL detectado clique nele para abrir/reproduzir o conteúdo associado",
    "audioCodec": "Codec",
    "processFiles": "Processando os ficheiros...",
    "backupInProgress": "Cópia de segurança em curso...",
    "restoreAppData": "Restaurar dados da aplicação",
    "autoDownFavSong": "Download automático de músicas favoritas",
    "autoDownFavSongDes": "Baixe músicas favoritas automaticamente quando adicionadas aos favoritos",
    "misc": "Diversos",
    "resetToDefault": "Restaurar Definições Padrão",
    "resetToDefaultDes": "Redefinir Configurações do App para Padrão (Requer Reinicio)",
    "resetToDefaultMsg": "Configurações Restauradas ao Padrão com sucesso. Por favor, reinicie o app",
    "album": "Álbum",
    "randomSelection": "Seleção aleatória",
    "randomRadio": "Rádio aleatório",
    "playingfromAlbum": "TOCANDO DO ÁLBUM",
    "playingfromPlaylist": "TOCANDO DA LISTA DE REPRODUÇÃO",
    "playingfromArtist": "TOCANDO DO ARTISTA",
    "playingfromSelection": "TOCANDO DA SELEÇÃO",
    "autoOpenPlayer": "Automaticamente abrir tela de reprodução",
    "autoOpenPlayerDes": "Ativar/desativar automaticamente abrir a tela de reprodução em tela cheia em uma seleção de música para tocar",
    "reArrangeSongs": "Reordenar músicas",
    "selectSongs": "Selecionar músicas",
    "selectAll": "Selecionar tudo",
    "invalidPlaylistFile": "Estrutura do arquivo de playlist inválida",
    "exportPlaylist": "Exportar Playlist",
    "exportingPlaylist": "Exportando playlist....",
    "playlistExportedMsg": "Playlist exportado com sucesso para",
    "exportError": "Erro em exportar playlist",
    "exportErrorPermission": "Permissão negada quando exportando",
    "exportErrorStorage": "Espaço de armazenamento insuficiente",
    "exportErrorFormat": "Erro em formatar dados da playlist",
    "importPlaylist": "Importar Playlist",
    "importingPlaylist": "Importando playlist...",
    "importPlaylistDesc": "Selecione um arquivo JSON exportado anteriormente para importar",
    "selectFile": "Selecionar Arquivo",
    "playlistImportedMsg": "Playlist importado com sucesso",
    "importError": "Erro em importar playlist",
    "importErrorFileAccess": "Não foi possível acessar o arquivo selecionado",
    "importErrorFormat": "Formato de arquivo inválido",
    "importErrorDatabase": "Erro em salvar no banco de dados",
    "fileNotFound": "Arquivo não encontrado",
    "importLargeFileNote": "Nota: Playlists longas pode levar mais tempo para importar"
}
