{
    "minutes": "minute",
    "results": "Rezultate",
    "about": "Despre",
    "library": "Bibliotecă",
    "renamePlaylist": "Redenumiți playlist",
    "sleepTimer": "Sleep Timer",
    "discover": "Descoperă",
    "trending": "Tendințe",
    "disabled": "Dezactivat",
    "downloads": "Descărcări",
    "for1": "pentru",
    "home": "Acasă",
    "songs": "Melodii",
    "settings": "Setări",
    "by": "de",
    "favorites": "Favorite",
    "removeFromPlaylist": "Elimină din playlist",
    "cancel": "Anulează",
    "singles": "Singles",
    "CreateNewPlaylist": "Creează playlist",
    "create": "Creează",
    "dark": "Întunecat",
    "dynamic": "Dinamic",
    "systemDefault": "Sistem implicit",
    "status": "Stare",
    "search": "Căutare",
    "subscribers": "de abonați",
    "enabled": "Activat",
    "videos": "Videoclipuri",
    "rename": "Redenumește",
    "playNext": "Redă după melodia actuală",
    "light": "Luminos",
    "language": "Limbă",
    "playlists": "Playlist-uri",
    "albums": "Albume",
    "artists": "Artiști",
    "addMultipleSongs": "Adăugați melodii la playlist",
    "addToPlaylist": "Adaugă la playlist",
    "github": "GitHub",
    "export": "Exportă",
    "close": "Închide",
    "deleteDownloadData": "Eliminați din descărcări",
    "themeMode": "Modul Temă",
    "endOfThisSong": "Sfârșitul acestei melodii",
    "items": "elemente",
    "networkError1": "Ups, eroare de rețea!",
    "retry": "Reîncercare!",
    "cachedOrOffline": "În Cache/Offline",
    "emptyPlaylist": "Playlist gol!",
    "enqueueAll": "Pune toate în coadă",
    "removePlaylist": "Ștergeți playlist",
    "enqueueSong": "Pune în coadă",
    "setDiscoverContent": "Setați descoperire conținut",
    "topmusicvideos": "Top Videoclipuri Muzicale",
    "goToAlbum": "Vezi albumul",
    "viewArtist": "Vezi Artist",
    "removeFromQueue": "Elimină din coadă",
    "libSongs": "Biblioteca de melodii",
    "libPlaylists": "Biblioteca de playlist-uri",
    "libAlbums": "Biblioteca de albume",
    "libArtists": "Biblioteca de artiști",
    "featuredplaylists": "Playlist-uri Recomandate",
    "communityplaylists": "Playlist-urile Comunității",
    "noOfflineSong": "Nu aveți melodii offline!",
    "recentlyPlayed": "Redat recent",
    "add5Minutes": "Adaugă 5 minute",
    "languageDes": "Setați limba aplicației",
    "quickpicks": "Alegeri rapide",
    "reArrangePlaylist": "Reordonează playlist",
    "removeMultiple": "Eliminați mai multe melodii",
    "createnAdd": "Crează și adăugă",
    "noBookmarks": "Nu sunt marcaje!",
    "startRadio": "Porniți radioul",
    "noLibPlaylist": "Nu ai nici un playlist în bibliotecă!",
    "shareSong": "Trimite această melodie",
    "upNext": "Urmează",
    "removeFromLib": "Eliminați din Biblioteca de Melodii",
    "cancelTimer": "Anulați cronometrul",
    "basedOnLast": "Bazat pe ultima interacțiune",
    "restoreLastPlaybackSession": "Restaurați ultima sesiune de redare",
    "openIn": "Deschide cu",
    "queueShufflingDeniedMsg": "Coada nu poate fi amestecată când redarea aleatoare este activată",
    "homeContentCount": "Numărul conținutului de acasă",
    "autoDownFavSong": "Descarcă automat melodiile preferate",
    "autoDownFavSongDes": "Descărcați automat melodiile preferate atunci când sunt adăugate la favorite",
    "cacheSongs": "Melodii în Cache",
    "backgroundPlay": "Redarea muzicii în fundal",
    "disableTransitionAnimation": "Oprește animația de tranziție",
    "high": "Ridicat",
    "low": "Scăzut",
    "downloadLocation": "Locația Descărcării",
    "skipSilence": "Sari peste liniște",
    "streamingQualityDes": "Calitatea fluxului muzical",
    "streamingQuality": "Calitatea redării în flux",
    "enableBottomNavDes": "Comutați la bara de navigare de jos",
    "homeContentCountDes": "Alege numărul de elemente inițiale de pe ecranul de acasă(aprox). Mai puține elemente conduc la încărcare mai rapidă",
    "restoreLastPlaybackSessionDes": "Restaurează automat ultima sesiune de redare când pornește aplicația",
    "disableTransitionAnimationDes": "Activează această opțiune pentru a dezactiva animația de tranziție a filei",
    "queuerearrangingDeniedMsg": "Coada nu poate fi reordonată când redarea aleatoare este pornită",
    "songNotPlayable": "Melodia nu poate fi redată din cauza unei restricții de la server!",
    "download": "Descarcă",
    "appInfo": "Despre aplicație",
    "downloadError2": "Melodia cerută nu poate fi descărcată din cauza unei restricții de la server. Poți încerca încă o dată",
    "downloadError3": "Descărcarea a eșuat din cauza unei erori de rețea. Vă rugăm să încercați încă o dată",
    "music&Playback": "Muzică & Redare",
    "playerUiDes": "Alege interfața pentru player",
    "standard": "Standard",
    "content": "Conținut",
    "personalisation": "Personalizare",
    "playerUi": "Interfață Player",
    "gesture": "Mișcare",
    "loudnessNormalization": "Normalizarea Volumului",
    "loudnessNormalizationDes": "Setează același volum pentru toate melodiile (Experimental) (Nu o să funcționeze pentru melodiile descărcate pe versiuni anterioare(< v1.10.0))",
    "enableBottomNav": "Bara de navigare de jos",
    "networkError": "Eroare la rețea! Verifică conexiunea la internet.",
    "playnextMsg": "Urmează",
    "shuffleQueue": "Amestecă Coada",
    "enableSlidableAction": "Activează acțiuni cu glisare",
    "enableSlidableActionDes": "Activează acțiuni cu glisare pe cartonașul melodiei",
    "synced": "Sincronizat",
    "downloadingFormat": "Formatul fișierului de descărcat",
    "downFilesFound": "fișiere descărcate găsite",
    "clearImgCache": "Șterge imaginile salvate",
    "ignoreBatOptDes": "Dacă întâmpini probleme cu notificarea sau redarea este oprită de optimizarea sistemului, te rog activează această opțiune",
    "songInfo": "Info melodie",
    "ignoreBatOpt": "Ignoră optimizarea bateriei",
    "githubDes": "Vezi codul sursă în GitHub\ndacă îți place acest proiect, nu uita să ne dai o stea",
    "searchDes": "Melodii, Playlist, Album sau Artist",
    "clearImgCacheDes": "Apasă aici ca să ștergi miniaturile/imaginile. (Nu este recomandat doar daca vrei sa reîmprospătezi imaginiile)",
    "deleteDownloadedDataAlert": "Eliminate cu succes din descărcări!",
    "urlSearchDes": "Url detectat apasă pe el sa deschizi/redai conținutul asociat",
    "title": "Titlu",
    "cacheHomeScreenData": "Salvează conținutul ecranului acasă",
    "cacheHomeScreenDataDes": "Activează salvarea conținutului ecranului Acasă, ecranul Acasă se va încărca instant când această opțiune este activată",
    "scanning": "Se scanează...",
    "exportDowloadedFiles": "Exportă fișierele descărcate",
    "duration": "Durată",
    "misc": "Diverse",
    "viewAll": "Vezi tot",
    "cancelTimerAlert": "Cronometrul somn anulat",
    "sleepTimeSetAlert": "Cronometrul somn setat",
    "exportedFileLocation": "Locația fișierului descărcat",
    "exporting": "Se exportă...",
    "exportMsg": "Fișierele au fost exportate cu succes",
    "audioCodec": "Codec audio",
    "backgroundPlayDes": "Activează/Dezactivează redarea muzicii în fundal (Aplicația va putea fi accesată din tăvița de sistem când aplicația rulează în fundal)",
    "resetToDefaultMsg": "Restaurarea setărilor implicite este completă, te rog restartează aplicația",
    "cacheSongsDes": "Salvarea melodiilor în cache în timpul redării pentru redare viitoare/offline, va ocupa spațiu suplimentar pe dispozitiv",
    "searchRes": "Rezultatele căutării",
    "album": "Album",
    "playingfromAlbum": "SE REDĂ DIN ALBUM",
    "playingfromPlaylist": "SE REDĂ DIN PLAYLIST",
    "playingfromSelection": "SE REDĂ DIN SELECȚIE",
    "playingfromArtist": "SE REDĂ DE LA ARTIST",
    "randomSelection": "Selecție aleatoare",
    "randomRadio": "Radio aleatoriu",
    "autoOpenPlayer": "Deschide automat ecranul de redare",
    "autoOpenPlayerDes": "Activați/dezactivați deschiderea automată a ecranului complet al playerului la selectarea melodiei pentru redare",
    "skipSilenceDes": "Liniștea va fi omisă în timpul redării",
    "downloadingFormatDes": "Selectează formatul fișierului de descărcat. \"Opus\" va furniza cea mai înaltă calitate",
    "exportDowloadedFilesDes": "Apasă aici să exporți fișierele descărcate din directorul aplicației într-un director extern",
    "equalizer": "Egalizator",
    "equalizerDes": "Deschide egalizatorul de sistem",
    "clearImgCacheAlert": "Imaginile salvate au fost șterse cu succes",
    "resetToDefault": "Restaurează setările implicite",
    "resetToDefaultDes": "Resetează setările aplicației la cele implicite (Restart necesar)",
    "nomatch": "Nici o potrivire nu a fost găsită",
    "queueLoop": "Repetare coadă",
    "queueLoopNotDisMsg1": "Modul repetare coadă nu poate fi dezactivat atunci când modul aleatoriu este activat.",
    "queueLoopNotDisMsg2": "Modul repetare coadă nu poate fi activat în modul radio.",
    "customInsSelectMsg": "Selectează instanța personalizată",
    "playlistRemovedAlert": "Playlist-ul a fost eliminat!",
    "playlistBookmarkAddAlert": "Playlist adăugat la marcaje!",
    "albumBookmarkAddAlert": "Albumul a fost marcat.",
    "dismiss": "Omite",
    "operationFailed": "Operațiunea a eșuat",
    "customIns": "Instanță personalizată",
    "songAddedToPlaylistAlert": "Melodia a fost adăugată la playlist!",
    "albumBookmarkRemoveAlert": "Marcajul albumului a fost eliminat!",
    "lyricsNotAvailable": "Versuri indispensabile!",
    "Piped": "Piped",
    "plain": "Simplu",
    "songAlreadyOfflineAlert": "Melodia este deja salvată în cache",
    "backupAppData": "Arhivează datele aplicației",
    "backup": "Backup",
    "letsStrart": "Sa incepem..",
    "hintApiUrl": "API URL la instanța Piped",
    "closeApp": "Închideți aplicația",
    "blacklistPlstResetAlert": "Resetare cu succes!",
    "backFilesFound": "baze de date găsite",
    "unLink": "Deconectează",
    "link": "Conectează",
    "playlistBookmarkRemoveAlert": "Marcajul listei a fost eliminat!",
    "newVersionAvailable": "O nouă versiune este disponibilă!",
    "dontShowInfoAgain": "Nu mai arăta această informație",
    "notaSongVideo": "Nu este o Melodie/Videoclip!",
    "notaValidLink": "Nu este un link valid!",
    "local": "Local",
    "linkPipedDes": "Conectează cu Piped pentru liste",
    "reset": "Resetează",
    "stopMusicOnTaskClear": "Oprește redarea la ștergerea sarcinii",
    "resetblacklistedplaylist": "Resetează playlist-urile din lista neagră",
    "backupSettingsAndPlaylistsDes": "Salvează toate setările, listele de redare și datele de conectare într-un fișier de rezervă",
    "processFiles": "Se procesează fișiere...",
    "includeDownloadedFiles": "Includeți fișierele de melodii descărcate",
    "restoring": "Se restabilește...",
    "restore": "Restabilește",
    "playlistCreatedAlert": "Listă a fost creată!",
    "artistBookmarkAddAlert": "Artistul a fost marcat!",
    "artistBookmarkRemoveAlert": "Marcajul artistului a fost eliminat!",
    "allFieldsReqMsg": "Toate câmpurile obligatorii",
    "playlistCreatednsongAddedAlert": "Playlist-ul fost creat și melodia adăugată!",
    "linkAlert": "Conectat cu succes!",
    "unlinkAlert": "Deconectat cu succes!",
    "resetblacklistedplaylistDes": "Resetați toate playlist-urile incluse pe lista neagră",
    "pipedplstSyncAlert": "Piped playlist sincronizat!",
    "restoreSettingsAndPlaylistsDes": "Restabilește toate setările, datele de conectare și listele de redare dintr-un fișier de rezervă. Suprascrie toate datele curente",
    "backupMsg": "Backup salvat cu succes!",
    "bitrate": "Bitrate",
    "loudnessDb": "LoudnessDb",
    "androidBackupWarning": "Netestat: selectând caseta de selectare după descărcarea a peste 60 de fișiere, procesul poate consuma o cantitate mare de memorie și poate cauza blocarea telefonului sau a aplicației. Continuați pe risc propriu.",
    "restoreMsg": "Restaurat cu succes! \nModificările se aplică la repornire",
    "radioNotAvailable": "Radio nu este disponibil pentru acest artist!",
    "songEnqueueAlert": "Melodia este adăugată în coadă!",
    "selectAuthIns": "Selectează instanța Auth",
    "stopMusicOnTaskClearDes": "Redarea se va opri când aplicația este eliminată din managerul de aplicații",
    "songRemovedAlert": "Eliminată din",
    "errorOccuredAlert": "A apărut o eroare!",
    "playlistRenameAlert": "Redenumită cu succes!",
    "songRemovedfromQueueCurrSong": "Nu puteți elimina melodia care se redă în prezent",
    "songAlreadyExists": "Melodia există deja.",
    "songRemovedfromQueue": "Eliminat din playlist!",
    "syncedLyricsNotAvailable": "Versurile sincronizate indisponibile!",
    "artistDesNotAvailable": "Descrierea nu este disponibilă!",
    "goToDownloadPage": "Apasă aici să mergi la pagina de descărcare",
    "selectAuthInsMsg": "Selectează instanța de autentificare",
    "username": "Utilizator",
    "password": "Parolă",
    "backupInProgress": "Backup în curs...",
    "restartApp": "Reporniți aplicația",
    "playlistBlacklistAlert": "Playlist adăugat pe lista neagră!",
    "restoreAppData": "Restaurați datele aplicației",
    "id": "Id"
}
