{
    "home": "Домой",
    "songs": "Песни",
    "playlists": "Плейлисты",
    "albums": "Альбомы",
    "artists": "Исполнители",
    "settings": "Настройки",
    "libSongs": "Библиотека песен",
    "libPlaylists": "Библиотека плейлистов",
    "libAlbums": "Библиотека альбомов",
    "libArtists": "Библиотека исполнителей",
    "items": "объекты",
    "networkError1": "Упс, ошибка сети!",
    "retry": "Повторите попытку!",
    "noOfflineSong": "Нет оффлайн песен!",
    "recentlyPlayed": "Недавно проиграно",
    "favorites": "Избранное",
    "cachedOrOffline": "Кэшированные/Офлайн",
    "emptyPlaylist": "Пустой плейлист!",
    "enqueueAll": "Добавить всё в очередь",
    "renamePlaylist": "Переименовать плейлист",
    "removePlaylist": "Удалить плейлист",
    "CreateNewPlaylist": "Создать новый плейлист",
    "cancel": "Отмена",
    "create": "Создать",
    "createnAdd": "Создать и добавить",
    "noBookmarks": "Нет закладок!",
    "startRadio": "Запустить радио",
    "playNext": "Включить следующим",
    "addToPlaylist": "Добавить в плейлист",
    "noLibPlaylist": "У вас нет плейлиста библиотек!",
    "enqueueSong": "Добавить эту песню в очередь",
    "goToAlbum": "Перейти в альбом",
    "viewArtist": "Показать исполнителя",
    "shareSong": "Поделиться этой песней",
    "removeFromCache": "Удалить из кэша",
    "dynamic": "Динамический",
    "systemDefault": "По умолчанию системы",
    "dark": "Тёмный",
    "light": "Светлый",
    "quickPics": "Быстрый выбор",
    "discover": "Обнаружить",
    "trending": "В тренде",
    "topMusicVid": "Лучшие музыкальные клипы",
    "basedOnLast": "На основе последнего взаимодействия",
    "cacheSongs": "Кэш песен",
    "cacheSongsDes": "Кэширование песен во время игры на будущее / оффлайн воспроизведение, это займет дополнительное пространство на вашем устройстве",
    "skipSilence": "Пропускать тишину",
    "skipSilenceDes": "Тишина будет пропущена при воспроизведении музыки",
    "streamingQuality": "Потоковое качество",
    "streamingQualityDes": "Качество музыкального потока",
    "high": "Высокое",
    "low": "Низкое",
    "equalizer": "Эквалайзер",
    "equalizerDes": "Открыть системный эквалайзер",
    "ignoreBatOpt": "Игнорировать оптимизацию батареи",
    "ignoreBatOptDes": "Если вы столкнулись с проблемами уведомлений или воспроизведение остановлено оптимизацией системы, пожалуйста, включите эту опцию",
    "status": "Статус",
    "enabled": "Включено",
    "disabled": "Отключено",
    "github": "🎵 Посвящено особому человеку 🌟",
"githubDes": "Приложение RhyThm родилось в эмоциональный момент. Если бы ты тогда не расстроился, возможно, этого творения никогда бы не было.\n\nИногда самые неожиданные эмоции создают самые красивые вещи. 💫\n\nСпасибо, что был тихим вдохновением за всем этим. ❤️\n\nЕсли тебе нравится этот проект, не забудь поставить ⭐ на GitHub.",
    "by": "by",
    "search": "Поиск",
    "searchDes": "Песни, плейлист, альбом или исполнитель",
    "searchRes": "Результаты поиска",
    "for1": "для",
    "videos": "Видео",
    "viewAll": "Показать все",
    "results": "Результаты",
    "nomatch": "Совпадений не найдено",
    "subscribers": "подписчики",
    "about": "О",
    "radioNotAvailable": "Радио недоступно для этого исполнителя!",
    "songRemovedfromQueue": "Удалено из очереди!",
    "songRemovedfromQueueCurrSong": "Вы не можете удалить проигрываемую песню",
    "songAddedToPlaylistAlert": "Песня добавлена в плейлист!",
    "songAlreadyExists": "Песня уже существует!",
    "songEnqueueAlert": "Песня добавлена в очередь!",
    "errorOccuredAlert": "Произошла ошибка!",
    "playlistCreatedAlert": "Плейлист создан!",
    "playlistCreatednsongAddedAlert": "Плейлист создан и песня добавлена!",
    "playlistRenameAlert": "Переименовано успешно!",
    "playlistRemovedAlert": "Плейлист удален!",
    "playlistBookmarkAddAlert": "Плейлист добавлен в закладки!",
    "playlistBookmarkRemoveAlert": "Плейлист удален из закладок!",
    "albumBookmarkAddAlert": "Альбом в закладках!",
    "artistDesNotAvailable": "Описание недоступно!",
    "newVersionAvailable": "Доступна новая версия!",
    "dontShowInfoAgain": "Не показывать эту информацию снова",
    "dismiss": "Скрыть",
    "notaSongVideo": "Не является видео!",
    "albumBookmarkRemoveAlert": "Альбом удален из закладок!",
    "artistBookmarkAddAlert": "Исполнитель в закладках!",
    "artistBookmarkRemoveAlert": "Исполнитель удален из закладок!",
    "notaValidLink": "Некорректная ссылка!",
    "operationFailed": "Операция не удалась",
    "removeFromQueue": "Удалить из очереди",
    "themeMode": "Режим темы",
    "setDiscoverContent": "Настроить контент на вкладке открытий",
    "songRemovedAlert": "Удалено из",
    "lyricsNotAvailable": "Слова песни не доступны!",
    "linkPipedDes": "Связать с Piped для плейлистов",
    "linkAlert": "Успешно привязано!",
    "unlinkAlert": "Успешно отвязано!",
    "reset": "Сбросить",
    "resetblacklistedplaylistDes": "Сбросить все плейлисты Piped из черного списка",
    "goToDownloadPage": "Нажмите здесь, чтобы перейти на страницу загрузки",
    "local": "На устройстве",
    "link": "Привязать",
    "unLink": "Отвязать",
    "selectAuthIns": "Выберите сервер аутентификации",
    "username": "Имя пользователя",
    "password": "Пароль",
    "playlistBlacklistAlert": "Плейлист занесен в черный список!",
    "blacklistPlstResetAlert": "Сброс выполнен успешно!",
    "resetblacklistedplaylist": "Сбросить плейлисты из черного списка",
    "stopMusicOnTaskClear": "Остановить музыку после выполнения задач",
    "stopMusicOnTaskClearDes": "Воспроизведение музыки остановится, когда приложение будет удалено из диспетчера задач",
    "communityplaylists": "Плейлисты сообщества",
    "languageDes": "Язык приложения",
    "customInsSelectMsg": "Пожалуйста, выберите пользовательский сервер",
    "allFieldsReqMsg": "Все поля обязательны",
    "rename": "Переименовать",
    "selectAuthInsMsg": "Пожалуйста, выберите сервер аутентификации!",
    "customIns": "Пользовательский сервер",
    "Piped": "Piped",
    "topmusicvideos": "Лучшие музыкальные клипы",
    "singles": "Синглы",
    "language": "Язык",
    "hintApiUrl": "URL-адрес API сервера Piped",
    "removeFromPlaylist": "Удалить из плейлиста",
    "featuredplaylists": "Избранные плейлисты",
    "quickpicks": "Быстрый выбор",
    "downloads": "Загрузки",
    "removeFromLib": "Удалить из Библиотека Песни",
    "downloadingFormat": "Формат файла при скачивании",
    "songAlreadyOfflineAlert": "Песня уже офлайн в кэше",
    "downloadLocation": "Папка для загрузок",
    "downloadingFormatDes": "Выберите формат файла загрузки. «Opus» обеспечит лучшее качество",
    "sleepTimer": "Таймер сна",
    "synced": "Синхронизировано",
    "library": "Библиотека",
    "minutes": "минуты",
    "cancelTimerAlert": "Таймер сна отключен",
    "add5Minutes": "Добавить 5 минут",
    "reArrangePlaylist": "Упорядочить плейлист",
    "removeMultiple": "Убрать несколько песен",
    "addMultipleSongs": "Добавить песни в плейлист",
    "deleteDownloadData": "Удалить из скачанных",
    "enableBottomNav": "Панель навигации снизу",
    "plain": "Обычно",
    "disableTransitionAnimation": "Отключить анимацию перехода",
    "cancelTimer": "Отключить таймер",
    "disableTransitionAnimationDes": "Включите эту опцию, чтобы отключить анимацию перехода между вкладками",
    "homeContentCount": "Количество контента на главной странице",
    "homeContentCountDes": "Выберите примерное число изначального контента на главном экране. Меньше число - быстрее загрузка",
    "enableBottomNavDes": "Переключится на расположение навигационной панели снизу",
    "pipedplstSyncAlert": "Плейлист Piped синхронизирован!",
    "sleepTimeSetAlert": "Ваш таймер сна установлен",
    "syncedLyricsNotAvailable": "Синхронизированные слова песни недоступны!",
    "endOfThisSong": "Конец песни",
    "upNext": "Следующий",
    "restoreLastPlaybackSessionDes": "Автоматически восстанавливает последнюю сессию прослушивания при запуске приложения",
    "restoreLastPlaybackSession": "Восстановливать последнюю сессию прослушивания",
    "backgroundPlay": "Фоновое проигрывание музыки",
    "backgroundPlayDes": "Включает/отключает проигрывание музыки на заднем фоне (Когда приложение работает на заднем фоне, оно может быть вызвано из системного трея)",
    "clearImgCache": "Очистить кэш изображений",
    "cacheHomeScreenData": "Кэшировать контент с главной страницы",
    "cacheHomeScreenDataDes": "Включает кэширование контента с главного экрана, главный экран будет загружаться мгновенно, если эта опция включена",
    "deleteDownloadedDataAlert": "Успешно удалено из скачанных!",
    "exportDowloadedFiles": "Экспортировать скачанные файлы",
    "exportDowloadedFilesDes": "Нажмите сюда, чтобы экспортировать скачанные файлы из папки приложения во внешнюю папку",
    "exportedFileLocation": "Место экспортирования скачанных файлов",
    "export": "Экспортировать",
    "exporting": "Экспортирование...",
    "scanning": "Сканирование...",
    "downFilesFound": "скачанных файлов найдено",
    "close": "Закрыть",
    "exportMsg": "Файлы успешно экспортированы",
    "clearImgCacheAlert": "Кэш изображений успешно очищен",
    "clearImgCacheDes": "Нажмите здесь чтобы очистить кэшированные миниатюры/изображения. (Не рекомендуется, если только вы не хотите обновить кэшированные изображения)",
    "openIn": "Открыть в",
    "closeApp": "Закрыть приложение",
    "queueShufflingDeniedMsg": "Черга не може бути перемішана поки ввімкнено режим перемішування",
    "queuerearrangingDeniedMsg": "Очередь не может быть перемешана пока включен режим перемешивания",
    "networkError": "Ошибка сети! Проверьте подключение к сети.",
    "personalisation": "Персонализация",
    "downloadError3": "Ошибка скачивания из-за проблем с подключением! Попробуйте снова\nЗагрузка не удалась из-за ошибки сети/потока! Попробуйте еще раз",
    "songNotPlayable": "Песня не может быть включена из-за ограничений сервера!",
    "appInfo": "Справка",
    "download": "Скачать",
    "downloadError2": "Запрошенная песня не может быть скачана из-за ограничений сервера. Попробуйте снова",
    "music&Playback": "Музыка и Воспроизведение",
    "content": "Содержание",
    "loudnessNormalization": "Нормализация громкости",
    "loudnessNormalizationDes": "Устанавливает одинаковый уровень громкости на всех песнях (Экспериментально) (Не будет работать с песнями, скачанными на версии 1.10.0 и ниже)",
    "urlSearchDes": "Клик по Url открывает\\проигрывает контент",
    "bitrate": "Битрейт",
    "loudnessDb": "Громкость (Db)",
    "backupSettingsAndPlaylistsDes": "Сохраняет все настройки, плейлисты и логин в файл бэкапа",
    "androidBackupWarning": "Не проверено: при установке флажка после загрузки более 60 файлов процесс может занять большой объем памяти и привести к крашу телефона или приложения. Действуйте на свой страх и риск.",
    "restoreSettingsAndPlaylistsDes": "Восстановляет все настройки, логин, плейлисты из бэкапа. Стирает все текущие данные",
    "restoring": "Восстановляем...",
    "includeDownloadedFiles": "Включать загруженные песни",
    "songInfo": "Информация",
    "title": "Название",
    "restore": "Восстановить",
    "id": "Id",
    "duration": "Длина",
    "audioCodec": "Кодек",
    "backupInProgress": "Бэкап в процессе...",
    "restoreAppData": "Восстановить данные приложения",
    "restartApp": "Перезапустить",
    "backupMsg": "Бэкап успешно сохранён!",
    "backFilesFound": "база данных найдена",
    "restoreMsg": "Восстановлено успешно!\nИзменения войду в силу после перезапуска",
    "backupAppData": "Сделать бэкап приложения",
    "backup": "Бэкап",
    "letsStrart": "Давайте начнём...",
    "processFiles": "Обработка файлов...",
    "gesture": "Жест",
    "playerUi": "Интерфейс плеера",
    "playerUiDes": "Выберите интерфейс плеера",
    "standard": "Стандарт",
    "shuffleQueue": "Перемешать очередь",
    "queueLoopNotDisMsg2": "Режим цикла очереди не может быть включен в режиме радиосвязи.",
    "enableSlidableAction": "Включить скользящие действия",
    "autoDownFavSongDes": "Автоматически загружать избранные песни при добавлении в избранное",
    "playnextMsg": "Предстоящие",
    "autoDownFavSong": "Автоматическая загрузка любимых песен",
    "enableSlidableActionDes": "Включить скользящие действия на плитке песни",
    "queueLoop": "Цикл очереди",
    "queueLoopNotDisMsg1": "Режим цикла очереди нельзя отключить, если включен режим перемешивания.",
    "resetToDefaultMsg": "Сброс настроек до значений по умолчанию завершен. Пожалуйста, перезапустите приложение",
    "randomSelection": "Случайный выбор",
    "misc": "Разное",
    "resetToDefault": "Восстановить настройки по умолчанию",
    "resetToDefaultDes": "Сбросить настройки приложения по умолчанию (требуется перезагрузка)",
    "album": "Альбом",
    "playingfromAlbum": "Воспроизвести из альбома",
    "playingfromSelection": "Воспроизвести выбранное",
    "playingfromArtist": "Воспроизвести исполнителя",
    "randomRadio": "Случайное радио",
    "autoOpenPlayer": "Автоматически открывать экран проигрывателя",
    "autoOpenPlayerDes": "Включить/выключить автоматическое открытие плеера на весь экран при выборе песни для воспроизведения",
    "playingfromPlaylist": "Воспроизвести плейлист",
    "reArrangeSongs": "Переставить песни",
    "selectSongs": "Выбрать песни",
    "selectAll": "Выбрать всё",
    "exportPlaylist": "Экспортировать плейлист",
    "exportingPlaylist": "Экспортируем плейлист...",
    "playlistExportedMsg": "Плейлист успешно экспортирован в",
    "exportError": "Ошибка при экспорте плейлиста",
    "exportErrorStorage": "Недостаточно места для хранения",
    "importLargeFileNote": "Примечание: импорт больших плейлистов может занять больше времени",
    "importPlaylist": "Импортировать плейлист",
    "importError": "Ошибка при импорте списка воспроизведения",
    "invalidPlaylistFile": "Недопустимая структура файла плейлиста",
    "exportErrorPermission": "Разрешение отказано при экспорте",
    "exportErrorFormat": "Ошибка форматирования данных плейлиста",
    "importingPlaylist": "Импорт списка воспроизведения...",
    "importPlaylistDesc": "Выберите ранее экспортированный файл JSON с плейлистом для импорта",
    "selectFile": "Выбрать файл",
    "playlistImportedMsg": "Плейлист импортирован успешно",
    "importErrorFileAccess": "Не удалось получить доступ к выбранному файлу",
    "importErrorFormat": "Недопустимый формат файла",
    "importErrorDatabase": "Ошибка при сохранении в базе данных",
    "fileNotFound": "Файл не найден"
}
