{
    "nomatch": "Nenašla sa žiadna zhoda pre",
    "subscribers": "Odberatelia",
    "operationFailed": "Operácia zlyhala",
    "Piped": "Piped",
    "selectAuthInsMsg": "Vyberte autorizačnú inštanciu!",
    "library": "Knižnica",
    "libSongs": "Knižnica skladieb",
    "cancel": "Zrušiť",
    "create": "Vytvoriť",
    "enqueueSong": "Pridať skladbu do poradia",
    "goToAlbum": "Prejsť na album",
    "removeFromLib": "Odstrániť z knižnice skladieb",
    "sleepTimer": "Časovač spánku",
    "add5Minutes": "Pridať 5 minút",
    "cancelTimer": "Zrušiť časovač",
    "endOfThisSong": "Koniec tejto skladby",
    "themeMode": "Téma",
    "homeContentCount": "Počet položiek na domovskej obrazovke",
    "streamingQualityDes": "Kvalita hudobného streamu",
    "high": "Vysoká",
    "low": "Nízka",
    "downloadLocation": "Miesto sťahovania",
    "downloadingFormat": "Formát sťahovaného súboru",
    "ignoreBatOptDes": "Ak máte problémy s oznámeniami alebo sa prehrávanie zastavilo kvôli optimalizácii systému, povoľte túto možnosť",
    "disabled": "Vypnuté",
    "searchDes": "Skladby, playlist, album, interpreta",
    "for1": "pre",
    "enabled": "Zapnuté",
    "viewAll": "Zobraziť všetko",
    "videos": "Videá",
    "results": "Výsledky",
    "playlistCreatednsongAddedAlert": "Playlist vytvorený a skladba pridaná!",
    "playlistRenameAlert": "Premenované úspešne!",
    "lyricsNotAvailable": "Text nie je k dispozícii!",
    "home": "Domov",
    "songs": "Skladby",
    "playlists": "Playlisty",
    "albums": "Albumy",
    "artists": "Interpreti",
    "settings": "Nastavenia",
    "libPlaylists": "Knižnica playlistov",
    "libAlbums": "Knižnica albumov",
    "items": "položky",
    "networkError1": "Chyba siete!",
    "retry": "Skúste znova!",
    "noOfflineSong": "Žiadne skladby offline!",
    "emptyPlaylist": "Prázdny playlist!",
    "CreateNewPlaylist": "Vytvoriť nový playlist",
    "createnAdd": "Vytvoriť a pridať",
    "startRadio": "Spustiť rádio",
    "addToPlaylist": "Pridať do playlistu",
    "noLibPlaylist": "Nemáte žiadny playlist v knižnici!",
    "rename": "Premenovať",
    "reArrangePlaylist": "Preskupiť playlist",
    "removeMultiple": "Odstrániť viacero skladieb",
    "addMultipleSongs": "Pridať skladby do playlistu",
    "artistDesNotAvailable": "Popis nie je k dispozícii!",
    "allFieldsReqMsg": "Všetky polia sú povinné",
    "restoreLastPlaybackSession": "Obnoviť poslednú reláciu prehrávania",
    "openIn": "Otvoriť v",
    "dynamic": "Dynamická",
    "systemDefault": "Systémová",
    "removeFromQueue": "Odstrániť z poradia",
    "dark": "Tmavá",
    "light": "Svetlá",
    "languageDes": "Nastavte jazyk aplikácie",
    "quickpicks": "Rýchle výbery",
    "trending": "Trendy",
    "topmusicvideos": "Najlepšie hudobné videá",
    "enableBottomNav": "Dolný navigačný panel",
    "enableBottomNavDes": "Prepnúť na dolný navigačný panel",
    "basedOnLast": "Na základe poslednej interakcie",
    "skipSilenceDes": "Pri prehrávaní hudby sa vynechá ticho",
    "streamingQuality": "Kvalita streamu",
    "disableTransitionAnimationDes": "Zapnutím tejto možnosti zakážete prechodovú animáciu na karte",
    "backgroundPlay": "Prehrávať hudbu na pozadí",
    "cacheHomeScreenData": "Údaje obsahu domovskej obrazovky v medzipamäti",
    "downloadingFormatDes": "Vyberte formát sťahovaného súboru. \"Opus\" poskytne najlepšiu kvalitu",
    "exportDowloadedFiles": "Exportovať stiahnuté súbory",
    "exportDowloadedFilesDes": "Kliknite sem pre export stiahnutého súboru z adresára aplikácie do externého adresára",
    "exportedFileLocation": "Umiestnenie exportu stiahnutého súboru",
    "export": "Exportovať",
    "exporting": "Exportovanie...",
    "downFilesFound": "stiahnuté súbory nájdené",
    "close": "Zavrieť",
    "exportMsg": "Súbory boli úspešne exportované",
    "clearImgCacheAlert": "Medzipamäť obrázkov úspešne vymazaná",
    "searchRes": "Výsledky vyhľadávania",
    "about": "O aplikácii",
    "synced": "Synchronizovaný",
    "cancelTimerAlert": "Časovač spánku zrušený",
    "songRemovedfromQueueCurrSong": "Aktuálne prehrávanú skladbu nemožno odstrániť",
    "radioNotAvailable": "Rádio pre tohto interpreta nie je k dispozícii!",
    "sleepTimeSetAlert": "Časovač spánku je nastavený",
    "pipedplstSyncAlert": "Piped playlist synchronizovaný!",
    "songRemovedAlert": "Odstránené z",
    "songEnqueueAlert": "Skladba zaradená!",
    "songAlreadyExists": "Skladba už existuje!",
    "songAddedToPlaylistAlert": "Skladba pridaná do playlistu!",
    "albumBookmarkAddAlert": "Album v záložkách!",
    "playlistBookmarkAddAlert": "Playlist v záložkách!",
    "playlistRemovedAlert": "Playlist odstránený!",
    "playlistCreatedAlert": "Playlist vytvorený!",
    "selectAuthIns": "Vybrať autorizačnú inštanciu",
    "newVersionAvailable": "K dispozícii je nová verzia!",
    "artistBookmarkAddAlert": "Interpret v záložkách!",
    "albumBookmarkRemoveAlert": "Záložka albumu odstránená!",
    "reset": "Resetovať",
    "password": "Heslo",
    "username": "Používateľské meno",
    "resetblacklistedplaylist": "Resetovať playlisty z čiernej listiny",
    "blacklistPlstResetAlert": "Resetovanie úspešné!",
    "noBookmarks": "Žiadne záložky!",
    "viewArtist": "Zobraziť interpreta",
    "status": "Stav",
    "songAlreadyOfflineAlert": "Skladba je už offline v medzipamäti",
    "github": "GitHub",
    "by": "od",
    "notaValidLink": "Neplatný odkaz!",
    "artistBookmarkRemoveAlert": "Záložka interpreta odstránená!",
    "singles": "Single",
    "libArtists": "Knižnica interpretov",
    "communityplaylists": "Komunitné playlisty",
    "recentlyPlayed": "Hrané naposledy",
    "removePlaylist": "Odstrániť playlist",
    "renamePlaylist": "Premenovať playlist",
    "shareSong": "Zdieľať túto skladbu",
    "removeFromPlaylist": "Odstrániť z playlistu",
    "minutes": "minút",
    "language": "Jazyk",
    "restoreLastPlaybackSessionDes": "Automaticky obnoví poslednú reláciu prehrávania pri spustení aplikácie",
    "featuredplaylists": "Odporúčané playlisty",
    "favorites": "Obľúbené",
    "cachedOrOffline": "Uložené v medzipamäti/offline",
    "playlistBlacklistAlert": "Playlist na čiernej listine!",
    "homeContentCountDes": "Vyberte si počet zobrazených položiek na domovskej obrazovke. Menší počet, rýchlejšie načítanie",
    "cacheSongs": "Skladby medzipamäte",
    "cacheSongsDes": "Ukladá skladby do medzipamäte počas prehrávania pre budúce/offline prehrávanie, zaberie dodatočné miesto v zariadení",
    "skipSilence": "Vynechať ticho",
    "backgroundPlayDes": "Zapnite/vypnite prehrávania hudby na pozadí (aplikácia je prístupná zo systémovej lišty, keď je spustená na pozadí)",
    "scanning": "Skenovanie...",
    "equalizer": "Ekvalizér",
    "equalizerDes": "Otvorte systémový ekvalizér",
    "clearImgCache": "Vymazať medzipamäť obrázkov",
    "clearImgCacheDes": "Pre vymazanie miniatúr/obrázkov z medzipamäte kliknite sem. (Neodporúča sa, ak nechcete obnoviť údaje o obrázkoch v medzipamäti)",
    "ignoreBatOpt": "Ignorovať optimalizáciu batérie",
    "search": "Hľadať",
    "github": "🎵 Venované niekomu špeciálnemu 🌟",
"githubDes": "Aplikácia RhyThm vznikla z emotívneho momentu. Keby si vtedy nebol nahnevaný, táto tvorba by možno nikdy neexistovala.\n\nNiekedy vedú tie najneočakávanejšie emócie k tým najkrajším veciam. 💫\n\nĎakujem, že si bol tichou inšpiráciou za tým všetkým. ❤️\n\nAk sa ti tento projekt páči, nezabudni mu dať ⭐ na GitHub.",
    "playlistBookmarkRemoveAlert": "Záložka playlistu odstránená!",
    "enqueueAll": "Pridať všetko do poradia",
    "setDiscoverContent": "Nastaviť obsah domovskej obrazovky",
    "songRemovedfromQueue": "Odstránené z poradia!",
    "syncedLyricsNotAvailable": "Synchronizovaný text nie je k dispozícii!",
    "notaSongVideo": "Nie je to skladba/hudobné video!",
    "dontShowInfoAgain": "Nezobrazovať tieto informácie znova",
    "customIns": "Vlastná inštancia",
    "hintApiUrl": "URL API na inštanciu Piped",
    "resetblacklistedplaylistDes": "Resetuje všetky playlisty Piped na čiernej listine",
    "stopMusicOnTaskClear": "Zastaviť hudbu",
    "errorOccuredAlert": "Vyskytla sa chyba!",
    "link": "Prepojiť",
    "customInsSelectMsg": "Vyberte vlastnú inštanciu",
    "restore": "Obnoviť",
    "closeApp": "Zavrieť aplikáciu",
    "restoring": "Obnovovanie...",
    "restoreMsg": "Úspešne obnovené!\nZmeny sa aplikujú pri reštarte",
    "backFilesFound": "databázy nájdené",
    "backupMsg": "Záloha úspešne uložená!",
    "restoreSettingsAndPlaylistsDes": "Obnoví všetky nastavenia, prihlasovacie údaje a playlisty zo záložného súboru. Prepíše všetky aktuálne údaje",
    "restoreSettingsAndPlaylists": "Obnoviť nastavenia a playlisty",
    "backupSettingsAndPlaylistsDes": "Uloží všetky nastavenia, playlisty a prihlasovacie údaje do záložného súboru",
    "backupSettingsAndPlaylists": "Zálohovať nastavenia a playlisty",
    "cacheHomeScreenDataDes": "Zapnite ukladanie údajov obsahu domovskej obrazovky do medzipamäte, Ak je táto možnosť povolená, domovská obrazovka sa načíta okamžite",
    "stopMusicOnTaskClearDes": "Prehrávanie hudby sa zastaví, keď sa aplikácia odstráni preč zo správcu úloh",
    "disableTransitionAnimation": "Vypnúť prechodovú animáciu",
    "deleteDownloadData": "Odstrániť zo stiahnutých",
    "local": "Lokálny",
    "goToDownloadPage": "Ak chcete prejsť na stránku sťahovania, kliknite sem",
    "unlinkAlert": "Odpojené úspešne!",
    "downloads": "Stiahnuté",
    "upNext": "Nasledujúce",
    "discover": "Doporučené",
    "plain": "Obyčajný",
    "deleteDownloadedDataAlert": "Úspešne odstránené zo stiahnutých!",
    "linkPipedDes": "Prepojte s Piped pre playlisty",
    "playNext": "Prehrať ďalej",
    "unLink": "Odpojiť",
    "linkAlert": "Prepojené úspešne!",
    "dismiss": "Odmietnuť",
    "processFiles": "Spracovanie súborov...",
    "includeDownloadedFiles": "Zahrnúť stiahnuté skladby",
    "backupInProgress": "Prebieha zálohovanie...",
    "restoreAppData": "Obnoviť dáta aplikácie",
    "backup": "Zálohovať",
    "backupAppData": "Zálohovať dáta aplikácie",
    "letsStrart": "Začíname...",
    "audioCodec": "Audio kodek",
    "duration": "Dĺžka",
    "title": "Názov",
    "id": "ID",
    "songInfo": "Informácie o skladbe",
    "bitrate": "Bitrate",
    "loudnessDb": "Hlasitosť (Db)",
    "restartApp": "Reštartovať aplikáciu",
    "downloadError2": "Požadovanú skladbu nie je možné stiahnuť z dôvodu obmedzenia servera. Môžete to skúsiť znova",
    "download": "Stiahnuť",
    "downloadError3": "Sťahovanie zlyhalo z dôvodu chyby siete/streamu! Skúste to prosím znova",
    "content": "Obsah",
    "personalisation": "Prispôsobenie",
    "music&Playback": "Hudba a prehrávanie",
    "loudnessNormalization": "Normalizácia hlasitosti",
    "queueShufflingDeniedMsg": "Keď je zapnutý režim náhodného výberu, poradie nie je možné premiešať",
    "queuerearrangingDeniedMsg": "Keď je zapnutý režim premiešania, poradie nie je možné meniť",
    "songNotPlayable": "Skladbu nie je možné prehrať z dôvodu obmedzenia servera!",
    "appInfo": "Informácie o aplikácii",
    "networkError": "Chyba siete! Skontrolujte pripojenie k internetu.",
    "loudnessNormalizationDes": "Nastaví rovnakú úroveň hlasitosti pre všetky skladby (Experimentálne) (Nebude fungovať na skladbách stiahnutých v predchádzajúcej verzii(< v1.10.0))",
    "urlSearchDes": "Zistená URL adresa Kliknutím na ňu otvoríte/prehráte súvisiaci obsah",
    "androidBackupWarning": "Netestované: Po zaškrtnutí políčka po stiahnutí viac ako 60 súborov môže proces spotrebovať veľké množstvo pamäte a môže spôsobiť pád telefónu alebo aplikácie. Pokračujte na vlastné riziko.",
    "playerUi": "Rozhranie prehrávača",
    "standard": "Štandard",
    "gesture": "Gestá",
    "playerUiDes": "Vybrať používateľské rozhranie prehrávača",
    "enableSlidableAction": "Povoliť akcie gestami",
    "playnextMsg": "Nasleduje",
    "shuffleQueue": "Premiešať",
    "queueLoop": "Opakovať",
    "queueLoopNotDisMsg1": "Režim opakovania nie je možné vypnúť, keď je zapnutý režim premiešania.",
    "queueLoopNotDisMsg2": "V režime rádio nie je možné zapnúť opakovanie.",
    "enableSlidableActionDes": "Povoliť akcie gestami pri skladbe",
    "autoDownFavSong": "Automaticky sťahovať obľúbené skladby",
    "autoDownFavSongDes": "Po pridaní do obľúbených položiek automaticky stiahne obľúbené skladby",
    "resetToDefaultMsg": "Obnovenie predvolených nastavení je dokončené, reštartujte aplikáciu",
    "misc": "Rôzne",
    "resetToDefault": "Obnoviť predvolené nastavenia",
    "resetToDefaultDes": "Obnoviť predvolené nastavenia aplikácie (vyžaduje sa reštart)",
    "album": "Album",
    "playingfromPlaylist": "Prehrávanie z playlistu",
    "playingfromSelection": "Prehrávanie z výberu",
    "randomSelection": "Náhodný výber",
    "randomRadio": "Náhodné rádio",
    "autoOpenPlayer": "Automaticky otvoriť obrazovku prehrávača",
    "autoOpenPlayerDes": "Zapne/vypne automatické otvorenie prehrávača na celú obrazovku pri výbere skladby na prehrávanie",
    "playingfromArtist": "Prehrávanie od umelca",
    "playingfromAlbum": "Prehrávanie z albumu",
    "reArrangeSongs": "Zmeniť usporiadanie skladieb",
    "selectSongs": "Vybrať skladby",
    "selectAll": "Vybrať všetko",
    "playlistExportedMsg": "Playlist úspešne exportovaný do",
    "importPlaylistDesc": "Výber predtým exportovaného súboru JSON s playlistom na import",
    "exportPlaylist": "Exportovať playlist",
    "exportingPlaylist": "Exportovanie playlistu...",
    "exportError": "Chyba pri exportovaní playlistu",
    "exportErrorPermission": "Povolenie zamietnuté počas exportovania",
    "exportErrorStorage": "Nedostatok úložného miesta",
    "exportErrorFormat": "Chyba formátovania dát playlistu",
    "importPlaylist": "Importovať playlist",
    "importingPlaylist": "Importovanie playlistu...",
    "selectFile": "Vybrať súbor",
    "playlistImportedMsg": "Playlist úspešne importovaný",
    "importError": "Chyba pri importovaní playlistu",
    "importErrorFileAccess": "Nebolo možné získať prístup k vybranému súboru",
    "importErrorFormat": "Nesprávny formát súboru",
    "invalidPlaylistFile": "Nesprávna štruktúra súboru playlistu",
    "importErrorDatabase": "Chyba pri ukladaní do databázy",
    "fileNotFound": "Súbor nenájdený",
    "importLargeFileNote": "Poznámka: Import veľkých playlistov môže trvať dlhšie"
}
