{
    "playlistCreatednsongAddedAlert": "Плејлиста је направљена и песма је додата!",
    "dismiss": "Одбаци",
    "goToDownloadPage": "Кликните овде да бисте отишли на страницу за преузимање",
    "songEnqueueAlert": "Песма у редоследу!",
    "renamePlaylist": "Преименуј плејлисту",
    "songAddedToPlaylistAlert": "Песма је додата на плејлисту!",
    "unlinkAlert": "Веза је успешно прекинута!",
    "playlistCreatedAlert": "Плејлиста је направљена!",
    "reset": "Ресетуј",
    "unLink": "Прекид везе",
    "trending": "У тренду",
    "searchRes": "Резултати претраге",
    "cacheSongsDes": "Кеширање песама током пуштања за будућу/офлајн репродукцију ће заузети додатни меморијски простор на вашем уређају",
    "password": "Лозинка",
    "noLibPlaylist": "Немате ниједну збирку плејлиста!",
    "setDiscoverContent": "Подешавања садржаја за откривање",
    "networkError1": "Упс, мрежна грешка!",
    "songRemovedfromQueue": "Уклоњено из редоследа!",
    "libSongs": "Збирка песама",
    "github": "🎵 Посвећено неком посебном 🌟",
"githubDes": "RhyThm апликација настала је из емоционалног тренутка. Да ниси био љут тада, ова креација можда никада не би постојала.\n\nПонекад најнеочекиваније емоције стварају најлепше ствари. 💫\n\nХвала што си био тиха инспирација иза свега овога. ❤️\n\nАко ти се свиђа овај пројекат, не заборави да оставиш ⭐ на GitHub-у.",
    "communityplaylists": "Плејлисте заједнице",
    "playlistRemovedAlert": "Плејлиста је уклоњена!",
    "libAlbums": "Збирка албума",
    "albumBookmarkRemoveAlert": "Обележивач албума је уклоњен!",
    "notaSongVideo": "Није песма/музички спот!",
    "ignoreBatOptDes": "Ако се суочавате са проблемима са обавештењима или је репродукција заустављена због оптимизације система, омогућите ову опцију",
    "for1": "за",
    "low": "Ниско",
    "link": "Веза",
    "selectAuthIns": "Избор инстанце аутентификације",
    "languageDes": "Подесите језик апликације",
    "stopMusicOnTaskClear": "Заустави музику при чишћењу задатака",
    "enqueueAll": "Стави све у редослед",
    "customInsSelectMsg": "Изаберите „Прилагођена инстанца“",
    "skipSilence": "Прескочи тишину",
    "create": "Направи",
    "equalizer": "Еквилајзер",
    "enqueueSong": "Стави ову песму у редослед",
    "noBookmarks": "Нема обележивача!",
    "playlists": "Плејлисте",
    "videos": "Видео снимци",
    "enabled": "Омогућено",
    "allFieldsReqMsg": "Неопходна су сва поља",
    "artistBookmarkAddAlert": "Извођач је обележен!",
    "removeFromCache": "Уклони из кеша",
    "rename": "Преименуј",
    "viewAll": "Погледај све",
    "github": "GitHub",
    "newVersionAvailable": "Нова верзија доступна!",
    "items": "предмета",
    "subscribers": "праћења",
    "startRadio": "Покрени радио",
    "discover": "Откриј",
    "cacheSongs": "Кеширај песме",
    "songAlreadyExists": "Песма већ постоји!",
    "libArtists": "Збирка извођача",
    "username": "Корисничко име",
    "light": "Светла",
    "resetblacklistedplaylist": "Ресетуј плејлисте на црној листи",
    "dynamic": "Динамичка",
    "selectAuthInsMsg": "Изаберите инстанцу аутентификације!",
    "equalizerDes": "Отворите системски еквилајзер",
    "removePlaylist": "Уклони плејлисту",
    "customIns": "Прилагођена инстанца",
    "Piped": "Piped",
    "addToPlaylist": "Додај на плејлисту",
    "stopMusicOnTaskClearDes": "Репродукција музике ће се зауставити када се апликација уклони из менаџера задатака",
    "cachedOrOffline": "Кеширано/Офлајн",
    "retry": "Покушајте поново!",
    "artists": "Извођачи",
    "playlistBookmarkAddAlert": "Плејлиста је обележена!",
    "albums": "Албуми",
    "radioNotAvailable": "Радио није доступан за овог извођача!",
    "recentlyPlayed": "Недавно пуштано",
    "viewArtist": "Погледај извођача",
    "createnAdd": "Направи и додај",
    "topmusicvideos": "Топ музички спотови",
    "about": "О нама",
    "playlistBookmarkRemoveAlert": "Обележивач плејлисте је уклоњен!",
    "systemDefault": "Системски подразумевано",
    "local": "Локално",
    "ignoreBatOpt": "Занемари оптимизацију батерије",
    "singles": "Синглови",
    "linkAlert": "Успешно повезано!",
    "status": "Статус",
    "themeMode": "Тема",
    "streamingQualityDes": "Квалитет музичког стрима",
    "nomatch": "Није пронађено подударање за",
    "notaValidLink": "Није важећи линк!",
    "emptyPlaylist": "Празна плејлиста!",
    "favorites": "Омиљено",
    "dark": "Тамна",
    "home": "Почетна",
    "cancel": "Откажи",
    "by": "од",
    "streamingQuality": "Квалитет стримовања",
    "linkPipedDes": "Веза са Piped-ом за плејлисте",
    "libPlaylists": "Збирка плејлиста",
    "disabled": "Онемогућено",
    "CreateNewPlaylist": "Направи нову плејлисту",
    "blacklistPlstResetAlert": "Успешно ресетовано!",
    "language": "Језик",
    "search": "Претрага",
    "skipSilenceDes": "Тишина ће бити прескочена током пуштања музике",
    "playNext": "Пусти следеће",
    "errorOccuredAlert": "Дошло је до грешке!",
    "songs": "Песме",
    "high": "Високо",
    "searchDes": "Песме, плејлиста, албум или извођач",
    "results": "Резултати",
    "playlistBlacklistAlert": "Плејлиста на црној листи!",
    "artistDesNotAvailable": "Опис није доступан!",
    "resetblacklistedplaylistDes": "Ресетујте све плејлисте на црној листи",
    "songRemovedfromQueueCurrSong": "Не можете уклонити песму која је тренутно пуштена",
    "settings": "Подешавања",
    "basedOnLast": "Засновано на последњој интеракцији",
    "hintApiUrl": "URL API-ја до Piped инстанце",
    "playlistRenameAlert": "Преименовано је успешно!",
    "albumBookmarkAddAlert": "Албум је обележен!",
    "removeFromPlaylist": "Уклони са плејлисте",
    "lyricsNotAvailable": "Текст није доступан!",
    "dontShowInfoAgain": "Не приказуј поново ове информације",
    "noOfflineSong": "Нема офлајн песама!",
    "featuredplaylists": "Истакнуте плејлисте",
    "quickpicks": "Брзи избори",
    "artistBookmarkRemoveAlert": "Обележивач извођача је уклоњен!",
    "operationFailed": "Операција неуспела",
    "goToAlbum": "Иди на албум",
    "removeFromQueue": "Уклони из редоследа",
    "shareSong": "Дели ову песму",
    "songRemovedAlert": "Уклоњено из",
    "downloads": "Преузимања",
    "removeFromLib": "Уклони из збирке песама",
    "downloadingFormat": "Формат фајла за преузимање",
    "songAlreadyOfflineAlert": "Песма је већ офлајн у кешу",
    "downloadLocation": "Локација преузимања",
    "downloadingFormatDes": "Изаберите формат фајла за преузимање. „Opus“ ће обезбедити најбољи квалитет",
    "add5Minutes": "Додај 5 минута",
    "enableBottomNavDes": "Пребаците се на доњу траку за навигацију",
    "syncedLyricsNotAvailable": "Синхронизовани текстови нису доступни!",
    "synced": "Синхронизовано",
    "plain": "Обично",
    "endOfThisSong": "Крај ове песме",
    "library": "Збирка",
    "cancelTimer": "Откажи тајмер",
    "minutes": "минута",
    "enableBottomNav": "Доња трака за навигацију",
    "homeContentCount": "Број почетног садржаја",
    "sleepTimeSetAlert": "Ваш тајмер за спавање је постављен",
    "homeContentCountDes": "Изаберите број иницијалног садржаја почетног екрана (приближно). Мање резултата - брже учитавање",
    "cancelTimerAlert": "Тајмер за спавање је отказан",
    "sleepTimer": "Тајмер за спавање",
    "pipedplstSyncAlert": "Piped плејлиста је синхронизована!",
    "clearImgCache": "Очисти кеш слика",
    "clearImgCacheDes": "Кликните овде да бисте обрисали кеширане сличице/слике. (Не препоручује се осим ако не желите да освежите кеширане податке о сликама)",
    "upNext": "Следеће",
    "backgroundPlay": "Пуштање музике у позадини",
    "backgroundPlayDes": "Омогућите/онемогућите пуштање музике у позадини (апликацији се може приступити из системске траке када апликација ради у позадини)",
    "deleteDownloadData": "Уклони из преузимања",
    "deleteDownloadedDataAlert": "Успешно уклоњено из преузимања!",
    "addMultipleSongs": "Додај песме на плејлисту",
    "restoreLastPlaybackSession": "Врати последњу сесију репродукције",
    "restoreLastPlaybackSessionDes": "Аутоматско враћање последње сесије репродукције при покретању апликације",
    "reArrangePlaylist": "Преуреди плејлисту",
    "removeMultiple": "Уклони више песама",
    "cacheHomeScreenData": "Кеширај податке о садржају почетног екрана",
    "exportedFileLocation": "Локација за извоз преузетог фајла",
    "export": "Извези",
    "exporting": "Извоз…",
    "scanning": "Скенирање…",
    "downFilesFound": "пронађени преузети фајлови",
    "close": "Затвори",
    "clearImgCacheAlert": "Кеш слика је успешно очишћен",
    "cacheHomeScreenDataDes": "Омогућите кеширање података садржаја почетног екрана. Почетни екран ће се одмах учитати ако је ова опција омогућена",
    "exportDowloadedFiles": "Извези преузете фајлове",
    "exportDowloadedFilesDes": "Кликните овде да бисте извезли преузети фајл из „inApp“ фолдера у спољни фолдер",
    "exportMsg": "Фајлови су успешно извезени",
    "disableTransitionAnimation": "Онемогући прелазну анимацију",
    "disableTransitionAnimationDes": "Омогућите ову опцију да бисте онемогућили анимацију прелаза картице",
    "openIn": "Отвори у",
    "backupMsg": "Резервна копија је успешно сачувана!",
    "backFilesFound": "база података пронађено",
    "restoreMsg": "Успешно враћено!\nПромене се примењују при рестарту",
    "restore": "Врати",
    "backupSettingsAndPlaylistsDes": "Чува сва подешавања, плејлисте и податке за пријаву у фајл резервне копије",
    "backupSettingsAndPlaylists": "Направи резервну копију подешавања и плејлисти",
    "restoreSettingsAndPlaylistsDes": "Враћа сва подешавања, податке за пријаву и плејлисте из фајла резервне копије. Преписује све тренутне податке",
    "restoreSettingsAndPlaylists": "Врати резервну копију подешавања и плејлисти",
    "restoring": "Враћање…",
    "closeApp": "Затвори апликацију",
    "backupAppData": "Резервна копија података апликације",
    "backup": "Резервна копија",
    "processFiles": "Обрада фајлова…",
    "restoreAppData": "Врати податке апликације",
    "letsStrart": "Хајде да почнемо…",
    "includeDownloadedFiles": "Обухвати преузете фајлове песама",
    "backupInProgress": "Прављење резервне копије је у току…",
    "restartApp": "Рестартуј апликацију",
    "songInfo": "Информације о песми",
    "title": "Наслов",
    "id": "ID",
    "duration": "Трајање",
    "audioCodec": "Аудио кодек",
    "loudnessDb": "ГласноћаDb",
    "bitrate": "Брзина преноса",
    "songNotPlayable": "Песма се не може пустити због ограничења сервера!",
    "appInfo": "Информације о апликацији",
    "download": "Преузми",
    "downloadError2": "Затражена песма се не може преузети због ограничења сервера. Можете покушати поново",
    "music&Playback": "Музика и репродукција",
    "content": "Садржај",
    "personalisation": "Персонализација",
    "queueShufflingDeniedMsg": "Редослед се не може насумично мењати када је омогућен режим насумичне репродукције",
    "networkError": "Мрежна грешка! Проверите своју интернет везу.",
    "queuerearrangingDeniedMsg": "Редослед се не може преуредити када је омогућен режим насумичне репродукције",
    "downloadError3": "Преузимање није успело због грешке на мрежи/стриму! Покушајте поново",
    "loudnessNormalization": "Нормализација гласноће",
    "loudnessNormalizationDes": "Поставља исти ниво гласноће за све песме (експериментално) (Неће радити на песмама преузетим у претходној верзији (< v1.10.0))",
    "urlSearchDes": "Откривена URL адреса, додирните на њу да бисте отворили/пустили повезани садржај",
    "androidBackupWarning": "Није тестирано: Означавањем поља за потврду након преузимања више од 60 фајлова, процес може заузети велику количину меморије и може довести до отказивања телефона или апликације. Наставите на сопствену одговорност.",
    "playerUi": "Кориснички интерфејс плејера",
    "playerUiDes": "Изаберите кориснички интерфејс плејера",
    "standard": "Стандардан",
    "gesture": "Покрет",
    "playnextMsg": "Следи",
    "queueLoop": "Понављање у редоследу",
    "queueLoopNotDisMsg2": "Режим понављања у редоследу не може се омогућити у режиму радија.",
    "shuffleQueue": "Мешање у редоследу",
    "enableSlidableAction": "Омогући клизне радње",
    "enableSlidableActionDes": "Омогућите клизне радње на плочици песме",
    "queueLoopNotDisMsg1": "Режим понављања у редоследу се не може онемогућити када је омогућен режим мешања.",
    "autoDownFavSong": "Аутоматско преузимање омиљених песама",
    "autoDownFavSongDes": "Аутоматско преузимање омиљених песама када се додају у омиљене",
    "misc": "Разно",
    "resetToDefault": "Врати подразумевана подешавања",
    "resetToDefaultDes": "Ресетујте подешавања апликације на подразумевана (неопходно је рестартовање)",
    "resetToDefaultMsg": "Ресетовање подешавања на подразумевано је завршено, рестартујте апликацију",
    "randomSelection": "Насумичан избор",
    "autoOpenPlayer": "Аутоматски отвори екран плејера",
    "autoOpenPlayerDes": "Омогућите/онемогућите аутоматско отварање плејера преко целог екрана при избору песме за пуштање",
    "album": "Албум",
    "playingfromAlbum": "ПУШТАЊЕ ИЗ АЛБУМА",
    "playingfromPlaylist": "ПУШТАЊЕ С ПЛЕЈЛИСТЕ",
    "playingfromSelection": "ПУШТАЊЕ ИЗ ИЗБОРА",
    "playingfromArtist": "ПУШТАЊЕ ОД ИЗВОЂАЧА",
    "randomRadio": "Насумичан радио",
    "reArrangeSongs": "Преуреди песме",
    "selectSongs": "Изабери песме",
    "selectAll": "Изабери све",
    "exportPlaylist": "Извот плејлисте",
    "exportingPlaylist": "Извоз плејлисте...",
    "playlistExportedMsg": "Плејлиста је успешно извезена у",
    "exportError": "Грешка при извозу плејлисте",
    "exportErrorPermission": "Дозвола одбијена приликом извоза",
    "exportErrorStorage": "Нема довољно меморијског простора",
    "exportErrorFormat": "Грешка у форматирању података плејлисте",
    "importingPlaylist": "Увоз плејлисте...",
    "selectFile": "Избор фајла",
    "playlistImportedMsg": "Плејлиста је успешно увезена",
    "importError": "Грешка при увозу плејлисте",
    "invalidPlaylistFile": "Неважећа структура фајла плејлисте",
    "importErrorDatabase": "Грешка при чувању у базу података",
    "fileNotFound": "Фајл није пронађен",
    "importLargeFileNote": "Напомена: Увоз великих плејлиста може трајати дуже",
    "importPlaylist": "Увоз плејлисте",
    "importErrorFileAccess": "Није могуће приступити изабраном фајлу",
    "importPlaylistDesc": "Изаберите претходно извезен JSON фајл плејлисте за увоз",
    "importErrorFormat": "Неважећи формат фајла"
}
