{
    "settings": "Inställningar",
    "library": "Bibliotek",
    "libSongs": "Låtar i Bibliotek",
    "libAlbums": "Album i Bibliotek",
    "libArtists": "Artister i Bibliotek",
    "featuredplaylists": "Utvalda Spellistor",
    "items": "föremål",
    "retry": "Försök igen!",
    "emptyPlaylist": "Tom Spellista!",
    "noBookmarks": "Inga bokmärken!",
    "startRadio": "Starta radio",
    "addToPlaylist": "Lägg till i spellista",
    "enqueueSong": "Lägg till i kön",
    "goToAlbum": "Gå till album",
    "viewArtist": "Visa Artist",
    "shareSong": "Dela låt",
    "removeFromPlaylist": "Ta bort från spellista",
    "upNext": "Nästa",
    "sleepTimer": "Sovtimer",
    "add5Minutes": "Lägg till 5 minuter",
    "cancelTimer": "Avbryt timer",
    "dynamic": "Dynamiskt",
    "systemDefault": "Systemstandard",
    "languageDes": "Byt språk",
    "quickpicks": "Snabbval",
    "discover": "Upptäck",
    "trending": "Trendar nu",
    "restoreLastPlaybackSession": "Återställ den senaste sessionen",
    "skipSilenceDes": "Tystnad hoppas över vid musikuppspelning",
    "high": "Hög",
    "low": "Låg",
    "backgroundPlay": "Uppspelning i bakgrunden",
    "exportDowloadedFiles": "Exportera nedladdade filer",
    "export": "Exportera",
    "scanning": "Söker...",
    "close": "Stäng",
    "exportMsg": "Filer har exporterats",
    "equalizer": "Equalizer",
    "equalizerDes": "Öppna systemequalizer",
    "clearImgCacheAlert": "Bild-cachen rensades",
    "ignoreBatOpt": "Ignorera batterioptimering",
    "github": "GitHub",
    "by": "av",
    "search": "Sök",
    "for1": "för",
    "videos": "Videoklipp",
    "about": "Om",
    "synced": "Synkad",
    "deleteDownloadedDataAlert": "Borttagen från nedladdningar!",
    "cancelTimerAlert": "Sovtimer avbruten",
    "sleepTimeSetAlert": "Sovtimer inställd",
    "radioNotAvailable": "Radio inte tillgänglig för denna artist!",
    "songRemovedfromQueue": "Borttagen från kö!",
    "songRemovedfromQueueCurrSong": "Du kan inte ta bort den låt som spelas för närvarande",
    "songAddedToPlaylistAlert": "Låten har lagts till i spellistan!",
    "songAlreadyExists": "Låten finns redan!",
    "songEnqueueAlert": "Låt köad!",
    "songRemovedAlert": "Borttagen från",
    "errorOccuredAlert": "Ett fel uppstod!",
    "pipedplstSyncAlert": "Piped spellista synkroniserad!",
    "playlistCreatedAlert": "Spellista skapad!",
    "playlistCreatednsongAddedAlert": "Spellista skapad & låt tillagd!",
    "playlistRenameAlert": "Namnbyte lyckades!",
    "artistBookmarkRemoveAlert": "Artist borttagen från bibliotek!",
    "artistBookmarkAddAlert": "Artist tillagd i bibliotek!",
    "albumBookmarkRemoveAlert": "Album borttagen från bibliotek!",
    "albumBookmarkAddAlert": "Album tillaggd i bibliotek!",
    "playlistBookmarkRemoveAlert": "Spellista borttagen från bibliotek!",
    "lyricsNotAvailable": "Låttexten är inte tillgänglig!",
    "syncedLyricsNotAvailable": "Synkroniserad låttext är inte tillgänglig!",
    "newVersionAvailable": "Ny version tillgänglig!",
    "dontShowInfoAgain": "Visa inte denna information igen",
    "dismiss": "Avfärda",
    "notaSongVideo": "Inte en låt/musikvideo!",
    "notaValidLink": "Ogiltig länk!",
    "operationFailed": "Operationen misslyckades",
    "Piped": "Piped",
    "link": "Länka",
    "unLink": "Avlänka",
    "hintApiUrl": "API-URL till Piped-instans",
    "customIns": "Egen instans",
    "customInsSelectMsg": "Välj egen instans",
    "selectAuthInsMsg": "Vänligen välj autentiseringsinstans!",
    "allFieldsReqMsg": "Alla fält krävs",
    "linkPipedDes": "Länka med piped för spellistor",
    "linkAlert": "Länkades framgångsrikt!",
    "resetblacklistedplaylist": "Återställ svartlistade spellistor",
    "resetblacklistedplaylistDes": "Återställ alla svartlistade piped-spellistor",
    "home": "Hem",
    "songs": "Låtar",
    "playlists": "Spellistor",
    "albums": "Album",
    "singles": "Singlar",
    "artists": "Artister",
    "libPlaylists": "Spellistor i Bibliotek",
    "communityplaylists": "Communityspellistor",
    "networkError1": "Nätverksfel!",
    "noOfflineSong": "Inga offlinelåtar!",
    "recentlyPlayed": "Senast Spelat",
    "favorites": "Favoriter",
    "cachedOrOffline": "Cached/Offline",
    "downloads": "Nedladdat",
    "enqueueAll": "Köa alla",
    "renamePlaylist": "Byt namn på Spellista",
    "removePlaylist": "Ta bort Spellista",
    "CreateNewPlaylist": "Skapa Spellista",
    "reArrangePlaylist": "Ordna om i Spellistan",
    "removeMultiple": "Ta bort flera låtar",
    "addMultipleSongs": "Lägg till låtar i Spellista",
    "cancel": "Avbryt",
    "createnAdd": "Skapa & lägg till",
    "create": "Skapa",
    "minutes": "minuter",
    "themeMode": "Tema",
    "language": "Språk",
    "rename": "Döp om",
    "removeFromQueue": "Ta bort från kö",
    "deleteDownloadData": "Ta bort från nedladdningar",
    "dark": "Mörkt",
    "playNext": "Spela nästa",
    "removeFromLib": "Ta bort låt från bibliotek",
    "light": "Ljust",
    "noLibPlaylist": "Inga spellistor i biblioteket!",
    "setDiscoverContent": "Innehåll som ska visas på Hem",
    "basedOnLast": "Baserat på senaste sessionen",
    "homeContentCountDes": "Välj mängden innehåll som ska visas på startsidan (Ungefärligt). Mindre innehåll resulterar i snabbare laddning",
    "skipSilence": "Hoppa över tystnad",
    "streamingQuality": "Streamingkvalitet",
    "topmusicvideos": "Populära musikvideor",
    "enableBottomNav": "Flytta navigeringsfältet till botten",
    "restoreLastPlaybackSessionDes": "Återställ den senaste uppspelningssessionen automatiskt vid appstart",
    "streamingQualityDes": "Kvalitet på streamad musik",
    "disableTransitionAnimation": "Inaktivera övergångsanimeringar",
    "disableTransitionAnimationDes": "Inaktivera övergångsanimeringar vid flikbyte",
    "homeContentCount": "Mängd innehåll på startsidan",
    "backgroundPlayDes": "Aktivera/inaktivera bakgrundsuppspelning (Appen kan nås från statusfältet när appen körs i bakgrunden)",
    "enableBottomNavDes": "Flytta navigeringsfältet till botten av skärmen",
    "downloadingFormat": "Nedladdningsformat",
    "downloadingFormatDes": "Välj filformat på nedladdad musik. \"Opus\" ger bäst kvalitet",
    "clearImgCacheDes": "Klicka här för att rensa cachade miniatyrer/bilder. (Rekommenderas inte om du inte vill uppdatera cachad bilddata)",
    "ignoreBatOptDes": "Om du stöter på aviseringsproblem eller att uppspelningen stoppas p.g.a systemoptimering, aktivera det här alternativet",
    "status": "Status",
    "enabled": "Aktiverad",
    "exportDowloadedFilesDes": "Klicka här för att exportera nedladdade filer från app-biblioteket till extern mapp",
    "disabled": "Inaktiverad",
    "exportedFileLocation": "Välj plats för nedladdade filer",
    "exporting": "Exporterar...",
    "downFilesFound": "nedladdade filer hittades",
    "clearImgCache": "Rensa bild-cache",
    "github": "🎵 Dedikerad till någon speciell 🌟",
"githubDes": "RhyThm-appen föddes ur ett känslosamt ögonblick. Om du inte hade blivit arg då, skulle denna skapelse kanske aldrig funnits.\n\nIbland leder de mest oväntade känslorna till de vackraste sakerna. 💫\n\nTack för att du varit den tysta inspirationen bakom allt detta. ❤️\n\nOm du gillar detta projekt, glöm inte att ge en ⭐ på GitHub.",
    "searchDes": "Låtar, Spellista, Album eller Artist",
    "searchRes": "Sökresultat",
    "viewAll": "Visa allt",
    "results": "Resultat",
    "nomatch": "Inget resultat hittades för",
    "subscribers": "följare",
    "songAlreadyOfflineAlert": "Låten är redan offline i cachen",
    "playlistRemovedAlert": "Spellista borttagen!",
    "playlistBookmarkAddAlert": "Spellista tillaggd i bibliotek!",
    "artistDesNotAvailable": "Beskrivning ej tillgänglig!",
    "username": "Användarnamn",
    "password": "Lösenord",
    "playlistBlacklistAlert": "Spellistan svartlistad!",
    "reset": "Återställ",
    "blacklistPlstResetAlert": "Återställning lyckades!",
    "goToDownloadPage": "Klicka här för att gå till nedladdningssidan"
}
