{
    "CreateNewPlaylist": "புதிய பட்டியலை உருவாக்கு",
    "home": "முகப்பு",
    "playlists": "இசைப்பட்டியல்",
    "libAlbums": "இசை தொகுப்பு செருகேடுகள்",
    "communityplaylists": "சமூக இசைப்பட்டியல்கள்",
    "featuredplaylists": "முதன்மை பட்டியல்",
    "rename": "மறுபெயரிடு",
    "singles": "ஒற்றைபாடல்கள்",
    "downloads": "பதிவிறக்கங்கள்",
    "library": "இசைத் தொகுப்பு",
    "reArrangePlaylist": "பட்டியலை மறுசீரமைக்கவும்",
    "removeMultiple": "பல பாடல்களை நீக்கு",
    "addMultipleSongs": "பட்டியலுக்கு பாடல்களைச் சேர்க்கவும்",
    "artists": "கலைஞர்கள்",
    "emptyPlaylist": "வெறுமையான பட்டியல்!",
    "cancel": "ரத்து செய்",
    "enqueueAll": "எல்லாவற்றையும் வரிசைப்படுத்து",
    "networkError1": "இணைய இணைப்பு பிழை!",
    "songs": "பாடல்கள்",
    "albums": "செருகேடு",
    "settings": "அமைப்புகள்",
    "libSongs": "இசை தொகுப்பு பாடல்கள்",
    "retry": "மறுபடியும் முயற்சி செய்!",
    "noOfflineSong": "ஆஃப்லைன் பாடல்கள் இல்லை!",
    "recentlyPlayed": "சமீபத்தில் இசைத்தது",
    "favorites": "விருப்பமானவை",
    "cachedOrOffline": "தற்காலிக சேமிப்பு/ஆஃப்லைன்",
    "renamePlaylist": "பட்டியலை மறுபெயரிடு",
    "removePlaylist": "பட்டியலை நீக்கு",
    "create": "உருவாக்கு",
    "createnAdd": "உருவாக்கி சேர்க்க",
    "noBookmarks": "எந்த குறிப்புகளும் இல்லை!",
    "startRadio": "ரேடியோ தொடங்கு",
    "playNext": "அடுத்து இசைக்க",
    "libPlaylists": "இசை தொகுப்பு பட்டியல்கள்",
    "libArtists": "இசை தொகுப்பு கலைஞர்கள்",
    "skipSilence": "ம .னத்தைத் தவிர்க்கவும்",
    "exporting": "ஏற்றுமதி ...",
    "github": "கிரப்",
    "items": "உருப்படிகள்",
    "cancelTimer": "டைமரை ரத்துசெய்",
    "errorOccuredAlert": "சில பிழை ஏற்பட்டது!",
    "synced": "ஒத்திசைக்கப்பட்டது",
    "cancelTimerAlert": "ச்லீப் நேரங்குறிகருவி ரத்து செய்யப்பட்டது",
    "newVersionAvailable": "புதிய பதிப்பு கிடைக்கிறது!",
    "export": "ஏற்றுமதி",
    "songEnqueueAlert": "பாடல் enqueud!",
    "hintApiUrl": "குழாய் உதாரத்திற்கு பநிஇ முகவரி",
    "sleepTimer": "தூக்க நேரங்குறிகருவி",
    "add5Minutes": "5 நிமிடங்கள் சேர்க்கவும்",
    "setDiscoverContent": "டிச்கவர் உள்ளடக்கத்தை அமைக்கவும்",
    "trending": "டிரெண்டிங்",
    "cacheSongsDes": "எதிர்கால/ஆஃப்லைன் பின்னணியில் விளையாடும்போது பாடல்களை தேக்கப்படுத்துதல், இது உங்கள் சாதனத்தில் கூடுதல் இடத்தை எடுக்கும்",
    "backgroundPlayDes": "பின்னணியில் இசையை இயக்கவும்/முடக்கவும் (பயன்பாடு பின்னணியில் இயங்கும்போது கணினி தட்டில் இருந்து பயன்பாட்டை அணுகலாம்)",
    "radioNotAvailable": "இந்த கலைஞருக்கு வானொலி கிடைக்கவில்லை!",
    "username": "பயனர்பெயர்",
    "playerUi": "பிளேயர் இடைமுகம்",
    "standard": "தரநிலை",
    "low": "குறைந்த",
    "githubDes": "அறிவிலிமையம் மூலக் குறியீட்டைக் காண்க\n இந்த திட்டத்தை நீங்கள் விரும்பினால், கொடுக்க மறக்காதீர்கள்",
    "viewArtist": "கலைஞரைக் காண்க",
    "removeFromQueue": "வரிசையிலிருந்து அகற்று",
    "subscribers": "சந்தாதாரர்கள்",
    "about": "பற்றி",
    "artistDesNotAvailable": "விளக்கம் கிடைக்கவில்லை!",
    "exportDowloadedFiles": "பதிவிறக்கம் செய்யப்பட்ட கோப்புகளை ஏற்றுமதி செய்யுங்கள்",
    "Piped": "குழாய்",
    "minutes": "நிமிடங்கள்",
    "selectAuthInsMsg": "அங்கீகார நிகழ்வைத் தேர்ந்தெடுக்கவும்!",
    "dismiss": "தள்ளுபடி",
    "high": "உயர்ந்த",
    "download": "பதிவிறக்கம்",
    "languageDes": "பயன்பாட்டு மொழியை அமைக்கவும்",
    "streamingQuality": "ச்ட்ரீமிங் தகுதி",
    "downloadingFormat": "கோப்பு வடிவமைப்பைப் பதிவிறக்குகிறது",
    "cacheHomeScreenData": "முகப்பு திரை உள்ளடக்க தரவு கேச்",
    "exportedFileLocation": "பதிவிறக்கம் செய்யப்பட்ட கோப்பு ஏற்றுமதி இடம்",
    "downFilesFound": "பதிவிறக்கம் செய்யப்பட்ட கோப்புகள் கிடைத்தன",
    "audioCodec": "ஆடியோ கோடெக்",
    "bitrate": "பிட்ரேட்",
    "exportMsg": "கோப்புகள் வெற்றிகரமாக ஏற்றுமதி செய்யப்பட்டன",
    "language": "மொழி",
    "close": "மூடு",
    "id": "ஐடி",
    "restoring": "மீட்டமைத்தல் ...",
    "backup": "காப்புப்பிரதி",
    "themeMode": "கருப்பொருள் பயன்முறை",
    "dynamic": "மாறும்",
    "search": "தேடல்",
    "searchRes": "தேடல் முடிவுகள்",
    "for1": "க்கு",
    "songAlreadyExists": "பாடல் ஏற்கனவே உள்ளது!",
    "songRemovedfromQueueCurrSong": "தற்போது வாசிக்கும் பாடலை நீங்கள் அகற்ற முடியாது",
    "playlistCreatednsongAddedAlert": "பிளேலிச்ட் உருவாக்கப்பட்டது மற்றும் பாடல் சேர்க்கப்பட்டது!",
    "removeFromPlaylist": "பிளேலிச்ட்டிலிருந்து அகற்று",
    "endOfThisSong": "இந்த பாடலின் முடிவு",
    "deleteDownloadData": "பதிவிறக்கங்களிலிருந்து அகற்று",
    "restoreLastPlaybackSession": "கடைசி பின்னணி அமர்வை மீட்டமைக்கவும்",
    "upNext": "அடுத்து",
    "openIn": "திறந்த",
    "queueShufflingDeniedMsg": "கலக்கு பயன்முறை இயக்கப்பட்டால் வரிசையை மாற்ற முடியாது",
    "queuerearrangingDeniedMsg": "கலக்கு பயன்முறை இயக்கப்பட்டால் வரிசையை மறுசீரமைக்க முடியாது",
    "systemDefault": "கணினி இயல்புநிலை",
    "notaSongVideo": "ஒரு பாடல்/இசை-வீடியோ அல்ல!",
    "quickpicks": "விரைவான தேர்வுகள்",
    "topmusicvideos": "சிறந்த இசை வீடியோக்கள்",
    "clearImgCacheAlert": "படங்கள் கேச் வெற்றிகரமாக அழிக்கப்பட்டது",
    "addToPlaylist": "பிளேலிச்ட்டில் சேர்க்கவும்",
    "noLibPlaylist": "உங்களிடம் லிப் பிளேலிச்ட் இல்லை!",
    "goToAlbum": "ஆல்பத்திற்குச் செல்லுங்கள்",
    "shareSong": "இந்த பாடலைப் பகிரவும்",
    "removeFromLib": "நூலக பாடல்களிலிருந்து அகற்று",
    "downloadError2": "சேவையக கட்டுப்பாடு காரணமாக கோரப்பட்ட பாடல் பதிவிறக்கம் செய்யப்படாது. நீங்கள் மீண்டும் முயற்சி செய்யலாம்",
    "downloadError3": "பிணையம் பிழை காரணமாக பதிவிறக்கம் தோல்வியுற்றது! மீண்டும் முயற்சிக்கவும்",
    "music&Playback": "இசை & பின்னணி",
    "appInfo": "பயன்பாட்டு செய்தி",
    "networkError": "பிணைய பிழை! உங்கள் பிணைய இணைப்பை சரிபார்க்கவும்.",
    "link": "இணைப்பு",
    "skipSilenceDes": "மியூசிக் பிளேபேக்கில் ம silence னம் தவிர்க்கப்படும்",
    "enqueueSong": "இந்த பாடலை enqueue",
    "results": "முடிவுகள்",
    "backupInProgress": "காப்புப்பிரதி முன்னேற்றம் ...",
    "notaValidLink": "சரியான இணைப்பு அல்ல!",
    "resetblacklistedplaylistDes": "குழாய் பட்டியலிடப்பட்ட பிளேலிச்ட்கள் அனைத்தையும் மீட்டமைக்கவும்",
    "backgroundPlay": "பின்னணி இசை நாடகம்",
    "clearImgCache": "அழி படங்கள் தற்காலிக சேமிப்பு",
    "ignoreBatOpt": "பேட்டரி தேர்வுமுறை புறக்கணிக்கவும்",
    "albumBookmarkRemoveAlert": "ஆல்பம் புக்மார்க்கு அகற்றப்பட்டது!",
    "lyricsNotAvailable": "வரிகள் கிடைக்கவில்லை!",
    "syncedLyricsNotAvailable": "ஒத்திசைக்கப்பட்ட பாடல் கிடைக்கவில்லை!",
    "closeApp": "பயன்பாட்டை மூடு",
    "restartApp": "பயன்பாட்டை மறுதொடக்கம் செய்யுங்கள்",
    "backFilesFound": "தரவுத்தளங்கள் காணப்பட்டன",
    "backupSettingsAndPlaylistsDes": "காப்புப்பிரதி கோப்பில் அனைத்து அமைப்புகள், பிளேலிச்ட்கள் மற்றும் உள்நுழைவு தரவை சேமிக்கிறது",
    "restoreSettingsAndPlaylistsDes": "காப்புப்பிரதி கோப்பிலிருந்து அனைத்து அமைப்புகளையும், உள்நுழைவு தரவு மற்றும் பிளேலிச்ட்களை மீட்டமைக்கிறது. தற்போதைய எல்லா தரவையும் மேலெழுதும்",
    "backupMsg": "காப்புப்பிரதி வெற்றிகரமாக சேமிக்கப்பட்டது!",
    "playlistBlacklistAlert": "பிளேலிச்ட் தடுப்புப்பட்டியல்!",
    "songNotPlayable": "சேவையக கட்டுப்பாடு காரணமாக பாடல் இயக்கப்படவில்லை!",
    "autoDownFavSong": "தானாக பதிவிறக்கம் பிடித்த பாடல்கள்",
    "autoDownFavSongDes": "பிடித்தவைகளில் சேர்க்கும்போது தானாகவே பிடித்த பாடல்களை பதிவிறக்கவும்",
    "content": "உள்ளடக்கம்",
    "personalisation": "தனிப்பயனாக்கம்",
    "dark": "இருண்ட",
    "light": "ஒளி",
    "playerUiDes": "பிளேயர் பயனர் இடைமுகத்தைத் தேர்ந்தெடுக்கவும்",
    "gesture": "சைகை",
    "discover": "கண்டுபிடி",
    "basedOnLast": "கடைசி தொடர்புகளின் அடிப்படையில்",
    "restoreLastPlaybackSessionDes": "பயன்பாட்டு தொடக்கத்தில் கடைசி பிளேபேக் அமர்வை தானாக மீட்டெடுக",
    "homeContentCount": "வீட்டு உள்ளடக்க எண்ணிக்கை",
    "homeContentCountDes": "ஆரம்ப ஓம்ச்கிரீன்-உள்ளடக்கத்தின் எண்ணிக்கையைத் தேர்ந்தெடுக்கவும் (தோராயமாக). குறைந்த முடிவுகள் வேகமாக ஏற்றுதல்",
    "cacheSongs": "கேச் பாடல்கள்",
    "enableBottomNav": "கீழே உள்ள வழிசெலுத்தல் பட்டி",
    "enableBottomNavDes": "கீழ் வழிசெலுத்தல் பட்டியில் மாறவும்",
    "streamingQualityDes": "இசை ச்ட்ரீமின் தகுதி",
    "disableTransitionAnimation": "மாற்றம் அனிமேசனை முடக்கு",
    "disableTransitionAnimationDes": "தாவல் மாற்றம் அனிமேசனை முடக்க இந்த விருப்பத்தை இயக்கவும்",
    "downloadLocation": "இருப்பிடத்தைப் பதிவிறக்கவும்",
    "downloadingFormatDes": "கோப்பு வடிவமைப்பைப் பதிவிறக்குவதைத் தேர்ந்தெடுக்கவும். \"ஓபச்\" சிறந்த தரத்தை வழங்கும்",
    "exportDowloadedFilesDes": "பதிவிறக்கம் செய்யப்பட்ட கோப்பை inapp அடைவு இலிருந்து வெளிப்புற அடைவு க்கு ஏற்றுமதி செய்ய இங்கே சொடுக்கு செய்க",
    "scanning": "ச்கேனிங் ...",
    "equalizer": "சமநிலைப்படுத்தி",
    "equalizerDes": "திறந்த கணினி சமநிலைப்படுத்தி",
    "ignoreBatOptDes": "கணினி உகப்பாக்கம் மூலம் நீங்கள் அறிவிப்பு சிக்கல்கள் அல்லது பிளேபேக் நிறுத்தப்பட்டால், தயவுசெய்து இந்த விருப்பத்தை இயக்கவும்",
    "status": "நிலை",
    "clearImgCacheDes": "தற்காலிக சேமிப்பு சிறு உருவங்கள்/படங்களை அழிக்க இங்கே சொடுக்கு செய்க. (தற்காலிக சேமிப்பு படங்களை புதுப்பிக்க விரும்பினால் தவிர பரிந்துரைக்கப்படவில்லை)",
    "enabled": "இயக்கப்பட்டது",
    "disabled": "முடக்கப்பட்டது",
    "by": "மூலம்",
    "urlSearchDes": "தொடர்புடைய உள்ளடக்கத்தைத் திறக்க/விளையாட முகவரி கண்டறியப்பட்டதைக் சொடுக்கு செய்க",
    "searchDes": "பாடல்கள், பிளேலிச்ட், ஆல்பம் அல்லது கலைஞர்",
    "videos": "வீடியோக்கள்",
    "plain": "வெற்று",
    "songRemovedfromQueue": "வரிசையிலிருந்து அகற்றப்பட்டது!",
    "playlistRenameAlert": "வெற்றிகரமாக மறுபெயரிடப்பட்டது!",
    "artistBookmarkAddAlert": "கலைஞர் புக்மார்க்கு!",
    "artistBookmarkRemoveAlert": "கலைஞர் புக்மார்க்கு நீக்கப்பட்டது!",
    "dontShowInfoAgain": "இந்த தகவலை மீண்டும் காட்ட வேண்டாம்",
    "linkPipedDes": "பிளேலிச்ட்களுக்கான குழாய் மூலம் இணைப்பு",
    "password": "கடவுச்சொல்",
    "linkAlert": "வெற்றிகரமாக இணைக்கப்பட்டுள்ளது!",
    "unlinkAlert": "வெற்றிகரமாக இணைக்கப்படவில்லை!",
    "reset": "மீட்டமை",
    "blacklistPlstResetAlert": "வெற்றிகரமாக மீட்டமைக்கவும்!",
    "resetblacklistedplaylist": "தடுப்புப்பட்டியல் பிளேலிச்ட்களை மீட்டமைக்கவும்",
    "stopMusicOnTaskClear": "பணியில் இசையை நிறுத்துங்கள்",
    "stopMusicOnTaskClearDes": "பணி மேலாளரிடமிருந்து பயன்பாடு ச்வைப் செய்யப்படும்போது மியூசிக் பிளேபேக் நின்றுவிடும்",
    "backupAppData": "காப்புப்பிரதி பயன்பாட்டு தரவு",
    "letsStrart": "ஆரம்பிக்கலாம் ..",
    "restore": "மீட்டெடு",
    "playnextMsg": "வரவிருக்கும்",
    "shuffleQueue": "கலக்கு வரிசை",
    "queueLoop": "வரிசை வளையம்",
    "queueLoopNotDisMsg1": "கலக்கு பயன்முறை இயக்கப்பட்டால் வரிசை லூப் பயன்முறையை முடக்க முடியாது.",
    "queueLoopNotDisMsg2": "ரேடியோ பயன்முறையில் வரிசை லூப் பயன்முறையை இயக்க முடியாது.",
    "loudnessNormalization": "உரத்த இயல்பாக்கம்",
    "loudnessNormalizationDes": "எல்லா பாடல்களுக்கும் ஒரே அளவிலான சத்தத்தை அமைக்கிறது (சோதனை) (முந்தைய பதிப்பில் பதிவிறக்கம் செய்யப்பட்ட பாடல்களில் (<v1.10.0) வேலை செய்யாது)",
    "enableSlidableAction": "மந்தமான செயல்களை இயக்கவும்",
    "enableSlidableActionDes": "பாடல் ஓடு மீது மந்தமான செயல்களை இயக்கவும்",
    "cacheHomeScreenDataDes": "முகப்புத் திரை உள்ளடக்கத் தரவை கேச்சிங் செய்யுங்கள், இந்த விருப்பம் இயக்கப்பட்டிருந்தால் முகப்புத் திரை உடனடியாக ஏற்றப்படும்",
    "viewAll": "அனைத்தையும் காண்க",
    "nomatch": "எந்த போட்டியும் கிடைக்கவில்லை",
    "songInfo": "பாடல் செய்தி",
    "title": "தலைப்பு",
    "duration": "காலம்",
    "loudnessDb": "Olownessdb",
    "deleteDownloadedDataAlert": "பதிவிறக்கங்களிலிருந்து வெற்றிகரமாக அகற்றப்பட்டது!",
    "sleepTimeSetAlert": "உங்கள் தூக்க நேரங்குறிகருவி அமைக்கப்பட்டுள்ளது",
    "songAddedToPlaylistAlert": "பிளேலிச்ட்டில் பாடல் சேர்க்கப்பட்டது!",
    "songAlreadyOfflineAlert": "கேச்சில் ஏற்கனவே ஆஃப்லைனில் பாடல்",
    "songRemovedAlert": "இருந்து அகற்றப்பட்டது",
    "pipedplstSyncAlert": "குழாய் பிளேலிச்ட் ஒத்திசைக்கப்பட்டது!",
    "playlistCreatedAlert": "பிளேலிச்ட் உருவாக்கப்பட்டது!",
    "playlistRemovedAlert": "பிளேலிச்ட் அகற்றப்பட்டது!",
    "playlistBookmarkAddAlert": "பிளேலிச்ட் புக்மார்க்கு செய்யப்பட்டது!",
    "playlistBookmarkRemoveAlert": "பிளேலிச்ட் புக்மார்க்கு அகற்றப்பட்டது!",
    "albumBookmarkAddAlert": "ஆல்பம் புக்மார்க்கு செய்யப்பட்டது!",
    "operationFailed": "செயல்பாடு தோல்வியடைந்தது",
    "goToDownloadPage": "பதிவிறக்க பக்கத்திற்குச் செல்ல இங்கே சொடுக்கு செய்க",
    "local": "உள்ளக",
    "unLink": "இணைக்கவும்",
    "androidBackupWarning": "சோதிக்கப்படவில்லை: தேர்வுப்பெட்டியைத் தேர்ந்தெடுப்பது 60 க்கும் மேற்பட்ட கோப்புகளைப் பதிவிறக்கிய பிறகு, செயல்முறை அதிக அளவு நினைவகத்தை உட்கொள்ளக்கூடும், மேலும் தொலைபேசி அல்லது பயன்பாடு செயலிழக்கக்கூடும். உங்கள் சொந்த ஆபத்தில் தொடரவும்.",
    "processFiles": "செயலாக்க கோப்புகளை ...",
    "includeDownloadedFiles": "பதிவிறக்கம் செய்யப்பட்ட பாடல்கள் கோப்புகளைச் சேர்க்கவும்",
    "restoreAppData": "பயன்பாட்டு தரவை மீட்டமைக்கவும்",
    "restoreMsg": "வெற்றிகரமாக மீட்டெடுக்கப்பட்டது!\n மறுதொடக்கத்தில் மாற்றங்கள் பயன்படுத்தப்படுகின்றன",
    "customIns": "தனிப்பயன் நிகழ்வு",
    "customInsSelectMsg": "தனிப்பயன் நிகழ்வைத் தேர்ந்தெடுக்கவும்",
    "allFieldsReqMsg": "தேவையான அனைத்து புலங்களும்",
    "selectAuthIns": "அங்கீகார நிகழ்வைத் தேர்ந்தெடுக்கவும்",
    "album": "தொகுப்பு",
    "misc": "மற்றவை",
    "resetToDefault": "இயல்புநிலை அமைப்புகளை மீட்டமைக்கவும்",
    "playingfromAlbum": "ஆல்பத்தில் இருந்து ஒலிக்கிறது",
    "playingfromSelection": "தேர்விலிருந்து விளையாடும்",
    "playingfromArtist": "கலைஞரிடமிருந்து இசைக்கிறது",
    "randomSelection": "சீரற்ற தேர்வு",
    "autoOpenPlayer": "தானாக திறந்த பிளேயர் திரை",
    "playingfromPlaylist": "பிளேலிஸ்ட்டில் இருந்து விளையாடுகிறது",
    "randomRadio": "சீரற்ற வானொலி",
    "resetToDefaultMsg": "செயலியை மீட்டமைக்கும் வினை முடிந்தது, தயவு செய்து செயலியை மீண்டும் மறுதொடக்கம் செய்யவும்",
    "resetToDefaultDes": "செயலியை மீட்டமைக்க (ஒருமுறை செயலியை மறுதொடக்கம் செய்ய வேண்டும்)",
    "autoOpenPlayerDes": "பாடல் தேர்ந்தெடுக்கும் போது பாடல் இயலி தானாக முழு திரையில் திறக்க அ மூடிக்கொள்ளும் செயல்திறன்"
}
