{
    "selectSongs": "సెలెక్ట్ సాంగ్స్",
    "openIn": "ఓపెన్ ఇన్",
    "randomRadio": "రాండమ్ రేడియో",
    "playnextMsg": "యూజ్డ్ ఎస్=> ఉప్కమింగ్ {సాంగ్ నమే}",
    "home": "హోమ్",
    "retry": "రిట్రీ!",
    "removeMultiple": "రిమూవ్ మల్టిపుల్ సాంగ్స్",
    "reArrangeSongs": "రీఅరేంజ్ సాంగ్స్",
    "selectAll": "సెలెక్ట్ అల్",
    "communityplaylists": "సంఘం ప్లైలిస్ట్స్",
    "randomSelection": "రాండమ్ సెలక్షన్",
    "shuffleQueue": "శుఫెల్ క్యూ",
    "renamePlaylist": "రేణమే ప్లైలిస్ట్",
    "libAlbums": "లైబ్రరీ ఆల్బమ్స్",
    "viewArtist": "వియూ ఆర్టిస్ట్",
    "reArrangePlaylist": "రిఅరేంజ్ ప్లేయిలిస్ట్",
    "playNext": "ప్లేయ్ నెక్ట్",
    "library": "లైబ్రరీ",
    "playlists": "ప్లేలిస్ట్స్",
    "albums": "ఆల్బమ్స్",
    "artists": "ఆర్టిస్ట్స్",
    "libSongs": "లైబ్రరీ సాంగ్స్",
    "settings": "సెట్టింగ్స్",
    "libPlaylists": "లైబ్రరీ ప్లెలిస్ట్స్",
    "libArtists": "లైబ్రరీ ఆర్టిస్ట్స్",
    "items": "ఐటమ్స్",
    "networkError1": "ఊపస్ నెట్వర్క్ ఎర్రర్!",
    "recentlyPlayed": "రీసెంట్లీ ప్లేయడ్",
    "enqueueAll": "ఎంక్యూ అల్",
    "removePlaylist": "రిమూవ్ ప్లెయిలిస్ట్",
    "CreateNewPlaylist": "క్రియేట్ న్యూ ప్లెయిలిట్",
    "create": "క్రియేట్",
    "cachedOrOffline": "కాచెడ్/ఆఫ్లైన్",
    "createnAdd": "క్రియేట్ అండ్ అధ్",
    "noBookmarks": "నో బుక్మార్క్!",
    "addToPlaylist": "యాడ్ టు ప్లేలిస్ట",
    "noLibPlaylist": "యు డోంట్ హేవ్ ఎని లిబ్ ప్లలిస్ట్!",
    "startRadio": "స్టార్ట్ రేడియో",
    "removeFromQueue": "రిమూవ్ ఫ్రమ్ క్యూ",
    "shareSong": "షేర్ తీస్ సాంగ్",
    "featuredplaylists": "ఫీచర్స్ ప్లేలిస్ట్",
    "downloads": "దౌన్లోడ్స్",
    "singles": "సింగిల్స్",
    "addMultipleSongs": "అడ్డ్ సాంగ్స్ తో ప్లేలిస్త్",
    "queueShufflingDeniedMsg": "క్యూ కాంట్ బి షఫుల్డ్ వెన్ షఫుల్ మోడ్ ఇస్ ఎనేబుల్డ్",
    "queuerearrangingDeniedMsg": "షఫుల్ మోడ్ ప్రారంభించబడినప్పుడు క్యూను తిరిగి అమర్చలేరు",
    "songNotPlayable": "సర్వర్ పరిమితి కారణంగా పాట ప్లే చేయబడదు!",
    "emptyPlaylist": "ఎంప్టీ ప్లెలిస్ట్!",
    "cancel": "కేన్సిల్",
    "removeFromPlaylist": "రిమూవ్ ఫ్రమ్ ప్లేలిస్టు",
    "rename": "Rename",
    "songs": "సాంగ్స్",
    "upNext": "ఆప్ నెస్ట్",
    "album": "ఆల్బమ్",
    "noOfflineSong": "నో ఆఫ్లైన్ సాంగ్స్!",
    "favorites": "ఫేవరెట్",
    "enqueueSong": "ఎన్క్యూ తిస్ సాంగ్",
    "goToAlbum": "గో టు ఆల్బమ్",
    "playingfromAlbum": "ప్లేయింగ్ ఫ్రమ్ ఆల్బమ్",
    "playingfromPlaylist": "ప్లేయింగ్ ఫ్రమ్ ప్లేయిలిట్",
    "playingfromSelection": "ప్లేయింగ్ ఫ్రమ్ సెలక్షన్",
    "playingfromArtist": "ప్లేయింగ్ ఫ్రమ్ ఆర్టిస్ట్"
}
