{
    "renamePlaylist": "Çalma Listesini Yeniden Adlandır",
    "networkError1": "Oops ağ hatası!",
    "libSongs": "Kitaplık Şarkıları",
    "communityplaylists": "Topluluk Çalma Listeleri",
    "libAlbums": "Kitaplık Albümleri",
    "enqueueAll": "Tümünü kuyruğa al",
    "create": "Oluştur",
    "noBookmarks": "Yer işaretleri yok!",
    "playlists": "Çalma Listeleri",
    "rename": "Yeniden adlandır",
    "items": "Öğeler",
    "startRadio": "Radyo başlat",
    "libArtists": "Kitaplık Sanatçıları",
    "removePlaylist": "Çalma Listesini Kaldır",
    "addToPlaylist": "Çalma listesine ekle",
    "cachedOrOffline": "Önbelleğe Alınmış/Çevrimdışı",
    "retry": "Yeniden dene!",
    "artists": "Sanatçılar",
    "albums": "Albümler",
    "recentlyPlayed": "Son Çalınan",
    "createnAdd": "Oluştur ve ekle",
    "singles": "Single'lar",
    "emptyPlaylist": "Bu çalma listesi boş!",
    "favorites": "Favoriler",
    "home": "Ana sayfa",
    "cancel": "İptal et",
    "libPlaylists": "Kitaplık Çalma Listeleri",
    "CreateNewPlaylist": "Çalma Listesi Oluştur",
    "playNext": "Bundan sonra çal",
    "songs": "Şarkılar",
    "settings": "Ayarlar",
    "noOfflineSong": "Çevrimdışı şarkı yok!",
    "featuredplaylists": "Öne Çıkan Listeler",
    "playlistCreatednsongAddedAlert": "Çalma listesi oluşturuldu ve şarkı eklendi!",
    "dismiss": "Vazgeç",
    "goToDownloadPage": "Buradan indirme sayfasına gidin",
    "songEnqueueAlert": "Şarkı sıraya eklendi!",
    "songAddedToPlaylistAlert": "Şarkı çalma listesine eklendi!",
    "unlinkAlert": "Bağlantı başarı ile kesildi!",
    "playlistCreatedAlert": "Çalma listesi oluşturuldu!",
    "reset": "Sıfırla",
    "unLink": "Bağı kes",
    "trending": "Trendler",
    "searchRes": "Arama sonucu",
    "cacheSongsDes": "Çevrimdışı oynatma için çalınmakta olan şarkıları önbelleğe al, cihazınızda ek alan kaplayacaktır",
    "password": "Parola",
    "noLibPlaylist": "Kitaplıkta hiç çalma listesi yok!",
    "setDiscoverContent": "Keşfet içeriğini seç",
    "songRemovedfromQueue": "Sıradan kaldırıldı!",
    "github": "🎵 Özel birine adanmış 🌟",
"githubDes": "RhyThm uygulaması duygusal bir anda doğdu. Eğer o zaman sinirlenmeseydin, belki de bu eser hiç var olmayacaktı.\n\nBazen en beklenmedik duygular en güzel şeyleri yaratır. 💫\n\nBütün bunların ardındaki sessiz ilham olduğun için teşekkürler. ❤️\n\nBu projeyi beğendiysen, GitHub’da ⭐ vermeyi unutma.",
    "playlistRemovedAlert": "Çalma listesi silindi!",
    "albumBookmarkRemoveAlert": "Albüm kitaplıktan kaldırıldı!",
    "notaSongVideo": "Bu bir Şarkı/Müzik videosu değil!",
    "ignoreBatOptDes": "Şayet bildirim sorunuyla karşılaşırsan veya çalma sistem tarafından durdurulursa bu tercihi lütfen işaretle",
    "for1": "şunun için",
    "low": "Düşük",
    "link": "Bağla",
    "selectAuthIns": "Yetki Instance'ını seç",
    "languageDes": "Uygulama dilini seç",
    "stopMusicOnTaskClear": "Uygulamayı kapatma halinde müziği durdur",
    "customInsSelectMsg": "Lütfen özel Instance'ı seçin",
    "skipSilence": "Sessizliği atla",
    "equalizer": "Ekolayzır",
    "enqueueSong": "Sıraya koy",
    "videos": "Videolar",
    "enabled": "Devrede",
    "allFieldsReqMsg": "Alanların hepsi gerekli",
    "artistBookmarkAddAlert": "Sanatçı kitaplığa eklendi!",
    "removeFromCache": "Cache'ten al",
    "viewAll": "Hepsine bak",
    "github": "GitHub",
    "newVersionAvailable": "Yeni sürüm mevcut!",
    "subscribers": "Aboneler",
    "discover": "Keşfet",
    "cacheSongs": "Şarkıları önbelleğe al",
    "songAlreadyExists": "Bu şarkı zaten var!",
    "username": "Kullanıcı Adı",
    "light": "Aydınlık",
    "resetblacklistedplaylist": "Çalma listeleri için kara listeyi sıfırla",
    "dynamic": "Albüm kapağına göre",
    "selectAuthInsMsg": "Lütfen Yetki Instance'ını seçin!",
    "equalizerDes": "Sistem ekolayzırını aç",
    "customIns": "Özel Instance",
    "Piped": "Piped Instance",
    "stopMusicOnTaskClearDes": "Müzik son uygulamalar listesinin temizlenmesi halinde dursun",
    "playlistBookmarkAddAlert": "Çalma listesi kitaplığa eklendi!",
    "radioNotAvailable": "Bu sanatçı için radyo mevcut değil!",
    "viewArtist": "Sanatçıya bak",
    "topmusicvideos": "En Üst Sıradaki Videolar",
    "about": "Hakkında",
    "playlistBookmarkRemoveAlert": "Çalma listesi kitaplıktan kaldırıldı!",
    "systemDefault": "Sistem varsayılanı",
    "local": "Yerel",
    "ignoreBatOpt": "Pil iyileştirmesine aldırma",
    "linkAlert": "Başarı ile bağlandı!",
    "status": "Durum",
    "themeMode": "Tema tarzı",
    "streamingQualityDes": "Şarkı akışının kalitesi",
    "nomatch": "Şunun için eşleşme yok,",
    "notaValidLink": "Link geçersiz!",
    "dark": "Koyu",
    "by": "Şu kişinin ürünü,",
    "streamingQuality": "Akış kalitesi",
    "linkPipedDes": "Çalma listeleri için piped'a bağla",
    "disabled": "Devre dışı",
    "blacklistPlstResetAlert": "Sıfırlama başarılı!",
    "language": "Dil seçimi",
    "search": "Ara",
    "skipSilenceDes": "Şarkı çalma sırasında sessizlik atlanacak",
    "errorOccuredAlert": "Bir hata oluştu!",
    "high": "Yüksek",
    "searchDes": "Şarkılar, Çalma Listesi, Albüm ya da Sanatçı",
    "results": "Sonuç",
    "playlistBlacklistAlert": "Çalma listesi kara listeye alındı!",
    "artistDesNotAvailable": "Açıklama mevcut değil!",
    "resetblacklistedplaylistDes": "Piped kara listesinin hepsini sıfırla",
    "songRemovedfromQueueCurrSong": "Çalmakta olanı kaldıramazsınız",
    "basedOnLast": "Son etkileşime dayalı",
    "hintApiUrl": "API URL'i Piped instance'ına ver",
    "playlistRenameAlert": "Ad başarı ile değiştirildi!",
    "albumBookmarkAddAlert": "Albüm kitaplığa eklendi!",
    "removeFromPlaylist": "Çalma listesinden çıkar",
    "lyricsNotAvailable": "Şarkı sözleri mevcut değil!",
    "dontShowInfoAgain": "Bunu artık gösterme",
    "quickpicks": "Hızlı Seçimler",
    "artistBookmarkRemoveAlert": "Sanatçı kitaplıktan kaldırıldı!",
    "operationFailed": "İşlem başarısız oldu",
    "goToAlbum": "Albüme git",
    "removeFromQueue": "Sıradan kaldır",
    "shareSong": "Paylaş",
    "songRemovedAlert": "Şuradan çıkarıldı",
    "downloads": "İndirilenler",
    "removeFromLib": "Kitaplık şarkılarından kaldır",
    "downloadingFormat": "İndirilen dosyanın formatı",
    "songAlreadyOfflineAlert": "Şarkı zaten önbellekte çevrimdışı",
    "downloadLocation": "İndirme Konumu",
    "downloadingFormatDes": "İndirilen dosya biçimini seçin. \"Opus\" en iyi kaliteyi sağlar",
    "library": "Kitaplık",
    "minutes": "dakika",
    "synced": "Senkron",
    "cancelTimerAlert": "Uyku zamanlayıcısı iptal edildi",
    "sleepTimer": "Uyku zamanlayıcısı",
    "add5Minutes": "5 dakika ekle",
    "cancelTimer": "Zamanlayıcıyı iptal et",
    "homeContentCount": "Ana sayfadaki içerik sayısı",
    "endOfThisSong": "Bu şarkının sonunda",
    "enableBottomNav": "Alt gezinme çubuğu",
    "enableBottomNavDes": "Alt gezinme çubuğuna geç",
    "syncedLyricsNotAvailable": "Senkronize şarkı sözleri kullanılamıyor!",
    "homeContentCountDes": "Ana sayfadaki içerik sayısını seçin (yaklaşık olarak). Daha az içerik daha hızlı yükleme sağlar",
    "plain": "Normal",
    "sleepTimeSetAlert": "Uyku zamanlayıcınız ayarlandı",
    "pipedplstSyncAlert": "Piped oynatma listesi senkronize edildi!",
    "deleteDownloadData": "İndirilenlerden kaldır",
    "backgroundPlay": "Arka planda müzik çal",
    "backgroundPlayDes": "Arka planda müzik çalmayı etkinleştirin/devre dışı bırakın (Uygulama arka planda çalışırken sistem tepsisinden uygulamaya erişilebilir)",
    "deleteDownloadedDataAlert": "İndirmelerden başarıyla kaldırıldı!",
    "upNext": "Sıradaki",
    "clearImgCache": "Resim önbelleğini temizle",
    "clearImgCacheDes": "Önbelleğe alınan küçük resimleri/görselleri temizlemek için buraya tıklayın. (Önbelleğe alınan resim verilerini yenilemek istemiyorsanız tavsiye edilmez)",
    "reArrangePlaylist": "Çalma listesini yeniden düzenle",
    "removeMultiple": "Birden fazla şarkıyı kaldır",
    "restoreLastPlaybackSessionDes": "Uygulama başlatıldığında son çalma oturumunu otomatik olarak geri yükle",
    "cacheHomeScreenDataDes": "Ana ekran içeriği verilerini önbelleğe alma etkinleştirildiğinde ana ekran anında yüklenecektir",
    "cacheHomeScreenData": "Ana ekran içeriği verilerini önbelleğe al",
    "addMultipleSongs": "Çalma listesine şarkı ekle",
    "restoreLastPlaybackSession": "Son çalma oturumunu geri yükle",
    "exportedFileLocation": "İndirilen dosya dışa aktarma konumu",
    "export": "Dışarı aktar",
    "scanning": "Taranıyor...",
    "downFilesFound": "indirilen dosyalar bulundu",
    "close": "Kapat",
    "exportMsg": "Dosyalar başarıyla dışa aktarıldı",
    "clearImgCacheAlert": "Resim önbelleği başarıyla temizlendi",
    "exportDowloadedFiles": "İndirilen dosyaları dışa aktar",
    "exportDowloadedFilesDes": "İndirilen dosyayı uygulama dizininden harici dizine aktarmak için buraya tıklayın",
    "exporting": "Dışa aktarılıyor...",
    "disableTransitionAnimation": "Geçiş animasyonunu devre dışı bırak",
    "disableTransitionAnimationDes": "Sekme geçiş animasyonunu devre dışı bırakmak için bu seçeneği etkinleştirin",
    "openIn": "Uygulamada aç",
    "backupSettingsAndPlaylists": "Yedekleme Ayarları ve Çalma Listeleri",
    "restoreSettingsAndPlaylists": "Ayarları ve Çalma Listelerini Geri Yükle",
    "backupSettingsAndPlaylistsDes": "Tüm ayarları, çalma listelerini ve oturum açma verilerini bir yedekleme dosyasına kaydeder",
    "restoreSettingsAndPlaylistsDes": "Tüm ayarları, oturum açma verilerini ve çalma listelerini bir yedekleme dosyasından geri yükler. Mevcut tüm verilerin üzerine yazar",
    "backupMsg": "Yedekleme başarıyla kaydedildi!",
    "backFilesFound": "veri tabanları bulundu",
    "restoreMsg": "Başarıyla geri yüklendi!\nDeğişiklikler yeniden başlatıldığında uygulanır",
    "restoring": "Geri yükleniyor...",
    "restore": "Geri Yükle",
    "closeApp": "Uygulamayı Kapat",
    "backupAppData": "Uygulama verilerini yedekle",
    "backup": "Yedekle",
    "letsStrart": "Başlayalım...",
    "processFiles": "Dosyalar işleniyor...",
    "includeDownloadedFiles": "İndirilen şarkı dosyalarını dahil et",
    "backupInProgress": "Yedekleme devam ediyor...",
    "restoreAppData": "Uygulama verilerini geri yükle",
    "restartApp": "Uygulamayı yeniden başlat",
    "songInfo": "Şarkı Bilgileri",
    "id": "Kimlik",
    "bitrate": "Bit Hızı",
    "loudnessDb": "Ses Yüksekliği (Db)",
    "title": "Başlık",
    "duration": "Süre",
    "audioCodec": "Ses Kod Çözücü",
    "urlSearchDes": "URL algılandı. İlişkili içeriği açmak/oynatmak için üzerine tıklayın.",
    "queueShufflingDeniedMsg": "Karıştırma modu etkinleştirildiğinde kuyruk karıştırılamaz",
    "queuerearrangingDeniedMsg": "Karışık oynatma aktifken kuyruktaki şarkılar düzenlenemez",
    "networkError": "Ağ hatası! Ağ bağlantınızı kontrol edin.",
    "downloadError2": "Sunucu kısıtlaması nedeniyle istenen şarkı indirilemiyor. Tekrar deneyiniz",
    "music&Playback": "Müzik & Oynatma",
    "content": "İçerik",
    "personalisation": "Kişiselleştirme",
    "songNotPlayable": "Şarkı sunucu kısıtlaması nedeniyle çalınamıyor!",
    "downloadError3": "Ağ/akış hatası nedeniyle indirme başarısız oldu! Lütfen tekrar deneyin",
    "loudnessNormalizationDes": "Tüm şarkılar için aynı ses yüksekliği seviyesini ayarlar (Deneysel) (Önceki sürümde (< v1.10.0) indirilen şarkılarda çalışmaz)",
    "appInfo": "Uygulama Hakkında",
    "playerUi": "Oynatıcı arayüzü",
    "playerUiDes": "Oynatıcı arayüzünü seç",
    "gesture": "Jest",
    "standard": "Standart",
    "enableSlidableAction": "Kaydırma eylemlerini aç",
    "playnextMsg": "Sırada",
    "shuffleQueue": "Karma Sırası",
    "queueLoop": "Sıra döngüsü",
    "queueLoopNotDisMsg1": "Sıra döngüsü, karma modu devrede iken devre dışı bırakılamıyor.",
    "queueLoopNotDisMsg2": "Sırayı döndür, radyo modunda kullanılamıyor.",
    "loudnessNormalization": "Ses yüksekliği normalizasyonu",
    "download": "İndir",
    "autoDownFavSongDes": "Favorilere eklendiğinde favori şarkıları otomatik olarak indir",
    "autoDownFavSong": "Favori şarkıları otomatik indir",
    "enableSlidableActionDes": "Şarkı döşemesinde kaydırılabilir eylemleri etkinleştir",
    "androidBackupWarning": "Test edilmedi: 60'tan fazla dosya indirdikten sonra onay kutusunu seçmek, işlem büyük miktarda bellek tüketebilir ve telefonun veya uygulamanın çökmesine neden olabilir. Kendi riskinizle devam edin.",
    "playingfromPlaylist": "OYNATMA LİSTESİNDEN ÇALINIYOR",
    "randomSelection": "Rastgele Seçim",
    "misc": "Diğer",
    "resetToDefault": "Varsayılan ayarları geri yükle",
    "resetToDefaultDes": "Uygulama ayarlarını varsayılana sıfırla (Yeniden başlatma gerekir)",
    "album": "Albüm",
    "randomRadio": "Rastgele Radyo",
    "playingfromAlbum": "ALBÜMDEN ÇALINIYOR",
    "playingfromSelection": "SEÇKİLERDEN ÇALINIYOR",
    "playingfromArtist": "SANATÇILARDAN ÇALINIYOR",
    "autoOpenPlayer": "Oynatıcı ekranını otomatik olarak aç",
    "autoOpenPlayerDes": "Çalmak için şarkı seçildiğinde oynatıcının otomatik olarak tam ekran açılmasını etkinleştir",
    "resetToDefaultMsg": "Ayarlar varsayılana sıfırlandı, lütfen uygulamayı yeniden başlatın"
}
