{
    "library": "Бібліотека",
    "libPlaylists": "Бібліотека списків відтворення",
    "libAlbums": "Бібліотека альбомів",
    "libArtists": "Бібліотека виконавців",
    "items": "елементи",
    "noOfflineSong": "Немає пісень поза мережею!",
    "recentlyPlayed": "Нещодавно відтворено",
    "favorites": "Вибрані",
    "cachedOrOffline": "Кешовані / Поза мережею",
    "downloads": "Завантаження",
    "emptyPlaylist": "Пустий список відтворення!",
    "enqueueAll": "Додати все в чергу",
    "renamePlaylist": "Перейменувати список відтворення",
    "removePlaylist": "Видалити список відтворення",
    "networkError1": "Упс, помилка мережі!",
    "retry": "Повторити!",
    "home": "Головна",
    "songs": "Пісні",
    "playlists": "Списки відтворення",
    "albums": "Альбоми",
    "artists": "Виконавці",
    "settings": "Налаштування",
    "libSongs": "Бібліотека пісень",
    "singles": "Сингли",
    "communityplaylists": "Списки відтворення спільноти",
    "featuredplaylists": "Обрані списки відтворення",
    "deleteDownloadData": "Видалити із завантажень",
    "CreateNewPlaylist": "Створити новий список відтворення",
    "cancel": "Скасувати",
    "shareSong": "Поділитися цією піснею",
    "removeFromPlaylist": "Видалити зі списку відтворення",
    "removeFromQueue": "Видалити з черги",
    "sleepTimer": "Таймер сну",
    "add5Minutes": "Додати 5 хвилин",
    "dark": "Темна",
    "quickpicks": "Швидкий вибір",
    "basedOnLast": "На основі останньої взаємодії",
    "homeContentCount": "Кількість вмісту на головній сторінці",
    "homeContentCountDes": "Виберіть кількість перших елементів головному екрана. Чим менше, тим швидше завантажується",
    "cacheSongsDes": "Кешування пісень під час відтворення для майбутнього/офлайн-відтворення займе додатковий простір на вашому пристрої",
    "low": "Низьке",
    "downloadingFormatDes": "Виберіть формат файлу для завантаження. «Opus» забезпечить найкращу якість",
    "downloadLocation": "Тека для завантаження",
    "removeFromLib": "Вилучити з бібліотеки пісні",
    "themeMode": "Режим теми",
    "dynamic": "Динамічна",
    "language": "Мова",
    "languageDes": "Встановити мову застосунку",
    "discover": "Відкрийте для себе",
    "downloadingFormat": "Формат завантаженого файлу",
    "enqueueSong": "Додати цю пісню в чергу",
    "playNext": "Наступна",
    "startRadio": "Увімкнути радіо",
    "addToPlaylist": "Додати до списку відтворення",
    "noLibPlaylist": "У вас немає жодного списку відтворення в бібліотеці!",
    "viewArtist": "Переглянути виконавця",
    "upNext": "Наступне",
    "systemDefault": "Як в системі",
    "setDiscoverContent": "Налаштувати показ контенту",
    "trending": "У трендах",
    "topmusicvideos": "Найкращі музичні відео",
    "enableBottomNav": "Нижня панель навігації",
    "enableBottomNavDes": "Перейти до нижньої панелі навігації",
    "cacheSongs": "Кешовані пісні",
    "skipSilence": "Пропускати тишу",
    "skipSilenceDes": "Під час відтворення музики тишу буде пропущено",
    "streamingQuality": "Якість потоку",
    "streamingQualityDes": "Якість звучання музичного потоку",
    "high": "Високе",
    "cacheHomeScreenDataDes": "Увімкнути кешування даних вмісту головного екрану, Головна буде завантажуватися миттєво, якщо цю опцію буде увімкнено",
    "backgroundPlay": "Грати музику у фоні",
    "backgroundPlayDes": "Увімкнути/вимкнути прослуховування музики у фоновому режимі (коли застосунок працює у фоновому режимі, доступ до нього можна отримати з системного лотка)",
    "createnAdd": "Створити та додати",
    "noBookmarks": "Немає закладок!",
    "reArrangePlaylist": "Перегрупувати список відтворення",
    "removeMultiple": "Видалити кілька пісень",
    "addMultipleSongs": "Додати пісні до списку відтворення",
    "create": "Створити",
    "rename": "Перейменувати",
    "goToAlbum": "Перейти до альбому",
    "cancelTimer": "Скасувати таймер",
    "minutes": "хв.",
    "endOfThisSong": "Кінець пісні",
    "light": "Світла",
    "restoreLastPlaybackSession": "Відновити останню сесію прослуховування",
    "restoreLastPlaybackSessionDes": "Автоматичне відновлення останнього сеансу прослуховування під час запуску застосунку",
    "cacheHomeScreenData": "Кешування даних вмісту головного екрана",
    "disableTransitionAnimation": "Вимкнути анімацію переходу",
    "disableTransitionAnimationDes": "Увімкніть цю опцію, щоб вимкнути анімацію переходу між вкладками",
    "status": "Статус",
    "disabled": "Вимкнено",
    "by": "від",
    "about": "Про",
    "synced": "Синхронізовано",
    "cancelTimerAlert": "Таймер сну скасовано",
    "artistBookmarkRemoveAlert": "Вилучено закладку виконавця!",
    "artistBookmarkAddAlert": "Виконавець додано в закладки!",
    "syncedLyricsNotAvailable": "Синхронізовані тексти не доступні!",
    "link": "Посилання",
    "unLink": "Від’єднати",
    "reset": "Скинути",
    "songRemovedAlert": "Видалено з",
    "openIn": "Відкрити в",
    "exportDowloadedFiles": "Експорт завантажених файлів",
    "exportDowloadedFilesDes": "Клацніть тут, щоб експортувати завантажений файл із каталогу програми до зовнішнього каталогу",
    "export": "Експорт",
    "exporting": "Експорт...",
    "scanning": "Сканування...",
    "downFilesFound": "знайдено завантажених файлів",
    "close": "Закрити",
    "exportMsg": "Файли успішно експортовано",
    "equalizer": "Еквалайзер",
    "equalizerDes": "Відкрити системний еквалайзер",
    "clearImgCache": "Очистити кеш зображень",
    "clearImgCacheAlert": "Кеш зображень успішно очищено",
    "clearImgCacheDes": "Натисніть тут, щоб очистити кешовані мініатюри/зображення. (Не рекомендується, якщо не потрібно оновити кешовані дані зображень)",
    "enabled": "Увімкнено",
    "github": "🎵 Присвячено комусь особливому 🌟",
"githubDes": "Додаток RhyThm народився в емоційний момент. Якби ти тоді не розсердився, можливо, ця творчість ніколи б не існувала.\n\nІноді найбільш несподівані емоції породжують найкрасивіші речі. 💫\n\nДякую, що був тихим натхненням за всім цим. ❤️\n\nЯкщо тобі подобається цей проєкт, не забудь поставити ⭐ на GitHub.",
    "searchDes": "Пісні, плейлиси, альбом або виконавець",
    "searchRes": "Результати пошуку",
    "for1": "для",
    "videos": "Відео",
    "viewAll": "Подивитись все",
    "deleteDownloadedDataAlert": "Успішно видалено із завантажень!",
    "songRemovedfromQueueCurrSong": "Ви не можете видалити пісню, яка зараз відтворюється",
    "songEnqueueAlert": "Пісня в черзі!",
    "playlistRenameAlert": "Успішно перейменовано!",
    "playlistRemovedAlert": "Список відтворення видалено!",
    "lyricsNotAvailable": "Тексти пісень недоступні!",
    "notaValidLink": "Недійсне посилання!",
    "allFieldsReqMsg": "Усі поля обов’язкові",
    "password": "Пароль",
    "playlistBlacklistAlert": "Список відтворення в чорному списку!",
    "blacklistPlstResetAlert": "Скинуто успішно!",
    "resetblacklistedplaylist": "Скидання списків відтворення з чорного списку",
    "stopMusicOnTaskClearDes": "Відтворення музики припиниться, коли застосунок буде видалено з диспетчера завдань",
    "search": "Пошук",
    "nomatch": "Збігів не знайдено",
    "results": "Результати",
    "subscribers": "підписників",
    "songRemovedfromQueue": "Знято з черги!",
    "radioNotAvailable": "Радіо недоступне для цього виконавця!",
    "songAlreadyExists": "Пісня вже є!",
    "songAlreadyOfflineAlert": "Пісня вже офлайн у кеші",
    "playlistCreatedAlert": "Список відтворення створено!",
    "playlistCreatednsongAddedAlert": "Створено список відтворення та додано пісню!",
    "artistDesNotAvailable": "Опис недоступний!",
    "newVersionAvailable": "Доступна нова версія!",
    "dontShowInfoAgain": "Більше не показувати цю інформацію",
    "dismiss": "Відхилити",
    "operationFailed": "Операція не вдалася",
    "notaSongVideo": "Не пісня / музичне відео!",
    "goToDownloadPage": "Натисніть тут, щоб перейти на сторінку завантаження",
    "local": "На пристрої",
    "selectAuthIns": "Виберіть екземпляр авторизації",
    "username": "Ім'я користувача",
    "playlistBookmarkAddAlert": "Список відтворення додано в закладки!",
    "playlistBookmarkRemoveAlert": "Закладку списку відтворення видалено!",
    "linkAlert": "Успішно пов'язано!",
    "exportedFileLocation": "Розташування експорту завантаженого файлу",
    "ignoreBatOpt": "Ігнорувати оптимізацію акумулятора",
    "ignoreBatOptDes": "Якщо у вас виникли проблеми зі сповіщеннями або відтворення призупинено оптимізацією системи, увімкніть цей параметр",
    "errorOccuredAlert": "Сталася помилка!",
    "songAddedToPlaylistAlert": "Пісню додано до списку відтворення!",
    "pipedplstSyncAlert": "Список відтворення синхронізовано!",
    "unlinkAlert": "Успішно відв'язано!",
    "sleepTimeSetAlert": "Ваш таймер сну встановлено",
    "albumBookmarkAddAlert": "Альбом додано в закладки!",
    "albumBookmarkRemoveAlert": "Закладку альбому видалено!",
    "resetblacklistedplaylistDes": "Скинути всі списки відтворення з чорного списку",
    "plain": "Звичайний",
    "customIns": "Спеціальний екземпляр",
    "customInsSelectMsg": "Виберіть спеціальний екземпляр",
    "selectAuthInsMsg": "Виберіть екземпляр автентифікації!",
    "backupMsg": "Резервну копію успішно збережено!",
    "backFilesFound": "Базу даних знайдено",
    "restoring": "Відновлення...",
    "restore": "відновлення",
    "closeApp": "Закрити застосунок",
    "restoreSettingsAndPlaylists": "Відновити налаштування та списки відтворення",
    "restoreSettingsAndPlaylistsDes": "Відновлює всі налаштування, дані для входу та списки відтворення з файлу резервної копії. Переписує всі поточні дані",
    "restoreMsg": "Успішно відновлено!\nЗміни застосовуються після перезавантаження",
    "Piped": "Piped",
    "hintApiUrl": "URL-адреса API до екземпляра Piped",
    "linkPipedDes": "Посилання з piped для списків відтворення",
    "backupSettingsAndPlaylists": "Резервне копіювання налаштувань та списків відтворення",
    "stopMusicOnTaskClear": "Зупинити музику після видалення із задач",
    "backupSettingsAndPlaylistsDes": "Зберігає всі налаштування, списки відтворення та дані для входу у файл резервної копії",
    "androidBackupWarning": "Не перевірено: Якщо встановити прапорець після завантаження понад 60 файлів, процес може поглинути велику кількість пам'яті, що може призвести до збою в роботі телефону або програми. Дійте на свій страх і ризик.",
    "restoreAppData": "Відновлення даних програми",
    "gesture": "Жест",
    "backupAppData": "Резервне копіювання даних програми",
    "restartApp": "Перезапустити застосунок",
    "music&Playback": "Музика та відтворення",
    "loudnessNormalization": "Нормалізація гучності",
    "bitrate": "Бітрейт",
    "audioCodec": "Аудіокодек",
    "letsStrart": "Почнемо...",
    "backup": "Резервне копіювання",
    "songInfo": "Інформація про пісню",
    "id": "Ідентифікатор",
    "queueShufflingDeniedMsg": "Черга не може бути перемішана поки увімкнено режим перемішування",
    "queuerearrangingDeniedMsg": "Позиція черги не може бути переміщена поки увімкнено режим перемішування",
    "songNotPlayable": "Пісня не відтворюється через обмеження сервера!",
    "downloadError2": "Запитану пісню не можна завантажити через обмеження сервера. Ви можете спробувати ще раз",
    "downloadError3": "Не вдалося завантажити через помилку мережі / потоку! Спробуйте ще раз",
    "content": "Зміст",
    "personalisation": "Персоналізація",
    "playerUi": "Інтерфейс програвача",
    "playerUiDes": "Виберіть інтерфейс програвача",
    "standard": "Стандартний",
    "loudnessNormalizationDes": "Встановлює однаковий рівень гучності для всіх пісень (експериментальний) (не працюватиме для пісень, завантажених у попередній версії (< v1.10.0))",
    "urlSearchDes": "Виявлено URL-адресу, натисніть на неї, щоб відкрити/відтворити пов'язаний вміст",
    "enableSlidableAction": "Увімкнути ковзаючі дії",
    "enableSlidableActionDes": "Увімкнути розсувні дії на плитці пісні",
    "title": "Назва",
    "duration": "Тривалість",
    "loudnessDb": "Гучність (Дб)",
    "processFiles": "Обробка файлів...",
    "includeDownloadedFiles": "Додайте завантажені файли пісень",
    "backupInProgress": "Виконується резервне копіювання...",
    "playnextMsg": "Найближчим часом",
    "queueLoop": "Повторювати чергу",
    "queueLoopNotDisMsg1": "Режим повторення не можна вимкнути, коли активовано режим перемішування.",
    "queueLoopNotDisMsg2": "Режим повторення не може бути ввімкнено в радіо-режимі.",
    "appInfo": "Інформація про застосунок",
    "download": "Завантажити",
    "networkError": "Помилка мережі! Перевірте з'єднння з мережею.",
    "shuffleQueue": "Перемішати чергу",
    "autoDownFavSong": "Автоматичне завантаження улюблених пісень",
    "autoDownFavSongDes": "Автоматичне завантаження улюблених пісень при додаванні до вибраного",
    "misc": "Інше",
    "resetToDefault": "Відновити типові налаштування",
    "resetToDefaultMsg": "Скидання налаштувань до типових завершено. Перезапустіть застосунок",
    "autoOpenPlayerDes": "Увімкнути / вимкнути автовідкриття плеєра на весь екран при виборі пісні для відтворення",
    "playingfromPlaylist": "ГРАЄ ЗІ СПИСКУ ВІДТВОРЕННЯ",
    "playingfromArtist": "ГРАЄ З ВИКОНАВЦІВ",
    "album": "Альбом",
    "autoOpenPlayer": "Автовідкриття екрана програвача",
    "resetToDefaultDes": "Скидання налаштувань застосунку до типових значень (потрібен перезапуск)",
    "playingfromAlbum": "ГРАЄ З АЛЬБОМУ",
    "playingfromSelection": "ГРАЄ З ВИБОРУ",
    "randomSelection": "Випадковий вибір",
    "randomRadio": "Випадкове радіо",
    "selectSongs": "Вибрати пісні",
    "selectAll": "Вибрати все",
    "reArrangeSongs": "Переставити пісні",
    "exportPlaylist": "Експортувати список відтворення",
    "exportErrorStorage": "Недостатньо місця для зберігання",
    "exportErrorFormat": "Помилка форматування даних списку відтворення",
    "importErrorFileAccess": "Не вдалося отримати доступ до вибраного файлу",
    "fileNotFound": "Файл не знайдено",
    "importErrorDatabase": "Помилка збереження до бази даних",
    "playlistExportedMsg": "Список відтворення успішно експортовано до",
    "importPlaylistDesc": "Виберіть раніше експортований файл JSON зі списком відтворення для імпортування",
    "invalidPlaylistFile": "Неправильна структура файлу списку відтворення",
    "importLargeFileNote": "Примітка: Імпорт великих списків відтворення може зайняти більше часу",
    "exportErrorPermission": "Відмовлено в дозволі під час експортування",
    "selectFile": "Вибрати файл",
    "importErrorFormat": "Невірний формат файлу",
    "exportingPlaylist": "Експортування списку відтворення...",
    "exportError": "Помилка експортування списку відтворення",
    "importPlaylist": "Імпортувати список відтворення",
    "importingPlaylist": "Імпортування списку відтворення...",
    "playlistImportedMsg": "Список відтворення успішно імпортовано",
    "importError": "Помилка імпортування списку відтворення"
}
