{
    "home": "Trang chủ",
    "songs": "Bài hát",
    "create": "Tạo",
    "rename": "Đổi tên",
    "downloads": "Tải về",
    "retry": "Thử lại!",
    "cancel": "Hủy",
    "settings": "Cài đặt",
    "noOfflineSong": "Không có bài hát ngoại tuyến!",
    "removeFromQueue": "Xóa khỏi hàng đợi",
    "discover": "Khám phá",
    "trending": "Xu hướng",
    "topmusicvideos": "Video âm nhạc hàng đầu",
    "setDiscoverContent": "Cài đặt nội dung khám phá",
    "quickpicks": "Chọn nhanh",
    "skipSilenceDes": "Khoảng lặng sẽ bị bỏ qua khi chơi nhạc",
    "streamingQuality": "Chất lượng truyền tải",
    "cacheSongs": "Lưu nhạc vào bộ nhớ đệm",
    "cacheSongsDes": "Lưu bài hát vào bộ nhớ đệm trong khi phát để phát trong tương lai/ngoại tuyến, nó sẽ chiếm thêm bộ nhớ trên thiết bị",
    "low": "Thấp",
    "equalizer": "Bộ chỉnh âm",
    "clearImgCache": "Xóa hình trong bộ nhớ đệm",
    "backgroundPlay": "Phát nhạc dưới nền",
    "backgroundPlayDes": "Cho phép/Không cho phép chơi nhạc dưới nền (Ứng dụng có thể được truy cập từ khay hệ thống khi ứng dụng đang chạy ở chế độ nền)",
    "downloadingFormatDes": "Chọn định dạng tệp tải về. \"Opus\" sẽ cho chất lượng âm thanh tốt nhất",
    "videos": "Phim ảnh",
    "deleteDownloadedDataAlert": "Đã xóa thành công khỏi nội dung tải xuống!",
    "clearImgCacheDes": "Bấm vào đây để xóa hình trong bộ nhớ đệm. (Không khuyến khích trừ khi bạn muốn làm mới dữ liệu hình ảnh)",
    "status": "Trạng thái",
    "search": "Tìm kiếm",
    "for1": "cho",
    "lyricsNotAvailable": "Lời bài hát không có sẵn!",
    "songAlreadyExists": "Bài hát đã tồn tại!",
    "songEnqueueAlert": "Đã thêm bài hát vào hàng đợi!",
    "songRemovedAlert": "Xóa khỏi",
    "errorOccuredAlert": "Có vài lỗi xảy ra!",
    "syncedLyricsNotAvailable": "Lời bài hát được đồng bộ hóa không có!",
    "notaSongVideo": "Không phải bài hát/Videos âm nhạc!",
    "notaValidLink": "Không phải là liên kết hợp lệ!",
    "operationFailed": "Lỗi hệ thống",
    "items": "danh mục",
    "library": "Thư viện",
    "networkError1": "Kết nối mạng bị lỗi!",
    "favorites": "Yêu thích",
    "recentlyPlayed": "Đã phát gần đây",
    "cachedOrOffline": "Bộ nhớ đệm",
    "emptyPlaylist": "Danh sách phát trống!",
    "enqueueAll": "Thêm tất cả vào hàng đợi",
    "renamePlaylist": "Đổi tên danh sách phát",
    "removePlaylist": "Xóa danh sách phát",
    "CreateNewPlaylist": "Tạo danh sách phát mới",
    "sleepTimer": "Hẹn giờ tắt",
    "createnAdd": "Tạo & Thêm",
    "add5Minutes": "Thêm 5 phút",
    "minutes": "phút",
    "endOfThisSong": "Kết thúc bài hát",
    "light": "Sáng",
    "homeContentCount": "Số lượng nội dung trên trang chủ",
    "homeContentCountDes": "Chọn số lượng nội dung trên màn hình chính (tương đối). Số lượng ít sẽ tải nhanh hơn",
    "enableBottomNav": "Thanh điều hướng ở dưới cùng",
    "enableBottomNavDes": "Chuyển thanh điều hướng xuống dưới cùng",
    "skipSilence": "Bỏ qua khoảng lặng",
    "equalizerDes": "Mở bộ chỉnh âm của hệ thống",
    "ignoreBatOpt": "Bỏ qua tối ưu hóa pin",
    "nomatch": "Không tìm thấy kết quả cho",
    "synced": "Đã đồng bộ hóa",
    "plain": "Lời",
    "dontShowInfoAgain": "Không hiển thị thông tin này lần nữa",
    "playNext": "Phát kế tiếp",
    "addToPlaylist": "Thêm vào danh sách phát",
    "noLibPlaylist": "Bạn không có danh sách phát nào!",
    "enqueueSong": "Thêm bài hát vào hàng đợi",
    "startRadio": "Bắt đầu đài phát",
    "goToAlbum": "Đi đến tập nhạc",
    "removeFromLib": "Xóa khỏi thư viện bài hát",
    "themeMode": "Chủ đề",
    "downloadingFormat": "Định dạng tệp tải về",
    "ignoreBatOptDes": "Nếu bạn đang gặp phải sự cố thông báo hoặc quá trình phát lại bị dừng do tối ưu hóa hệ thống, vui lòng bật tùy chọn này",
    "downloadLocation": "Vị trí tải xuống",
    "github": "Github",
    "enabled": "Đã bật",
    "disabled": "Đã tắt",
    "github": "🎵 Dành tặng cho một người đặc biệt 🌟",
"githubDes": "Ứng dụng RhyThm ra đời từ một khoảnh khắc đầy cảm xúc. Nếu bạn không tức giận lúc đó, có thể tác phẩm này sẽ không bao giờ tồn tại.\n\nĐôi khi, những cảm xúc bất ngờ nhất tạo nên những điều đẹp đẽ nhất. 💫\n\nCảm ơn bạn đã là nguồn cảm hứng thầm lặng đằng sau tất cả điều này. ❤️\n\nNếu bạn thích dự án này, đừng quên để lại ⭐ trên GitHub.",
    "viewAll": "Xem tất cả",
    "results": "Kết quả",
    "about": "Thông tin",
    "subscribers": "người đăng ký",
    "selectAuthInsMsg": "Vui lòng chọn phiên bản xác thực!",
    "allFieldsReqMsg": "Tất cả các trường bắt buộc",
    "linkPipedDes": "Liên kết với đường ống cho danh sách phát",
    "resetblacklistedplaylistDes": "Đặt lại tất cả danh sách phát trong danh sách đen",
    "stopMusicOnTaskClear": "Dừng nhạc khi xóa khỏi tác vụ gần đây",
    "libArtists": "Thư viện nghệ sỹ",
    "playlists": "Danh sách phát",
    "albums": "Tập nhạc",
    "artists": "Nghệ sỹ",
    "libSongs": "Thư viện bài hát",
    "libPlaylists": "Thư viện danh sách phát",
    "libAlbums": "Thư viện tập nhạc",
    "viewArtist": "Xem Nghệ sĩ",
    "songRemovedfromQueue": "Đã xóa khỏi hàng đợi!",
    "songRemovedfromQueueCurrSong": "Bạn không thể xóa bài hát đang phát",
    "songAlreadyOfflineAlert": "Bài hát đã ngoại tuyến trong bộ nhớ đệm",
    "newVersionAvailable": "Đã có phiên bản mới!",
    "dismiss": "Hủy",
    "artistDesNotAvailable": "Mô tả không có sẵn!",
    "selectAuthIns": "Chọn phiên bản xác thực",
    "featuredplaylists": "Danh sách phát nổi bật",
    "removeFromPlaylist": "Xóa khỏi danh sách phát",
    "communityplaylists": "Danh sách phát cộng đồng",
    "streamingQualityDes": "Chất lượng truyền tải nhạc qua internet",
    "high": "Cao",
    "by": "bởi",
    "local": "Địa phương",
    "linkAlert": "Liên kết thành công!",
    "singles": "Đĩa đơn",
    "noBookmarks": "Không có đánh dấu!",
    "upNext": "Kế tiếp",
    "dynamic": "Động",
    "searchDes": "Bài hát, Danh sách phát, Tập nhạc hoặc Nghệ sỹ",
    "searchRes": "Kết quả tìm kiếm",
    "pipedplstSyncAlert": "Danh sách phát đã được đồng bộ hóa!",
    "playlistCreatednsongAddedAlert": "Danh sách phát được tạo và thêm bài hát!",
    "playlistRenameAlert": "Đổi tên thành công!",
    "playlistRemovedAlert": "Đã xóa dánh sách phát!",
    "albumBookmarkAddAlert": "Đã đánh dấu tập nhạc!",
    "artistBookmarkAddAlert": "Đã đánh dấu nghệ sỹ!",
    "artistBookmarkRemoveAlert": "Đã xóa đánh dấu nghệ sỹ!",
    "albumBookmarkRemoveAlert": "Đã xóa đánh dấu tập nhạc!",
    "goToDownloadPage": "Bấm vào đây để đến trang tải về",
    "username": "Tên đăng nhập",
    "password": "Mật khẩu",
    "playlistBlacklistAlert": "Danh sách phát bị liệt vào danh sách đen!",
    "reset": "Cài lại",
    "blacklistPlstResetAlert": "Cài lại thành công!",
    "resetblacklistedplaylist": "Đặt lại danh sách phát bị liệt vào danh sách đen",
    "unlinkAlert": "Hủy liên kết thành công!",
    "stopMusicOnTaskClearDes": "Quá trình phát nhạc sẽ dừng khi ứng dụng bị xóa khỏi trình quản lý tác vụ",
    "reArrangePlaylist": "Sắp xếp lại danh sách phát",
    "removeMultiple": "Xóa nhiều bài",
    "addMultipleSongs": "Thêm bài hát vào danh sách phát",
    "shareSong": "Chia sẻ bài hát này",
    "cancelTimer": "Hủy hẹn giờ",
    "deleteDownloadData": "Xóa khỏi tải về",
    "systemDefault": "Theo hệ thống",
    "dark": "Tối",
    "language": "Ngôn ngữ",
    "languageDes": "Cài đặt ngôn ngữ ứng dụng",
    "basedOnLast": "Dựa vào tương tác gần nhất",
    "restoreLastPlaybackSession": "Khôi phục lần phát gần nhất",
    "restoreLastPlaybackSessionDes": "Tự khôi phục lần phát gần nhất khi mở ứng dụng",
    "cacheHomeScreenData": "Lưu nội dung màn hình chính và bộ nhớ đệm",
    "customInsSelectMsg": "Vui lòng chọn Phiên bản tùy chỉnh",
    "cacheHomeScreenDataDes": "Bật tính năng lưu nội dung màn hình chính vào bộ nhớ đệm, màn hình chính sẽ hiện thị ngay lập tức khi bật tính năng này",
    "exportDowloadedFiles": "Xuất bài hát đã tải xuống",
    "exportedFileLocation": "Vị trí xuất tệp đã tải về",
    "export": "Xuất",
    "exporting": "Đang xuất...",
    "scanning": "Đang quét...",
    "close": "Đóng",
    "downFilesFound": "bài hát tải về đã được tìm thấy",
    "exportMsg": "Tệp đã được xuất thành công",
    "clearImgCacheAlert": "Xóa hình trong bộ nhớ đệm thành công",
    "songAddedToPlaylistAlert": "Bài hát đã được thêm vào danh sách phát!",
    "playlistCreatedAlert": "Danh sách phát đã được tạo!",
    "playlistBookmarkAddAlert": "Đã đánh dấu danh sách phát!",
    "Piped": "Kết nối Piped",
    "link": "Liên kết",
    "unLink": "Hủy liên kết",
    "hintApiUrl": "URL API tới phiên bản đường ống",
    "customIns": "Phiên bản tùy chỉnh",
    "exportDowloadedFilesDes": "Bấm vào đây để sao chép tệp đã tải về sang thư mục khác",
    "cancelTimerAlert": "Đã hủy hẹn giờ tắt",
    "sleepTimeSetAlert": "Bộ hẹn giờ tắt của bạn đã được đặt",
    "radioNotAvailable": "Radio không có sẵn cho nghệ sĩ này!",
    "playlistBookmarkRemoveAlert": "Đã xóa đánh dấu trang danh sách phát!",
    "disableTransitionAnimation": "Tắt hoạt ảnh chuyển tiếp",
    "disableTransitionAnimationDes": "Bật tùy chọn này để tắt hoạt ảnh chuyển tiếp trang",
    "openIn": "Mở trong",
    "backupSettingsAndPlaylists": "Sao lưu cài đặt và đánh sách phát",
    "backupSettingsAndPlaylistsDes": "Lưu tất cả cài đặt, đánh sách phát, và dữ liệu đăng nhập vào một tệp sao lưu",
    "restoreSettingsAndPlaylists": "Khôi phục cài đặt và đánh sách phát",
    "backFilesFound": "Tìm thấy cơ sở dữ liệu",
    "restoreMsg": "Khôi phục thành công! \nThay đổi sẽ có hiệu lực khi khởi động lại ứng dụng",
    "restoring": "Đang khôi phục...",
    "closeApp": "Đóng ứng dụng",
    "restoreSettingsAndPlaylistsDes": "Khôi phục tất cả cài đặt, dữ liệu đăng nhập và đánh sách phát từ file sao lưu. Ghi đè tất cả dữ liệu hiện tại",
    "backupMsg": "Bản sao lưu được lưu thành công!",
    "restore": "Khôi phục",
    "backupAppData": "Sao lưu dữ liệu ứng dụng",
    "letsStrart": "Bắt đầu..",
    "processFiles": "Đang xử lý tập tin...",
    "includeDownloadedFiles": "Bao gồm các bài hát đã tải về",
    "backupInProgress": "Đang sao lưu...",
    "restoreAppData": "Khôi phục dữ liệu ứng dụng",
    "restartApp": "Khởi động lại ứng dụng",
    "backup": "Sao lưu",
    "androidBackupWarning": "Chưa thử nghiệm: Chọn hộp kiểm sau khi tải xuống hơn 60 tệp, quá trình này có thể tiêu tốn một lượng lớn bộ nhớ và có thể khiến điện thoại hoặc ứng dụng bị sập. Tiến hành theo rủi ro của riêng bạn.",
    "appInfo": "Thông Tin Ứng Dụng",
    "download": "Tải về",
    "downloadError2": "Bài hát bạn yêu cầu không thể tải xuống được vì giới hạn của máy chủ. Bạn có thể thử lại",
    "downloadError3": "Tải xuống thất bại do lỗi mạng/truyền phát. Vui lòng thử lại",
    "content": "Nội dung",
    "loudnessNormalization": "Cân bằng âm lượng",
    "urlSearchDes": "Nhấn vào liên kết được phát hiện để mở nội dung",
    "songInfo": "Thông tin bài hát",
    "bitrate": "Thông số bit",
    "queueShufflingDeniedMsg": "Không thể xáo trộn ngẫu nhiên hàng đợi khi chế độ ngẫu nhiên được bật",
    "queuerearrangingDeniedMsg": "Không thể sắp xếp lại hàng đợi khi chế độ ngẫu nhiên được bật",
    "id": "Khoá",
    "title": "Tiêu đề",
    "songNotPlayable": "Bài hát không thể phát vì giới hạn của máy chủ!",
    "networkError": "Lỗi mạng! Kiểm tra kết nối mạng của bạn.",
    "personalisation": "Cá nhân hoá",
    "music&Playback": "Âm nhạc & Phát nhạc",
    "loudnessNormalizationDes": "Cài đặt cùng một mức độ lớn cho tất cả bài hát (Thử nghiệm) (Không hoạt động đối với các bài hát đã tải về trong phiên bản trước (< v1.10.0))",
    "duration": "Thời gian bài hát",
    "audioCodec": "Mã hoá tiếng",
    "loudnessDb": "Độ ồn Db",
    "playerUi": "Giao diện phát nhạc",
    "playerUiDes": "Chọn giao diện phát nhạc",
    "standard": "Tiêu Chuẩn",
    "gesture": "Cử chỉ",
    "shuffleQueue": "Xáo trộn hàng đợi",
    "queueLoop": "Lặp lại hàng đợi",
    "enableSlidableAction": "Bật hành động trượt",
    "playnextMsg": "Tiếp theo",
    "queueLoopNotDisMsg1": "Không thể tắt lặp lại hàng đợi khi chế độ ngẫu nhiên được bật.",
    "queueLoopNotDisMsg2": "Không thể bật lặp lại hàng đợi trong chế độ đài phát.",
    "enableSlidableActionDes": "Bật chế độ trượt trên tiêu đề bài hát",
    "autoDownFavSongDes": "Tự động tải xuống bài hát khi được thêm vào danh sách yêu thích",
    "autoDownFavSong": "Tự động tải xuống những bài hát được thích",
    "misc": "Khác",
    "resetToDefault": "Khôi phục cài đặt mặc định",
    "resetToDefaultDes": "Khôi phục cài đặt ứng dụng về mặc định ( cần khởi động lại ứng dụng)",
    "resetToDefaultMsg": "Hoàn tất khôi phục cài đặt ứng dụng về mặc định, vui lòng khởi động lại ứng dụng",
    "album": "Tập nhạc",
    "playingfromAlbum": "Phát từ tập nhạc",
    "playingfromPlaylist": "Phát từ danh sách phát",
    "playingfromSelection": "Phát từ danh sách chọn",
    "playingfromArtist": "Phát theo nghệ sỹ",
    "randomSelection": "Chọn ngẫu nhiên",
    "randomRadio": "Đài phát ngẫu nhiên",
    "autoOpenPlayer": "Tự động mở màn hình phát nhạc",
    "autoOpenPlayerDes": "Bật/Tắt chức năng tự động mở màn hình phát nhạc sau khi chọn bài hát",
    "selectSongs": "Chọn bài hát",
    "reArrangeSongs": "Sắp xếp lại bài hát",
    "selectAll": "Chọn tất cả",
    "playlistExportedMsg": "Danh sách phát đã được xuất thành công đến",
    "invalidPlaylistFile": "Cấu trúc tệp danh sách phát không hợp lệ",
    "exportPlaylist": "Xuất danh sách phát",
    "exportingPlaylist": "Đang xuất danh sách phát...",
    "exportError": "Lỗi khi xuất danh sách phát",
    "exportErrorPermission": "Quyền bị từ chối khi xuất",
    "exportErrorStorage": "Không đủ bộ nhớ",
    "exportErrorFormat": "Lỗi định dạng dữ liệu danh sách phát",
    "importPlaylist": "Nhập danh sách phát",
    "importingPlaylist": "Đang nhập danh sách phát...",
    "importPlaylistDesc": "Chọn một tệp JSON danh sách phát đã xuất để nhập",
    "selectFile": "Chọn tệp",
    "playlistImportedMsg": "Danh sách phát được nhập thành công",
    "importError": "Lỗi khi nhập danh sách phát",
    "importErrorFileAccess": "Không thể truy cập tệp đã chọn",
    "importErrorFormat": "Định dạng tệp không hợp lệ",
    "importErrorDatabase": "Lỗi khi lưu vào cơ sở dữ liệu",
    "fileNotFound": "Không tìm thấy tệp",
    "importLargeFileNote": "Lưu ý: Danh sách phát lớn có thể tốn nhiều thời gian hơn để nhập"
}
