{
    "createnAdd": "建立並新增",
    "cachedOrOffline": "快取/離線",
    "CreateNewPlaylist": "建立新的播放清單",
    "cancel": "取消",
    "create": "建立",
    "rename": "重新命名",
    "home": "首頁",
    "songs": "歌曲",
    "playlists": "撥放清單",
    "albums": "專輯",
    "singles": "單曲",
    "artists": "藝人",
    "settings": "設定",
    "emptyPlaylist": "撥放清單是空的！",
    "renamePlaylist": "重新命名播放清單",
    "removePlaylist": "移除撥放清單",
    "reArrangePlaylist": "重新排列播放清單",
    "removeMultiple": "刪除多首歌曲",
    "addMultipleSongs": "增加歌曲到播放清單",
    "favorites": "我的最愛",
    "startRadio": "開啟收音機",
    "addToPlaylist": "新增至播放清單",
    "downloads": "下載",
    "communityplaylists": "社群播放清單",
    "libSongs": "資料庫中的歌曲",
    "ignoreBatOptDes": "如果您遇到通知問題或播放因系統最佳化而停止，請啟用此選項",
    "backgroundPlayDes": "開啟/關閉背景音樂播放（當應用程式在背景執行時，可以從系統匣存取應用程式）",
    "customInsSelectMsg": "請選擇自訂實例",
    "playlistBlacklistAlert": "播放清單已被列入黑名單！",
    "dark": "深色",
    "searchRes": "搜尋結果",
    "plain": "普通",
    "search": "搜尋",
    "library": "資料庫",
    "featuredplaylists": "精選播放清單",
    "items": "項目",
    "networkError1": "歐歐~網路錯誤！",
    "noOfflineSong": "沒有可離線存取的音樂！",
    "recentlyPlayed": "最近播放",
    "enqueueAll": "將全部新增至佇列",
    "noBookmarks": "沒有收藏！",
    "playNext": "播放下一首",
    "libArtists": "資料庫中的藝人",
    "libAlbums": "資料庫中的專輯",
    "libPlaylists": "資料庫中的播放清單",
    "noLibPlaylist": "您目前沒有任何播放清單！",
    "enqueueSong": "將這首歌加入播放佇列",
    "goToAlbum": "前往專輯",
    "viewArtist": "檢視藝人",
    "openIn": "在...中開啟",
    "shareSong": "分享這首歌",
    "removeFromPlaylist": "從播放清單移除",
    "queueShufflingDeniedMsg": "當隨機播放模式已啟用時，無法打亂播放佇列",
    "queuerearrangingDeniedMsg": "當隨機播放模式已啟用時，無法重新排列播放佇列",
    "songNotPlayable": "由於伺服器限制，這首歌無法播放！",
    "upNext": "接下來播放",
    "playnextMsg": "下一首",
    "shuffleQueue": "打亂播放佇列",
    "queueLoop": "播放佇列循環",
    "queueLoopNotDisMsg2": "在收音機模式下，無法啟用播放佇列循環模式。",
    "removeFromLib": "從資料庫中移除歌曲",
    "sleepTimer": "睡眠計時器",
    "cancelTimer": "取消計時器",
    "add5Minutes": "延長 5 分鐘",
    "deleteDownloadData": "從「下載」中移除",
    "minutes": "分鐘",
    "endOfThisSong": "這首歌的結尾",
    "appInfo": "應用程式資訊",
    "download": "下載",
    "autoDownFavSong": "自動下載最愛歌曲",
    "autoDownFavSongDes": "將歌曲加入最愛時，自動下載最愛歌曲",
    "networkError": "網路錯誤！請檢查您的網路連線。",
    "downloadError2": "由於伺服器限制，請求的歌曲無法下載。您可以再試一次",
    "language": "語言",
    "playerUi": "播放器介面",
    "playerUiDes": "選擇播放器介面",
    "restoreLastPlaybackSession": "恢復上次的播放",
    "restoreLastPlaybackSessionDes": "在應用程式啟動時，自動延續上次的播放內容",
    "homeContentCountDes": "選擇初始首頁內容的數量（大約）。較少的結果可以加快載入速度",
    "homeContentCount": "首頁內容數量",
    "enableBottomNavDes": "切換到底部導航列",
    "cacheSongs": "快取歌曲",
    "cacheSongsDes": "在播放歌曲時進行快取以供未來或離線播放，這將佔用您設備的額外空間",
    "loudnessNormalization": "音量標準化",
    "loudnessNormalizationDes": "將所有歌曲調整成相同的音量（實驗性功能，不適用於在舊版本（< v1.10.0）下載的歌曲）",
    "exportDowloadedFilesDes": "點擊這裡將已下載的檔案從應用程式匯出至外部目錄",
    "exportDowloadedFiles": "匯出已下載的檔案",
    "exportMsg": "檔案順利匯出",
    "equalizer": "等化器",
    "equalizerDes": "開啟系統等化器",
    "close": "關閉",
    "clearImgCacheAlert": "圖片快取已清除成功",
    "clearImgCache": "清除圖片快取",
    "ignoreBatOpt": "忽略電池最佳化",
    "clearImgCacheDes": "按一下此處清除快取的縮圖/圖片。 （不推薦，除非想要更新快取的圖片資料）",
    "disabled": "停用",
    "github": "GitHub",
    "status": "狀態",
    "enabled": "啟用",
    "videos": "影片",
    "viewAll": "檢視全部",
    "results": "結果",
    "nomatch": "未找到符合以下搜尋內容的結果",
    "for1": "為",
    "subscribers": "訂閱者",
    "synced": "已同步",
    "songInfo": "歌曲資訊",
    "id": "ID",
    "title": "標題",
    "duration": "長度",
    "songRemovedfromQueueCurrSong": "您無法刪除目前正在播放的歌曲",
    "songAddedToPlaylistAlert": "歌曲已新增至播放清單！",
    "playlistCreatedAlert": "已建立播放清單！",
    "playlistCreatednsongAddedAlert": "播放清單已建立，歌曲也已經加入！",
    "pipedplstSyncAlert": "已同步Piped播放清單！",
    "songEnqueueAlert": "歌曲已加入佇列！",
    "songRemovedAlert": "已刪除自",
    "playlistBookmarkAddAlert": "播放清單已加入收藏！",
    "playlistBookmarkRemoveAlert": "播放清單已從收藏中移除！",
    "playlistRemovedAlert": "播放清單已刪除！",
    "albumBookmarkRemoveAlert": "專輯已從收藏中移除！",
    "artistBookmarkAddAlert": "藝人已加入收藏！",
    "albumBookmarkAddAlert": "專輯已加入收藏！",
    "syncedLyricsNotAvailable": "暫無同步歌詞！",
    "artistBookmarkRemoveAlert": "藝人已從收藏中移除！",
    "lyricsNotAvailable": "暫無歌詞！",
    "local": "本機",
    "linkPipedDes": "連結Piped以管理播放清單",
    "selectAuthIns": "選擇認證實例",
    "resetblacklistedplaylist": "重設加入黑名單的播放清單",
    "resetblacklistedplaylistDes": "重設所有被Piped列入黑名單的播放清單",
    "blacklistPlstResetAlert": "重設成功！",
    "stopMusicOnTaskClearDes": "應用程式在任務管理員中被滑掉後，音樂將會停止播放",
    "letsStrart": "讓我們開始吧...",
    "processFiles": "檔案處理中...",
    "backFilesFound": "找到資料庫",
    "backupMsg": "成功儲存備份！",
    "misc": "其他選項",
    "downloadError3": "由於網路/串流錯誤，下載失敗！請再試一次",
    "music&Playback": "音樂&播放",
    "content": "內容",
    "personalisation": "個人化",
    "themeMode": "主題",
    "dynamic": "動態",
    "systemDefault": "系統預設",
    "light": "淺色",
    "standard": "標準",
    "gesture": "手勢",
    "languageDes": "設定應用程式語言",
    "setDiscoverContent": "設定探索頁面內容",
    "quickpicks": "快速選擇",
    "discover": "探索",
    "trending": "熱門趨勢",
    "topmusicvideos": "熱門音樂影片",
    "basedOnLast": "根據上次互動",
    "enableBottomNav": "底部導航列",
    "skipSilence": "跳過靜音部分",
    "skipSilenceDes": "在音樂播放時，靜音部分將被跳過",
    "streamingQuality": "串流品質",
    "streamingQualityDes": "音樂串流時的品質",
    "disableTransitionAnimation": "關閉過渡動畫",
    "disableTransitionAnimationDes": "啟用此選項以關閉分頁過渡時的動畫",
    "enableSlidableAction": "啟用滑動動作",
    "high": "高",
    "low": "低",
    "backgroundPlay": "背景音樂播放",
    "downloadLocation": "下載位置",
    "cacheHomeScreenData": "快取首頁內容資料",
    "cacheHomeScreenDataDes": "開啟首頁內容資料快取，若啟用此選項，首頁將立即加載",
    "downloadingFormat": "下載檔案格式",
    "downloadingFormatDes": "選擇下載的檔案格式。「Opus」將提供最佳品質",
    "exportedFileLocation": "已下載檔案的匯出位置",
    "export": "匯出",
    "exporting": "正在匯出…",
    "scanning": "掃描中...",
    "downFilesFound": "找到已下載的檔案",
    "resetToDefault": "還原預設值",
    "resetToDefaultDes": "將應用程式設定重設為預設值 （需要重新啟動）",
    "resetToDefaultMsg": "已重設為預設值，請重新啟動應用程式",
    "github": "🎵 獻給特別的你 🌟",
"githubDes": "RhyThm 應用程式誕生於一個充滿情感的時刻。如果當時你沒有生氣，這個創作或許永遠不會存在。\n\n有時候，最意想不到的情緒會創造出最美麗的事物。💫\n\n感謝你成為這一切背後的無聲靈感。❤️\n\n如果你喜歡這個專案，別忘了在 GitHub 上給我們一顆⭐。",
    "searchDes": "歌曲、播放清單、專輯或藝人",
    "audioCodec": "音訊轉碼器",
    "bitrate": "位元率",
    "loudnessDb": "響度（分貝）",
    "deleteDownloadedDataAlert": "已成功從下載中刪除！",
    "cancelTimerAlert": "睡眠計時器已取消",
    "sleepTimeSetAlert": "您的睡眠計時器已設定",
    "radioNotAvailable": "收音機不適用於此藝人！",
    "songRemovedfromQueue": "已從播放佇列中刪除！",
    "songAlreadyExists": "歌曲已經在這裡了！",
    "songAlreadyOfflineAlert": "歌曲已經儲存在離線快取中",
    "playlistRenameAlert": "重新命名成功！",
    "artistDesNotAvailable": "暫無描述！",
    "newVersionAvailable": "新版本已發布！",
    "dontShowInfoAgain": "不再顯示此資訊",
    "dismiss": "忽略",
    "notaSongVideo": "這不是歌曲或MV！",
    "notaValidLink": "連結無效！",
    "operationFailed": "操作失敗",
    "goToDownloadPage": "點擊此處進入下載頁面",
    "Piped": "Piped",
    "link": "連接",
    "unLink": "解除連接",
    "selectAuthInsMsg": "請選擇認證實例！",
    "allFieldsReqMsg": "所有欄位皆為必填",
    "username": "用戶名稱",
    "password": "密碼",
    "linkAlert": "成功連接！",
    "unlinkAlert": "成功取消連接！",
    "reset": "重設",
    "stopMusicOnTaskClear": "清除背景任務時停止播放音樂",
    "backupAppData": "備份應用程式資料",
    "androidBackupWarning": "尚未測試：下載超過 60 個檔案後點選核取方塊可能會消耗大量記憶體，並可能導致手機或應用程式當機。請自行評估風險後進行。",
    "backupSettingsAndPlaylistsDes": "將所有設定、播放清單和登入資料儲存至備份檔案中",
    "backup": "備份",
    "includeDownloadedFiles": "包含已下載的歌曲檔案",
    "backupInProgress": "備份中...",
    "restoreAppData": "還原應用程式資料",
    "restoreSettingsAndPlaylistsDes": "從備份檔案還原所有設定、登入資訊和播放清單。將覆蓋所有目前的資料",
    "restoreMsg": "成功還原！\n變更將在重新啟動後產生",
    "restoring": "還原中...",
    "restore": "還原",
    "enableSlidableActionDes": "在歌曲區塊上啟用滑動動作",
    "by": "開發者",
    "about": "關於",
    "errorOccuredAlert": "發生一些錯誤！",
    "closeApp": "關閉程式",
    "restartApp": "重新啟動程式",
    "retry": "請重試！",
    "removeFromQueue": "從播放佇列中移除",
    "queueLoopNotDisMsg1": "當隨機播放模式啟用時，無法關閉播放佇列循環模式。",
    "urlSearchDes": "已檢測到網址，按一下即可開啟/播放相關內容",
    "hintApiUrl": "Piped 實例的 API URL",
    "customIns": "自訂實例",
    "playingfromArtist": "從藝人撥放",
    "album": "專輯",
    "playingfromAlbum": "從專輯撥放",
    "playingfromPlaylist": "從播放清單撥放",
    "playingfromSelection": "從精選撥放",
    "randomSelection": "隨機選擇",
    "randomRadio": "隨機廣播",
    "autoOpenPlayer": "自動開啟播放器螢幕",
    "autoOpenPlayerDes": "啟用/停用在選擇要播放的歌曲時自動全螢幕開啟播放器",
    "selectAll": "全選",
    "importError": "匯入播放清單時發生錯誤",
    "reArrangeSongs": "重新排列歌曲",
    "selectSongs": "選擇歌曲",
    "importErrorFileAccess": "無法存取播放清單",
    "exportPlaylist": "輸出播放清單",
    "exportingPlaylist": "正在輸出播放清單……",
    "playlistExportedMsg": "播放清單成功輸出至",
    "exportError": "輸出播放清單時發生錯誤",
    "exportErrorPermission": "匯出時權限被拒絕",
    "exportErrorStorage": "儲存空間不足",
    "exportErrorFormat": "格式化播放清單資料時出錯",
    "importPlaylist": "匯入播放清單",
    "importingPlaylist": "正在匯入播放清單……",
    "importPlaylistDesc": "選擇先前匯出的播放清單 JSON 檔案進行匯入",
    "selectFile": "選擇檔案",
    "playlistImportedMsg": "成功匯入播放清單",
    "importErrorFormat": "文件格式無效",
    "invalidPlaylistFile": "播放清單檔案結構無效",
    "importErrorDatabase": "儲存到資料庫時出錯",
    "fileNotFound": "無法找到檔案",
    "importLargeFileNote": "注意：匯入大型播放清單可能需要更長的時間"
}
