{
    "home": "首页",
    "songs": "歌曲",
    "playlists": "播放列表",
    "albums": "专辑",
    "artists": "音乐人",
    "settings": "设置",
    "libSongs": "曲库",
    "libPlaylists": "播放列表库",
    "libAlbums": "专辑库",
    "libArtists": "音乐人库",
    "items": "项目",
    "networkError1": "哎呀，发生了网络错误！",
    "retry": "重试！",
    "recentlyPlayed": "最近播放",
    "favorites": "收藏夹",
    "cachedOrOffline": "已缓存/离线保存",
    "enqueueAll": "全部加入队列",
    "renamePlaylist": "重命名播放列表",
    "removePlaylist": "移除播放列表",
    "create": "新建",
    "createnAdd": "创建并新增",
    "noBookmarks": "没有收藏！",
    "startRadio": "启动电台",
    "playNext": "播放下一曲",
    "addToPlaylist": "添加到播放列表",
    "noLibPlaylist": "没有任何已入库的播放列表！",
    "enqueueSong": "将此曲加入队列",
    "goToAlbum": "去往专辑",
    "viewArtist": "查看音乐人",
    "shareSong": "分享这首歌",
    "removeFromQueue": "从队列移除",
    "removeFromCache": "D. 从因果关系搬出",
    "themeMode": "主题模式",
    "dynamic": "动态",
    "systemDefault": "系统默认",
    "dark": "暗色",
    "light": "亮色",
    "setDiscoverContent": "设置发现页内容",
    "quickPics": "快速培训",
    "discover": "发现",
    "trending": "趋势",
    "topMusicVid": "Top Music Videos",
    "basedOnLast": "基于上次的交互",
    "cacheSongs": "缓存歌曲",
    "cacheSongsDes": "播放时缓存歌曲以便未来或离线时欣赏，会占用设备的额外空间",
    "skipSilence": "跳过无声部分",
    "skipSilenceDes": "音乐中的无声部分会被跳过",
    "streamingQuality": "串流音质",
    "streamingQualityDes": "音乐串流的质量",
    "high": "高音质",
    "low": "低音质",
    "equalizer": "均衡器",
    "equalizerDes": "打开系统均衡器",
    "ignoreBatOpt": "忽略电池优化",
    "ignoreBatOptDes": "如果遇到通知问题或后台播放被系统停止，请启用此选项",
    "status": "状态",
    "enabled": "已启用",
    "disabled": "已禁用",
    "github": "🎵 献给特别的你 🌟",
"githubDes": "RhyThm 应用诞生于一个情感瞬间。如果那时你没有生气，也许这份创作就不会存在。\n\n有时候，最意想不到的情感会创造出最美好的事物。💫\n\n感谢你成为这一切背后的无声灵感。❤️\n\n如果你喜欢这个项目，别忘了在 GitHub 上点个⭐。",
    "by": "由",
    "search": "搜索",
    "searchDes": "歌曲、播放列表、专辑或音乐人",
    "searchRes": "搜索结果",
    "for1": "为",
    "videos": "视频",
    "viewAll": "查看全部",
    "results": "结果",
    "nomatch": "没有发现以下字词的匹配信息",
    "subscribers": "订阅者",
    "about": "关于",
    "radioNotAvailable": "这位音乐人的电台不可用！",
    "songRemovedfromQueue": "已从队列移除！",
    "songRemovedfromQueueCurrSong": "不能移除当前正在播放的歌曲",
    "songAddedToPlaylistAlert": "歌曲已添加到列表！",
    "songAlreadyExists": "这首歌已经存在！",
    "songEnqueueAlert": "已添加歌曲到队列！",
    "songRemovedAlert": "已从中移除",
    "errorOccuredAlert": "出错了！",
    "playlistCreatedAlert": "已创建播放列表！",
    "playlistCreatednsongAddedAlert": "已创建播放列表并添加了歌曲！",
    "playlistRenameAlert": "重命名成功！",
    "playlistRemovedAlert": "已移除播放列表！",
    "playlistBookmarkAddAlert": "已收藏播放列表！",
    "playlistBookmarkRemoveAlert": "已取消收藏播放列表！",
    "albumBookmarkAddAlert": "已收藏专辑！",
    "albumBookmarkRemoveAlert": "已取消收藏专辑！",
    "artistBookmarkAddAlert": "已收藏音乐人！",
    "artistBookmarkRemoveAlert": "已取消收藏音乐人！",
    "lyricsNotAvailable": "歌词不可用！",
    "artistDesNotAvailable": "描述不可用！",
    "newVersionAvailable": "新版本可用！",
    "dontShowInfoAgain": "不要再次显示此信息",
    "dismiss": "忽略",
    "notaSongVideo": "不是歌曲或 MV！",
    "notaValidLink": "不是有效链接！",
    "operationFailed": "操作失败",
    "noOfflineSong": "没有已离线保存的歌曲！",
    "emptyPlaylist": "播放列表是空的！",
    "CreateNewPlaylist": "新建播放列表",
    "cancel": "取消",
    "communityplaylists": "社区播放列表",
    "singles": "单曲",
    "featuredplaylists": "特色播放列表",
    "goToDownloadPage": "点击此处转到下载页面",
    "unlinkAlert": "已成功取消链接！",
    "reset": "重设",
    "unLink": "取消链接",
    "password": "密码",
    "link": "链接",
    "selectAuthIns": "选择认证实例",
    "languageDes": "设置应用语言",
    "stopMusicOnTaskClear": "清除后台任务时停止音乐",
    "customInsSelectMsg": "请选择一个自定义实例",
    "allFieldsReqMsg": "所有的区域均要填写",
    "rename": "重命名",
    "downloads": "下载",
    "removeFromLib": "从曲库移除",
    "downloadingFormat": "下载文件格式",
    "username": "用户名",
    "resetblacklistedplaylist": "重设已拉黑的播放列表",
    "selectAuthInsMsg": "请选择用于身份验证的实例！",
    "customIns": "自定义实例",
    "Piped": "Piped 代理",
    "stopMusicOnTaskClearDes": "音乐后台播放将会在应用被任务管理页划走时停止",
    "topmusicvideos": "热门 MV",
    "local": "本地",
    "linkAlert": "已成功链接！",
    "linkPipedDes": "与 Piped 链接以取得播放列表",
    "blacklistPlstResetAlert": "重设成功！",
    "language": "语言",
    "songAlreadyOfflineAlert": "已离线保存歌曲至缓存中",
    "playlistBlacklistAlert": "已将列表加入黑名单！",
    "resetblacklistedplaylistDes": "重设所有拉黑的 Piped 播放列表",
    "downloadLocation": "下载位置",
    "hintApiUrl": "Piped 实例的 API 地址",
    "downloadingFormatDes": "选择下载所用的文件格式。“Opus”会提供最佳音质",
    "removeFromPlaylist": "从播放列表移除",
    "quickpicks": "歌曲快选",
    "sleepTimer": "睡眠定时器",
    "plain": "普通",
    "library": "音乐库",
    "minutes": "分钟",
    "synced": "已同步",
    "cancelTimerAlert": "睡眠定时器已取消",
    "add5Minutes": "增加 5 分钟",
    "endOfThisSong": "这首歌的末尾",
    "enableBottomNav": "底部导航栏",
    "enableBottomNavDes": "切换到底部导航栏",
    "sleepTimeSetAlert": "你的睡眠定时器已设定",
    "syncedLyricsNotAvailable": "滚动歌词不可用！",
    "pipedplstSyncAlert": "Piped 播放列表已同步！",
    "cancelTimer": "取消定时器",
    "homeContentCount": "首页内容数量",
    "homeContentCountDes": "选择首页初始化时加载的大致内容数量。更少的内容可加快载入速度",
    "deleteDownloadData": "从下载中移除",
    "deleteDownloadedDataAlert": "成功从下载中移除！",
    "backgroundPlayDes": "启用/禁用后台音乐播放（应用在后台运行时可从系统托盘访问）",
    "backgroundPlay": "后台音乐播放",
    "clearImgCacheDes": "点击此处清理已缓存的缩略图和图像。（除非为了刷新缓存图像数据，否则不推荐此操作）",
    "clearImgCache": "清理图像缓存",
    "upNext": "接下来",
    "scanning": "扫描中...",
    "close": "关闭",
    "exporting": "输出中...",
    "downFilesFound": "找到已下载的文件",
    "exportDowloadedFiles": "输出已下载的文件",
    "clearImgCacheAlert": "图像缓存清理成功",
    "exportMsg": "文件已成功輸出",
    "export": "输出",
    "standard": "标准",
    "gesture": "手势",
    "cacheHomeScreenData": "缓存主页内容数据",
    "exportDowloadedFilesDes": "单击此处将下载的文件从 inApp 目录导出到外部目录",
    "restoreSettingsAndPlaylistsDes": "从备份文件恢复所有设置、登录数据和播放列表。覆盖所有当前数据",
    "restoreMsg": "已成功恢复！\n更改将在重启时应用",
    "restoring": "正在恢复...",
    "appInfo": "应用信息",
    "downloadError2": "服务器限制，无法下载所请求的歌曲。请重试",
    "downloadError3": "由于网络/串流错误，下载失败！请重试",
    "music&Playback": "音乐与播放",
    "songInfo": "歌曲信息",
    "urlSearchDes": "检测到 URL 后单击即可打开/播放相关内容",
    "id": "标识",
    "title": "标题",
    "audioCodec": "音频编码",
    "duration": "期间",
    "backupSettingsAndPlaylistsDes": "将所有设置、播放列表和登录数据保存在备份文件中",
    "backupMsg": "备份已成功保存！",
    "queuerearrangingDeniedMsg": "随机播放启用时无法手动重排队列",
    "openIn": "打开于",
    "disableTransitionAnimation": "禁用过渡动画",
    "restartApp": "重启应用",
    "reArrangePlaylist": "重排播放列表",
    "removeMultiple": "移除多首歌曲",
    "addMultipleSongs": "添加到播放列表",
    "songNotPlayable": "由于服务器限制，歌曲无法播放！",
    "queueShufflingDeniedMsg": "随机播放启用时无法随机重排队列",
    "download": "下载",
    "networkError": "网络错误！请检查您的网络连接。",
    "content": "内容",
    "personalisation": "个性化",
    "playerUiDes": "选择播放器用户界面",
    "restoreLastPlaybackSession": "恢复上次播放",
    "restoreLastPlaybackSessionDes": "应用程序启动时自动恢复上次播放",
    "loudnessNormalization": "标准音量",
    "loudnessNormalizationDes": "为所有歌曲设置相同的音量（实验性）（不适用于以前版本（<v1.10.0）下载的歌曲）",
    "disableTransitionAnimationDes": "启用此选项可禁用选项卡过渡动画",
    "playerUi": "用户播放界面",
    "backupAppData": "备份应用数据",
    "backup": "备份",
    "backFilesFound": "查找数据库",
    "queueLoopNotDisMsg1": "启用随机播放模式时，无法禁用队列循环模式。",
    "queueLoop": "队列循环",
    "shuffleQueue": "随机队列",
    "queueLoopNotDisMsg2": "广播模式下无法启用队列循环模式。",
    "playnextMsg": "下一首",
    "enableSlidableAction": "启用可滑动操作",
    "enableSlidableActionDes": "在歌曲板块上启用可滑动操作",
    "cacheHomeScreenDataDes": "启用缓存主页内容数据，如果启用此选项，主页将立即加载",
    "exportedFileLocation": "下载文件的导出位置",
    "bitrate": "比特率",
    "loudnessDb": "音量分贝",
    "androidBackupWarning": "未测试：下载超过 60 个文件后选中复选框，过程可能会消耗大量内存，并可能导致手机或应用程序崩溃。继续操作风险自负。",
    "letsStrart": "让我们开始吧…",
    "processFiles": "正在处理文件…",
    "includeDownloadedFiles": "包含下载的歌曲文件",
    "backupInProgress": "备份正在进行中...",
    "restoreAppData": "恢复应用数据",
    "restore": "恢复",
    "closeApp": "关闭应用",
    "autoDownFavSong": "自动下载收藏的歌曲",
    "autoDownFavSongDes": "当添加到收藏夹时自动下载收藏的歌曲",
    "misc": "其他",
    "resetToDefault": "恢复默认设置",
    "resetToDefaultMsg": "已重置为默认设置，请重启应用程序",
    "resetToDefaultDes": "重置为默认设置（需要重启应用程序）",
    "autoOpenPlayer": "自动打开播放页面",
    "playingfromAlbum": "从专辑播放",
    "playingfromPlaylist": "从歌单播放",
    "randomSelection": "随机选择",
    "randomRadio": "随机电台",
    "album": "专辑",
    "autoOpenPlayerDes": "启用/禁用选择歌曲播放时自动全屏播放器",
    "reArrangeSongs": "重排曲目",
    "selectAll": "全选",
    "selectSongs": "选择曲目",
    "exportPlaylist": "导出播放列表",
    "exportingPlaylist": "导出播放列表中……",
    "playlistExportedMsg": "成功导出播放列表到",
    "exportError": "导出播放列表出错",
    "exportErrorPermission": "导出时权限被拒绝",
    "exportErrorStorage": "存储空间不足",
    "exportErrorFormat": "格式化播放列表数据出错",
    "importPlaylist": "导入播放列表",
    "importingPlaylist": "导入播放列表中……",
    "importPlaylistDesc": "选择一个已导出的播放列表JSON文件进行导入",
    "selectFile": "选择文件",
    "playlistImportedMsg": "播放列表导入成功",
    "importError": "播放列表导入出错",
    "importErrorFormat": "无效的文件格式",
    "importErrorDatabase": "保存到数据库时出错",
    "fileNotFound": "文件不存在",
    "importLargeFileNote": "注意：如果当前导入的播放列表包含内容较多，可能需要更长的时间"
}
